WEEK,CITY,SPOC,ORDERS_TOTAL,IGCC,inc_%
9,Noida 1,WH,10877,3,0.0003
9,Kolkata,Sourcing,18917,1,0.0001
9,Mangaluru,Sourcing,3341,1,0.0003
9,Ujjain,Sourcing,420,1,0.0024
9,Warangal,Pod,1328,15,0.0113
9,Rajahmundry,Sourcing,564,1,0.0018
9,Jalandhar,Pod,361,1,0.0028
9,Noida,WH,3711,2,0.0005
9,Kollam,Sourcing,1522,1,0.0007
9,Mumbai,Sourcing,66888,37,0.0006
9,Aligarh,Pod,182,2,0.011
9,Kolhapur,Pod,323,2,0.0062
9,Delhi,CX,29995,76,0.0025
9,Vizag,CX,3123,7,0.0022
9,Pune,CX,28752,93,0.0032
9,Gurgaon,Sourcing,15572,12,0.0008
9,Noida,Pod,3711,22,0.0059
9,Hyderabad,WH,62077,12,0.0002
9,Pune,Sourcing,28752,13,0.0005
9,Karaikkudi,WH,340,4,0.0118
9,Hyderabad,Sourcing,62077,14,0.0002
9,Patiala,CX,646,3,0.0046
9,Lucknow,Sourcing,3430,1,0.0003
9,Salem,CX,1301,1,0.0008
9,Jhansi,Sourcing,237,1,0.0042
9,Tirupur,Pod,910,1,0.0011
9,Mangaluru,Sourcing,3341,2,0.0006
9,Thiruvananthapuram,WH,7384,1,0.0001
9,Lonavla,CX,117,1,0.0085
9,Raipur,CX,718,1,0.0014
9,Latur,Pod,146,1,0.0068
9,Jaipur,CX,3924,17,0.0043
9,Indore,Sourcing,2094,2,0.001
9,Kurnool,Pod,839,1,0.0012
9,Manipal,Sourcing,1382,1,0.0007
9,Cuttack,WH,473,1,0.0021
9,Thoothukudi,Sourcing,777,1,0.0013
9,Aligarh,Sourcing,182,1,0.0055
9,Pondicherry,Pod,2064,1,0.0005
9,Patiala,Pod,646,4,0.0062
9,Hubli,Pod,527,3,0.0057
9,Bangalore,Pod,105648,449,0.0043
9,Amravati,Pod,242,3,0.0124
9,Nashik,Pod,1160,8,0.0069
9,Madurai,CX,1397,4,0.0029
9,Indore,Pod,2094,11,0.0053
9,Mangaluru,Pod,3341,9,0.0027
9,Vijayawada,Sourcing,3049,4,0.0013
9,Faridabad,Sourcing,2714,7,0.0026
9,Pondicherry,Pod,2064,6,0.0029
9,Gurgaon,WH,15572,3,0.0002
9,Vellore,Pod,1129,2,0.0018
9,Cuttack,CX,473,1,0.0021
9,Karaikkudi,Pod,340,2,0.0059
9,Bhubaneswar,Sourcing,4419,1,0.0002
9,Kanchipuram,CX,596,1,0.0017
9,Manipal,Sourcing,1382,2,0.0014
9,Panipat,Pod,686,2,0.0029
9,Nizamabad,CX,83,1,0.012
9,Khammam,Pod,853,5,0.0059
9,Kanpur,Sourcing,848,2,0.0024
9,Thiruvallur,Pod,464,3,0.0065
9,Chandigarh,Sourcing,7431,15,0.002
9,Thrissur,Pod,3545,6,0.0017
9,Kochi,Pod,15667,4,0.0003
9,Delhi,Sourcing,29995,6,0.0002
9,Agra,Sourcing,408,1,0.0025
9,Gwalior,Sourcing,709,1,0.0014
9,Jamshedpur,Pod,800,2,0.0025
9,Bangalore,Sourcing,105648,77,0.0007
9,Mumbai,Sourcing,66888,77,0.0012
9,Mumbai,WH,66888,17,0.0003
9,Varanasi,Sourcing,951,2,0.0021
9,Central Goa,Sourcing,5440,2,0.0004
9,Chennai,WH,47945,13,0.0003
9,Agra,Pod,408,2,0.0049
9,Ahmedabad,Pod,7274,6,0.0008
9,Kurnool,CX,839,3,0.0036
9,Lonavla,Sourcing,117,1,0.0085
9,Noida,Sourcing,3711,3,0.0008
9,Chandigarh,WH,7431,1,0.0001
9,Ujjain,CX,420,1,0.0024
9,Hyderabad,Pod,62077,1,0
9,Allahabad,Pod,150,1,0.0067
9,Nagpur,Sourcing,1184,1,0.0008
9,Nagpur,Pod,1184,1,0.0008
9,Latur,Sourcing,146,1,0.0068
9,Moradabad,Pod,396,1,0.0025
9,Agra,CX,408,1,0.0025
9,Faridabad,WH,2714,1,0.0004
9,Surat,Pod,1640,10,0.0061
9,Kolkata,Pod,18917,3,0.0002
9,Aurangabad,Pod,448,2,0.0045
9,Bangalore,WH,105648,29,0.0003
9,Faridabad,CX,2714,10,0.0037
9,Ahmedabad,CX,7274,33,0.0045
9,Bangalore,Sourcing,105648,22,0.0002
9,Bareilly,Pod,399,4,0.01
9,Panipat,CX,686,2,0.0029
9,Jodhpur,Pod,300,1,0.0033
9,Ludhiana,WH,1486,1,0.0007
9,Belgaum,Sourcing,653,1,0.0015
9,Amritsar,Sourcing,527,2,0.0038
9,Mysore,WH,3562,1,0.0003
9,Mysore,WH,3562,2,0.0006
9,Raipur,Sourcing,718,1,0.0014
9,Dehradun,WH,2095,1,0.0005
9,Mathura,Pod,183,1,0.0055
9,Guwahati,Pod,1089,1,0.0009
9,Gorakhpur,Pod,214,2,0.0093
9,Ajmer,CX,250,1,0.004
9,Tirunelveli,Pod,886,2,0.0023
9,Aligarh,Pod,182,1,0.0055
9,Kolkata,Pod,18917,34,0.0018
9,Madurai,Pod,1397,9,0.0064
9,Delhi,Pod,29995,149,0.005
9,Ahmedabad,Pod,7274,62,0.0085
9,Gurgaon,CX,15572,34,0.0022
9,Noida,Sourcing,3711,5,0.0013
9,Kochi,Sourcing,15667,4,0.0003
9,Kurnool,Pod,839,10,0.0119
9,Ambala,Pod,364,3,0.0082
9,Panipat,Pod,686,6,0.0087
9,Bhubaneswar,Pod,4419,15,0.0034
9,Thiruvananthapuram,Pod,7384,5,0.0007
9,Jaipur,Sourcing,3924,4,0.001
9,Khammam,WH,853,1,0.0012
9,Varanasi,Sourcing,951,1,0.0011
9,Chennai,Pod,47945,3,0.0001
9,Thanjavur,CX,857,1,0.0012
9,Bhopal,Sourcing,1269,1,0.0008
9,Amritsar,Pod,527,1,0.0019
9,Patiala,Pod,646,1,0.0015
9,Nagercoil,Pod,553,3,0.0054
9,Bhopal,Pod,1269,9,0.0071
9,Ahmedabad,Sourcing,7274,11,0.0015
9,Chandigarh,Sourcing,7431,6,0.0008
9,Pune,WH,28752,7,0.0002
9,Bhubaneswar,Sourcing,4419,1,0.0002
9,Thiruvananthapuram,WH,7384,1,0.0001
9,Hyderabad,CX,62077,181,0.0029
9,Pune,Sourcing,28752,13,0.0005
9,Hyderabad,Sourcing,62077,7,0.0001
9,Anantapur,Pod,602,2,0.0033
9,Kakinada,WH,612,1,0.0016
9,Thiruvalla,Pod,690,2,0.0029
9,Rudrapur,CX,211,1,0.0047
9,Karaikkudi,Pod,340,1,0.0029
9,Noida 1,Sourcing,10877,3,0.0003
9,Kurnool,WH,839,1,0.0012
9,Amritsar,Pod,527,2,0.0038
9,Karnal,CX,174,1,0.0057
9,Karnal,Sourcing,174,1,0.0057
9,Rohtak,Sourcing,437,1,0.0023
9,Shivamogga,Pod,585,2,0.0034
9,Dibrugarh,CX,425,6,0.0141
9,Lucknow,Sourcing,3430,1,0.0003
9,Trichy,Sourcing,1383,1,0.0007
9,Thanjavur,Sourcing,857,1,0.0012
9,Chennai,CX,47945,155,0.0032
9,Gurgaon,Sourcing,15572,45,0.0029
9,Central Goa,Pod,5440,22,0.004
9,Bangalore,CX,105648,253,0.0024
9,Noida 1,Pod,10877,48,0.0044
9,Delhi,Sourcing,29995,46,0.0015
9,Vizag,Sourcing,3123,5,0.0016
9,Jaipur,Sourcing,3924,6,0.0015
9,Chennai,Sourcing,47945,15,0.0003
9,Kozhikode,Sourcing,2259,2,0.0009
9,Sri Ganganagar,Pod,485,5,0.0103
9,Mangaluru,Sourcing,3341,3,0.0009
9,Bhubaneswar,Sourcing,4419,2,0.0005
9,Khammam,Sourcing,853,1,0.0012
9,Tirupati,WH,1937,1,0.0005
9,Patna,CX,3054,8,0.0026
9,Warangal,Sourcing,1328,3,0.0023
9,Thrissur,Sourcing,3545,1,0.0003
9,Kannur,Pod,363,1,0.0028
9,Varanasi,Pod,951,2,0.0021
9,Rajahmundry,Pod,564,1,0.0018
9,Bikaner,Pod,159,4,0.0252
9,Chennai,Pod,47945,328,0.0068
9,Bhubaneswar,CX,4419,4,0.0009
9,Coimbatore,CX,5090,9,0.0018
9,Vijayawada,Pod,3049,13,0.0043
9,Indore,Pod,2094,5,0.0024
9,Pune,Sourcing,28752,9,0.0003
9,Kolkata,Sourcing,18917,8,0.0004
9,Faridabad,Sourcing,2714,5,0.0018
9,Guntur,Pod,1694,6,0.0035
9,Mysore,Sourcing,3562,1,0.0003
9,Karimnagar,Sourcing,485,1,0.0021
9,Sri Ganganagar,CX,485,1,0.0021
9,Kurnool,Sourcing,839,2,0.0024
9,Pune,Pod,28752,1,0
9,Thiruvallur,CX,464,1,0.0022
9,Rudrapur,Sourcing,211,2,0.0095
9,Jaipur,WH,3924,3,0.0008
9,Vizianagaram,Sourcing,125,1,0.008
9,Vijayawada,WH,3049,2,0.0007
9,Gurgaon,Pod,15572,3,0.0002
9,Bangalore,Sourcing,105648,68,0.0006
9,Surat,WH,1640,2,0.0012
9,Delhi,Pod,29995,5,0.0002
9,Noida 1,CX,10877,23,0.0021
9,Noida 1,Sourcing,10877,17,0.0016
9,Thanjavur,Pod,857,2,0.0023
9,Manipal,Pod,1382,7,0.0051
9,Manipal,CX,1382,4,0.0029
9,Hyderabad,Sourcing,62077,22,0.0004
9,Hyderabad,Pod,62077,11,0.0002
9,Bathinda,Sourcing,196,1,0.0051
9,Nanded,Pod,113,1,0.0089
9,Mumbai,CX,66888,173,0.0026
9,Bhopal,Sourcing,1269,4,0.0032
9,Chennai,Pod,47945,4,0.0001
9,Raipur,Pod,718,8,0.0111
9,Palakkad,Sourcing,528,1,0.0019
9,Dehradun,Sourcing,2095,1,0.0005
9,Belgaum,Pod,653,1,0.0015
9,Vellore,CX,1129,1,0.0009
9,Faridabad,Pod,2714,21,0.0077
9,Ajmer,Pod,250,2,0.008
9,Surat,Sourcing,1640,3,0.0018
9,Varanasi,CX,951,1,0.0011
9,Kolkata,Pod,18917,40,0.0021
9,Mysore,Sourcing,3562,3,0.0008
9,Noida,Pod,3711,11,0.003
9,Rohtak,CX,437,3,0.0069
9,Indore,Sourcing,2094,3,0.0014
9,Chandigarh,Pod,7431,7,0.0009
9,Davanagere,Sourcing,268,1,0.0037
9,Agra,Sourcing,408,1,0.0025
9,Ahmedabad,Sourcing,7274,2,0.0003
9,Ranchi,CX,1184,1,0.0008
9,Warangal,Pod,1328,2,0.0015
9,Salem,WH,1301,1,0.0008
9,Hubli,Pod,527,1,0.0019
9,Siliguri,Pod,356,2,0.0056
9,Varanasi,Sourcing,951,1,0.0011
9,Vadodara,CX,1456,1,0.0007
9,Jaipur,WH,3924,3,0.0008
9,Mumbai,WH,66888,19,0.0003
9,Bangalore,WH,105648,25,0.0002
9,Mumbai,Pod,66888,353,0.0053
9,Delhi,Pod,29995,68,0.0023
9,Jaipur,Pod,3924,34,0.0087
9,Vizag,Pod,3123,10,0.0032
9,Vijayawada,CX,3049,4,0.0013
9,Coimbatore,Pod,5090,3,0.0006
9,Delhi,WH,29995,5,0.0002
9,Thiruvananthapuram,Sourcing,7384,3,0.0004
9,Guntur,Sourcing,1694,1,0.0006
9,Vizag,Pod,3123,3,0.001
9,Chennai,Sourcing,47945,13,0.0003
9,Shivamogga,Pod,585,1,0.0017
9,Mumbai,Pod,66888,2,0
9,Ambala,WH,364,1,0.0027
9,Jabalpur,Sourcing,536,1,0.0019
9,Vapi,Sourcing,619,1,0.0016
9,Kanpur,Sourcing,848,1,0.0012
9,Kochi,WH,15667,2,0.0001
9,Kozhikode,Pod,2259,5,0.0022
9,Kanpur,Pod,848,3,0.0035
9,Coimbatore,Sourcing,5090,3,0.0006
9,Nizamabad,Pod,83,2,0.0241
9,Coimbatore,Pod,5090,26,0.0051
9,Central Goa,Pod,5440,5,0.0009
9,Trichy,Pod,1383,7,0.0051
9,Madurai,Pod,1397,2,0.0014
9,Ludhiana,Sourcing,1486,4,0.0027
9,Bhopal,CX,1269,5,0.0039
9,Vapi,Pod,619,1,0.0016
9,Jabalpur,Sourcing,536,1,0.0019
9,Hubli,Sourcing,527,2,0.0038
9,Dehradun,Pod,2095,1,0.0005
9,Dehradun,Pod,2095,6,0.0029
9,Siliguri,Pod,356,1,0.0028
9,Guwahati,Pod,1089,1,0.0009
9,Kozhikode,Pod,2259,1,0.0004
9,Aurangabad,CX,448,1,0.0022
9,Kolkata,Sourcing,18917,22,0.0012
9,Salem,Pod,1301,1,0.0008
9,Ahmedabad,WH,7274,1,0.0001
9,Kota,Sourcing,985,1,0.001
9,Thiruvananthapuram,Sourcing,7384,4,0.0005
9,Patna,WH,3054,1,0.0003
9,Hyderabad,Pod,62077,466,0.0075
9,Kochi,Sourcing,15667,16,0.001
9,Thiruvananthapuram,Pod,7384,31,0.0042
9,Chandigarh,CX,7431,25,0.0034
9,Salem,Sourcing,1301,2,0.0015
9,Noida 1,Sourcing,10877,18,0.0017
9,Mysore,CX,3562,8,0.0022
9,Noida,Sourcing,3711,9,0.0024
9,Tirupati,Sourcing,1937,3,0.0015
9,Tirupati,Sourcing,1937,3,0.0015
9,Amravati,CX,242,1,0.0041
9,Lucknow,CX,3430,1,0.0003
9,Mysore,Sourcing,3562,3,0.0008
9,Lucknow,WH,3430,1,0.0003
9,Anantapur,Sourcing,602,1,0.0017
9,Vijayawada,Sourcing,3049,3,0.001
9,Central Goa,Sourcing,5440,7,0.0013
9,Silchar,Sourcing,487,1,0.0021
9,Panipat,Sourcing,686,1,0.0015
9,Kochi,WH,15667,2,0.0001
9,Bikaner,Pod,159,2,0.0126
9,Surat,CX,1640,7,0.0043
9,Guntur,Sourcing,1694,5,0.003
9,Nellore,Pod,781,4,0.0051
9,Gurgaon,Pod,15572,2,0.0001
9,Hyderabad,WH,62077,32,0.0005
9,Mumbai,Sourcing,66888,15,0.0002
9,Thiruvananthapuram,CX,7384,7,0.0009
9,Rudrapur,Pod,211,1,0.0047
9,Kollam,CX,1522,1,0.0007
9,Noida,WH,3711,2,0.0005
9,Trichy,WH,1383,1,0.0007
9,Gurgaon,Sourcing,15572,3,0.0002
9,Indore,Sourcing,2094,3,0.0014
9,Jodhpur,Pod,300,2,0.0067
9,Thrissur,Sourcing,3545,1,0.0003
9,Surat,Sourcing,1640,1,0.0006
9,Vadodara,Sourcing,1456,1,0.0007
9,Jamshedpur,WH,800,1,0.0013
9,Saharanpur,Pod,91,1,0.011
9,Tirupur,Sourcing,910,1,0.0011
9,Bikaner,CX,159,2,0.0126
9,Kolkata,WH,18917,4,0.0002
9,Mumbai,Pod,66888,2,0
9,Noida,Sourcing,3711,1,0.0003
9,Noida 1,WH,10877,1,0.0001
9,Noida 1,Pod,10877,2,0.0002
9,Nagpur,Pod,1184,2,0.0017
9,Udaipur,CX,783,3,0.0038
9,Mysore,Pod,3562,1,0.0003
9,Faridabad,Pod,2714,1,0.0004
9,Delhi,Sourcing,29995,64,0.0021
9,Vadodara,Pod,1456,12,0.0082
9,Gurgaon,Pod,15572,4,0.0003
9,Pondicherry,Sourcing,2064,3,0.0015
9,Kollam,Pod,1522,2,0.0013
9,Mangaluru,Pod,3341,2,0.0006
9,Kota,Sourcing,985,1,0.001
9,Gurgaon,Pod,15572,117,0.0075
9,Thanjavur,Sourcing,857,1,0.0012
9,Coimbatore,Sourcing,5090,1,0.0002
9,Ambala,Sourcing,364,1,0.0027
9,Rajkot,Sourcing,552,1,0.0018
9,Ujjain,Pod,420,2,0.0048
9,Nagercoil,Sourcing,553,1,0.0018
9,Anantapur,Sourcing,602,2,0.0033
9,Delhi,WH,29995,6,0.0002
9,Kota,CX,985,6,0.0061
9,Hyderabad,Pod,62077,5,0.0001
9,Anand,Pod,178,2,0.0112
9,Kochi,Sourcing,15667,5,0.0003
9,Kakinada,Pod,612,2,0.0033
9,Jaipur,Sourcing,3924,2,0.0005
9,Kota,Sourcing,985,3,0.003
9,Vijayawada,WH,3049,1,0.0003
9,Khammam,CX,853,1,0.0012
9,Chennai,Sourcing,47945,48,0.001
9,Roorkee,Pod,272,2,0.0074
9,Kanchipuram,Pod,596,1,0.0017
9,Jamshedpur,Sourcing,800,2,0.0025
9,Thiruvananthapuram,Pod,7384,1,0.0001
9,Thiruvalla,WH,690,1,0.0014
9,Patna,Sourcing,3054,2,0.0007
9,Kolhapur,CX,323,2,0.0062
9,Warangal,Sourcing,1328,2,0.0015
9,Palakkad,CX,528,1,0.0019
9,Patiala,Pod,646,1,0.0015
9,Bangalore,Sourcing,105648,163,0.0015
9,Kochi,Pod,15667,58,0.0037
9,Vizag,Sourcing,3123,4,0.0013
9,Varanasi,Pod,951,5,0.0053
9,Karimnagar,Pod,485,2,0.0041
9,Pune,Pod,28752,174,0.0061
9,Ludhiana,Pod,1486,15,0.0101
9,Tirupati,Pod,1937,18,0.0093
9,Vadodara,Sourcing,1456,5,0.0034
9,Chandigarh,Sourcing,7431,6,0.0008
9,Noida,CX,3711,14,0.0038
9,Kota,Pod,985,9,0.0091
9,Kochi,CX,15667,20,0.0013
9,Rajkot,Sourcing,552,1,0.0018
9,Karaikkudi,CX,340,1,0.0029
9,Patna,Sourcing,3054,1,0.0003
9,Sonipat,Pod,200,1,0.005
9,Kolkata,WH,18917,2,0.0001
9,Pune,WH,28752,5,0.0002
9,Tirupati,CX,1937,8,0.0041
9,Nagpur,CX,1184,5,0.0042
9,Ranchi,Pod,1184,4,0.0034
9,Chennai,WH,47945,30,0.0006
9,Bangalore,Pod,105648,170,0.0016
9,Guwahati,CX,1089,6,0.0055
9,Bangalore,Pod,105648,15,0.0001
9,Mysore,Pod,3562,10,0.0028
9,Rohtak,Pod,437,6,0.0137
9,Noida 1,Sourcing,10877,20,0.0018
9,Dibrugarh,Pod,425,7,0.0165
9,Kottayam,Pod,903,3,0.0033
9,Nashik,CX,1160,3,0.0026
9,Patna,WH,3054,3,0.001
9,Mumbai,Pod,66888,3,0
9,Tumakuru,Pod,594,2,0.0034
9,Madurai,Sourcing,1397,1,0.0007
9,Jabalpur,Pod,536,1,0.0019
9,Pondicherry,CX,2064,4,0.0019
9,Tirupati,Pod,1937,1,0.0005
9,Bhilai,Pod,132,1,0.0076
9,Amritsar,CX,527,1,0.0019
9,Vijayawada,Sourcing,3049,1,0.0003
9,Tirupati,WH,1937,1,0.0005
9,Kolhapur,Sourcing,323,1,0.0031
9,Delhi,Sourcing,29995,58,0.0019
9,Lucknow,Pod,3430,12,0.0035
9,Vapi,Pod,619,3,0.0048
9,Noida 1,Pod,10877,35,0.0032
9,Shivamogga,CX,585,3,0.0051
9,Central Goa,CX,5440,3,0.0006
9,Udaipur,Pod,783,7,0.0089
9,Gwalior,Pod,709,4,0.0056
9,Kakinada,Sourcing,612,2,0.0033
9,Trichy,Sourcing,1383,2,0.0014
9,Jaipur,Pod,3924,4,0.001
9,Siliguri,CX,356,1,0.0028
9,Vadodara,Pod,1456,1,0.0007
9,Dehradun,Sourcing,2095,1,0.0005
9,Bhubaneswar,WH,4419,1,0.0002
9,Salem,Sourcing,1301,1,0.0008
9,Tirupati,Sourcing,1937,1,0.0005
9,Chandigarh,WH,7431,1,0.0001
9,Ludhiana,CX,1486,4,0.0027
9,Faridabad,Sourcing,2714,4,0.0015
9,Udaipur,Sourcing,783,1,0.0013
9,Silchar,Pod,487,1,0.0021
9,Patna,Sourcing,3054,1,0.0003
9,Manipal,Pod,1382,1,0.0007
9,Ludhiana,Sourcing,1486,1,0.0007
9,Meerut,CX,394,1,0.0025
9,Kolkata,Sourcing,18917,19,0.001
9,Shivamogga,Sourcing,585,2,0.0034
9,Gorakhpur,CX,214,2,0.0093
9,Coimbatore,Sourcing,5090,3,0.0006
9,Gurgaon,WH,15572,8,0.0005
9,Nellore,CX,781,3,0.0038
9,Indore,CX,2094,3,0.0014
9,Karimnagar,Pod,485,1,0.0021
9,Ahmedabad,Sourcing,7274,1,0.0001
9,Salem,Sourcing,1301,1,0.0008
9,Gwalior,CX,709,2,0.0028
9,Karnal,Pod,174,1,0.0057
9,Erode,Pod,556,1,0.0018
9,Karur,CX,478,1,0.0021
9,Lonavla,Pod,117,2,0.0171
9,Jamshedpur,CX,800,1,0.0013
9,Chandigarh,Pod,7431,1,0.0001
9,Khammam,Pod,853,1,0.0012
9,Mangaluru,CX,3341,5,0.0015
9,Rajkot,Pod,552,5,0.0091
9,Patna,Pod,3054,4,0.0013
9,Chandigarh,Pod,7431,56,0.0075
9,Dehradun,CX,2095,7,0.0033
9,Noida 1,Pod,10877,4,0.0004
9,Patna,Pod,3054,17,0.0056
9,Meerut,Pod,394,3,0.0076
9,Kanpur,CX,848,2,0.0024
9,Cuttack,Pod,473,2,0.0042
9,Kanpur,Sourcing,848,1,0.0012
9,Karimnagar,WH,485,1,0.0021
9,Meerut,Sourcing,394,1,0.0025
9,Kurukshetra,Pod,167,3,0.018
9,Guwahati,Pod,1089,15,0.0138
9,Warangal,CX,1328,4,0.003
9,Kolkata,CX,18917,23,0.0012
9,Bathinda,Pod,196,2,0.0102
9,Salem,Pod,1301,5,0.0038
9,Chennai,Pod,47945,7,0.0001
10,Bhopal,Pod,8499,1,0.0001
10,Vapi,Pod,4031,15,0.0037
10,Tumakuru,Sourcing,3690,3,0.0008
10,Allahabad,WH,1321,2,0.0015
10,Khammam,Sourcing,5488,2,0.0004
10,Ambala,Pod,2127,1,0.0005
10,Thanjavur,WH,5435,1,0.0002
10,Cuttack,WH,3196,1,0.0003
10,Nagercoil,CX,3479,2,0.0006
10,Kurnool,Pod,5252,1,0.0002
10,Tirupur,Pod,5921,1,0.0002
10,Noida 1,CX,71727,188,0.0026
10,Central Goa,Sourcing,35990,17,0.0005
10,Patiala,Pod,3795,14,0.0037
10,Tumakuru,CX,3690,1,0.0003
10,Kanpur,Sourcing,5181,1,0.0002
10,Ahmedabad,Pod,44621,22,0.0005
10,Jamshedpur,Pod,5668,3,0.0005
10,Bhubaneswar,Pod,30723,135,0.0044
10,Kanpur,Pod,5181,21,0.0041
10,Ranchi,WH,7573,3,0.0004
10,Dibrugarh,Pod,2781,3,0.0011
10,Central Goa,Pod,35990,6,0.0002
10,Meerut,Pod,3337,1,0.0003
10,Indore,Sourcing,14906,1,0.0001
10,Belgaum,CX,4628,5,0.0011
10,Tumakuru,Sourcing,3690,5,0.0014
10,Bhubaneswar,CX,30723,46,0.0015
10,Jaipur,WH,30010,6,0.0002
10,Guntur,WH,10065,3,0.0003
10,Kakinada,CX,3503,5,0.0014
10,Trichy,WH,8454,5,0.0006
10,Coimbatore,Sourcing,31184,29,0.0009
10,Aligarh,CX,1507,7,0.0046
10,Kurnool,WH,5252,2,0.0004
10,Gwalior,WH,4222,1,0.0002
10,Mysore,Sourcing,22787,1,0
10,Mumbai,Pod,433575,48,0.0001
10,Noida 1,Sourcing,71727,88,0.0012
10,Patna,CX,19804,45,0.0023
10,Hyderabad,Pod,392758,3255,0.0083
10,Noida 1,Pod,71727,20,0.0003
10,Trichy,CX,8454,15,0.0018
10,Coimbatore,WH,31184,13,0.0004
10,Kottayam,Pod,5848,2,0.0003
10,Ambala,Sourcing,2127,2,0.0009
10,Tirupati,WH,12210,5,0.0004
10,Chandigarh,Pod,47714,12,0.0003
10,Jodhpur,Pod,2054,1,0.0005
10,Dibrugarh,Sourcing,2781,2,0.0007
10,Tirupur,Pod,5921,1,0.0002
10,Lonavla,Sourcing,847,1,0.0012
10,Nashik,Pod,8221,1,0.0001
10,Saharanpur,Pod,766,1,0.0013
10,Noida 1,Pod,71727,384,0.0054
10,Nellore,Sourcing,4614,2,0.0004
10,Karimnagar,WH,3523,2,0.0006
10,Patiala,Sourcing,3795,9,0.0024
10,Pondicherry,WH,11946,2,0.0002
10,Nizamabad,Sourcing,473,1,0.0021
10,Bareilly,Sourcing,2462,1,0.0004
10,Hyderabad,Sourcing,392758,295,0.0008
10,Noida 1,Sourcing,71727,70,0.001
10,Delhi,Pod,199871,28,0.0001
10,Rohtak,Sourcing,3040,3,0.001
10,Vizag,Sourcing,19307,9,0.0005
10,Salem,Sourcing,7986,3,0.0004
10,Surat,Pod,10495,5,0.0005
10,Alappuzha,CX,3728,2,0.0005
10,Varanasi,WH,6894,2,0.0003
10,Udaipur,Pod,5157,4,0.0008
10,Amravati,WH,1711,1,0.0006
10,Nizamabad,Sourcing,473,1,0.0021
10,Kurnool,CX,5252,18,0.0034
10,Ahmedabad,Sourcing,44621,23,0.0005
10,Central Goa,WH,35990,6,0.0002
10,Kochi,Pod,96727,7,0.0001
10,Cuttack,Pod,3196,2,0.0006
10,Thoothukudi,CX,4630,10,0.0022
10,Siliguri,CX,2574,2,0.0008
10,Ongole,Sourcing,392,1,0.0026
10,Nagercoil,Pod,3479,8,0.0023
10,Meerut,CX,3337,9,0.0027
10,Delhi,Pod,199871,7,0
10,Kottayam,WH,5848,1,0.0002
10,Karur,Pod,2960,7,0.0024
10,Vellore,WH,6818,1,0.0001
10,Nellore,Pod,4614,1,0.0002
10,Hyderabad,Pod,392758,38,0.0001
10,Guntur,CX,10065,24,0.0024
10,Panipat,Sourcing,4085,6,0.0015
10,Belgaum,Sourcing,4628,2,0.0004
10,Gwalior,Sourcing,4222,3,0.0007
10,Siliguri,Pod,2574,2,0.0008
10,Mumbai,Sourcing,433575,5,0
10,Dibrugarh,WH,2781,1,0.0004
10,Faridabad,Sourcing,16346,8,0.0005
10,Coimbatore,Pod,31184,201,0.0064
10,Faridabad,Pod,16346,124,0.0076
10,Ujjain,Sourcing,2841,3,0.0011
10,Jaipur,Pod,30010,5,0.0002
10,Thiruvallur,WH,2680,2,0.0007
10,Salem,Pod,7986,19,0.0024
10,Rudrapur,Pod,1390,4,0.0029
10,Eluru,CX,787,2,0.0025
10,Madurai,Sourcing,8750,4,0.0005
10,Vizianagaram,Sourcing,824,1,0.0012
10,Salem,Sourcing,7986,1,0.0001
10,Ludhiana,WH,8531,1,0.0001
10,Vadodara,Sourcing,9437,16,0.0017
10,Kozhikode,Sourcing,14350,16,0.0011
10,Thiruvananthapuram,Sourcing,46900,42,0.0009
10,Vizag,Sourcing,19307,23,0.0012
10,Tirupati,Sourcing,12210,5,0.0004
10,Noida,Pod,25986,2,0.0001
10,Vijayawada,Pod,18713,1,0.0001
10,Ludhiana,CX,8531,22,0.0026
10,Surat,WH,10495,7,0.0007
10,Udaipur,CX,5157,20,0.0039
10,Ajmer,CX,1855,3,0.0016
10,Karur,Pod,2960,1,0.0003
10,Muzaffarpur,Sourcing,578,1,0.0017
10,Mangaluru,Pod,21603,25,0.0012
10,Erode,Pod,3644,13,0.0036
10,Bhopal,Sourcing,8499,11,0.0013
10,Silchar,CX,3364,9,0.0027
10,Kollam,Sourcing,8683,2,0.0002
10,Erode,Sourcing,3644,1,0.0003
10,Ujjain,Sourcing,2841,4,0.0014
10,Karaikkudi,CX,2168,1,0.0005
10,Warangal,Sourcing,8643,3,0.0003
10,Kannur,Pod,2046,5,0.0024
10,Gwalior,Pod,4222,26,0.0062
10,Chennai,Pod,288553,51,0.0002
10,Nanded,Pod,761,4,0.0053
10,Vapi,Sourcing,4031,2,0.0005
10,Rajahmundry,CX,3473,6,0.0017
10,Noida,CX,25986,78,0.003
10,Ambala,WH,2127,1,0.0005
10,Kakinada,Pod,3503,21,0.006
10,Bikaner,CX,1411,9,0.0064
10,Eluru,WH,787,1,0.0013
10,Ahmedabad,WH,44621,22,0.0005
10,Ranchi,WH,7573,2,0.0003
10,Rohtak,Pod,3040,3,0.001
10,Pune,Sourcing,190036,109,0.0006
10,Ahmedabad,Pod,44621,280,0.0063
10,Aligarh,Pod,1507,18,0.0119
10,Berhampur,WH,1401,1,0.0007
10,Kanchipuram,Pod,3267,1,0.0003
10,Khammam,Pod,5488,21,0.0038
10,Kolkata,Pod,127082,20,0.0002
10,Vizag,Sourcing,19307,27,0.0014
10,Vadodara,Pod,9437,50,0.0053
10,Nagpur,CX,8388,14,0.0017
10,Mangaluru,WH,21603,4,0.0002
10,Kanpur,CX,5181,4,0.0008
10,Bhubaneswar,Sourcing,30723,11,0.0004
10,Nellore,Sourcing,4614,1,0.0002
10,Rajahmundry,Sourcing,3473,1,0.0003
10,Thiruvalla,Sourcing,4027,1,0.0002
10,Manipal,Pod,7916,1,0.0001
10,Chennai,Sourcing,288553,241,0.0008
10,Thoothukudi,Pod,4630,15,0.0032
10,Rajahmundry,Pod,3473,14,0.004
10,Bikaner,WH,1411,1,0.0007
10,Ambala,Sourcing,2127,1,0.0005
10,Gurgaon,Pod,102441,13,0.0001
10,Noida,Pod,25986,3,0.0001
10,Noida 1,Sourcing,71727,17,0.0002
10,Raipur,CX,5019,15,0.003
10,Silchar,Sourcing,3364,3,0.0009
10,Ongole,WH,392,3,0.0077
10,Tirunelveli,CX,5266,5,0.0009
10,Nashik,Sourcing,8221,4,0.0005
10,Rohtak,CX,3040,3,0.001
10,Bathinda,Sourcing,1126,1,0.0009
10,Noida 1,WH,71727,21,0.0003
10,Bhubaneswar,Sourcing,30723,20,0.0007
10,Mysore,Pod,22787,4,0.0002
10,Thrissur,Sourcing,22534,6,0.0003
10,Nagpur,Pod,8388,35,0.0042
10,Trichy,WH,8454,6,0.0007
10,Latur,CX,1078,2,0.0019
10,Warangal,Pod,8643,7,0.0008
10,Jhansi,WH,1397,1,0.0007
10,Dehradun,Sourcing,14021,7,0.0005
10,Bangalore,Sourcing,706138,597,0.0008
10,Hubli,Pod,3618,1,0.0003
10,Guwahati,CX,7840,24,0.0031
10,Kottayam,WH,5848,1,0.0002
10,Thiruvalla,Sourcing,4027,3,0.0007
10,Agra,Sourcing,2496,1,0.0004
10,Bangalore,WH,706138,420,0.0006
10,Chennai,WH,288553,128,0.0004
10,Bangalore,Sourcing,706138,666,0.0009
10,Noida 1,Sourcing,71727,71,0.001
10,Bangalore,Pod,706138,94,0.0001
10,Nashik,CX,8221,17,0.0021
10,Nagpur,Sourcing,8388,4,0.0005
10,Ludhiana,Pod,8531,12,0.0014
10,Vijayawada,WH,18713,8,0.0004
10,Guwahati,Sourcing,7840,12,0.0015
10,Ludhiana,Pod,8531,2,0.0002
10,Varanasi,WH,6894,1,0.0001
10,Chandigarh,CX,47714,144,0.003
10,Ahmedabad,Sourcing,44621,25,0.0006
10,Rajkot,Sourcing,3652,2,0.0005
10,Kota,Sourcing,5994,2,0.0003
10,Panipat,WH,4085,1,0.0002
10,Ajmer,Sourcing,1855,1,0.0005
10,Amravati,Pod,1711,3,0.0018
10,Sonipat,Pod,1575,1,0.0006
10,Palakkad,Pod,3347,1,0.0003
10,Bathinda,Pod,1126,1,0.0009
10,Tirunelveli,Sourcing,5266,1,0.0002
10,Kozhikode,CX,14350,17,0.0012
10,Vijayawada,Pod,18713,12,0.0006
10,Chandigarh,Pod,47714,342,0.0072
10,Tumakuru,Pod,3690,12,0.0033
10,Lucknow,Sourcing,24020,4,0.0002
10,Raipur,Sourcing,5019,2,0.0004
10,Madurai,CX,8750,25,0.0029
10,Mangaluru,Sourcing,21603,8,0.0004
10,Anand,CX,1047,2,0.0019
10,Jamshedpur,CX,5668,12,0.0021
10,Vadodara,Sourcing,9437,7,0.0007
10,Patna,Sourcing,19804,11,0.0006
10,Chennai,Sourcing,288553,12,0
10,Kottayam,Pod,5848,9,0.0015
10,Rajkot,Pod,3652,21,0.0058
10,Shivamogga,WH,3566,2,0.0006
10,Jaipur,Sourcing,30010,17,0.0006
10,Ahmedabad,Pod,44621,3,0.0001
10,Tirupur,WH,5921,2,0.0003
10,Salem,Pod,7986,3,0.0004
10,Ranchi,Sourcing,7573,9,0.0012
10,Ahmednagar,CX,755,1,0.0013
10,Mangaluru,Pod,21603,1,0
10,Kolkata,WH,127082,18,0.0001
10,Aligarh,Pod,1507,1,0.0007
10,Dehradun,Pod,14021,1,0.0001
10,Tirunelveli,WH,5266,1,0.0002
10,Thiruvallur,Sourcing,2680,1,0.0004
10,Pondicherry,Sourcing,11946,6,0.0005
10,Dehradun,Pod,14021,69,0.0049
10,Pune,Pod,190036,21,0.0001
10,Delhi,Sourcing,199871,36,0.0002
10,Bhopal,Pod,8499,42,0.0049
10,Hyderabad,Sourcing,392758,173,0.0004
10,Vizag,Pod,19307,92,0.0048
10,Central Goa,CX,35990,50,0.0014
10,Chennai,Pod,288553,100,0.0003
10,Ujjain,Pod,2841,10,0.0035
10,Lucknow,CX,24020,21,0.0009
10,Bhubaneswar,Pod,30723,9,0.0003
10,Dehradun,Sourcing,14021,7,0.0005
10,Meerut,Pod,3337,38,0.0114
10,Kurnool,Sourcing,5252,7,0.0013
10,Rajahmundry,Sourcing,3473,7,0.002
10,Raipur,WH,5019,3,0.0006
10,Trichy,Sourcing,8454,3,0.0004
10,Kakinada,WH,3503,3,0.0009
10,Indore,Pod,14906,2,0.0001
10,Jodhpur,CX,2054,2,0.001
10,Sri Ganganagar,Pod,3065,4,0.0013
10,Berhampur,CX,1401,3,0.0021
10,Nanded,Sourcing,761,2,0.0026
10,Nashik,WH,8221,3,0.0004
10,Karaikkudi,Sourcing,2168,1,0.0005
10,Jalandhar,Pod,2155,1,0.0005
10,Thiruvallur,Sourcing,2680,2,0.0007
10,Salem,Sourcing,7986,2,0.0003
10,Karur,WH,2960,1,0.0003
10,Agra,Pod,2496,1,0.0004
10,Rajkot,WH,3652,1,0.0003
10,Gwalior,Pod,4222,1,0.0002
10,Thoothukudi,Sourcing,4630,1,0.0002
10,Mumbai,Pod,433575,2565,0.0059
10,Mumbai,CX,433575,1180,0.0027
10,Pondicherry,Sourcing,11946,7,0.0006
10,Gurgaon,Sourcing,102441,184,0.0018
10,Delhi,Pod,199871,852,0.0043
10,Hyderabad,WH,392758,164,0.0004
10,Mangaluru,Pod,21603,106,0.0049
10,Surat,Pod,10495,53,0.0051
10,Mangaluru,Sourcing,21603,10,0.0005
10,Indore,Pod,14906,5,0.0003
10,Ajmer,WH,1855,2,0.0011
10,Erode,Sourcing,3644,7,0.0019
10,Shivamogga,Sourcing,3566,3,0.0008
10,Mysore,WH,22787,3,0.0001
10,Nizamabad,Pod,473,2,0.0042
10,Gurgaon,Sourcing,102441,72,0.0007
10,Hyderabad,Pod,392758,76,0.0002
10,Manipal,CX,7916,19,0.0024
10,Roorkee,Pod,1648,7,0.0042
10,Udaipur,Sourcing,5157,7,0.0014
10,Panipat,Sourcing,4085,9,0.0022
10,Bhilai,CX,995,2,0.002
10,Coimbatore,Sourcing,31184,6,0.0002
10,Vadodara,WH,9437,3,0.0003
10,Varanasi,CX,6894,10,0.0015
10,Madurai,WH,8750,4,0.0005
10,Sonipat,Sourcing,1575,3,0.0019
10,Pune,Pod,190036,10,0.0001
10,Kollam,Pod,8683,2,0.0002
10,Silchar,Pod,3364,2,0.0006
10,Davanagere,Sourcing,1863,2,0.0011
10,Kottayam,CX,5848,2,0.0003
10,Jalandhar,Sourcing,2155,1,0.0005
10,Bikaner,Sourcing,1411,2,0.0014
10,Coimbatore,Pod,31184,1,0
10,Patiala,WH,3795,1,0.0003
10,Anantapur,WH,3821,1,0.0003
10,Bilaspur,WH,1014,1,0.001
10,Kolhapur,Pod,2446,1,0.0004
10,Roorkee,CX,1648,7,0.0042
10,Rudrapur,WH,1390,1,0.0007
10,Coimbatore,WH,31184,3,0.0001
10,Bangalore,CX,706138,1602,0.0023
10,Coimbatore,CX,31184,61,0.002
10,Thiruvananthapuram,Sourcing,46900,5,0.0001
10,Udaipur,Sourcing,5157,5,0.001
10,Pune,Pod,190036,52,0.0003
10,Anantapur,Pod,3821,13,0.0034
10,Mangaluru,WH,21603,4,0.0002
10,Vellore,Sourcing,6818,3,0.0004
10,Berhampur,Pod,1401,1,0.0007
10,Latur,Pod,1078,5,0.0046
10,Dibrugarh,CX,2781,10,0.0036
10,Tirunelveli,Pod,5266,2,0.0004
10,Nashik,Pod,8221,3,0.0004
10,Belgaum,Sourcing,4628,1,0.0002
10,Durgapur,Pod,626,2,0.0032
10,Jalandhar,WH,2155,1,0.0005
10,Indore,WH,14906,2,0.0001
10,Guntur,Sourcing,10065,1,0.0001
10,Rajahmundry,Pod,3473,1,0.0003
10,Thoothukudi,Sourcing,4630,1,0.0002
10,Dibrugarh,Pod,2781,25,0.009
10,Bangalore,Sourcing,706138,476,0.0007
10,Trichy,Sourcing,8454,5,0.0006
10,Jaipur,Pod,30010,162,0.0054
10,Rajkot,Pod,3652,5,0.0014
10,Delhi,WH,199871,59,0.0003
10,Kochi,Sourcing,96727,34,0.0004
10,Noida 1,WH,71727,29,0.0004
10,Tirunelveli,Pod,5266,10,0.0019
10,Palakkad,Pod,3347,8,0.0024
10,Thiruvananthapuram,Sourcing,46900,9,0.0002
10,Patna,WH,19804,9,0.0005
10,Bhubaneswar,WH,30723,4,0.0001
10,Shivamogga,Pod,3566,9,0.0025
10,Guwahati,Pod,7840,8,0.001
10,Erode,WH,3644,2,0.0005
10,Salem,WH,7986,1,0.0001
10,Kurnool,WH,5252,1,0.0002
10,Karnal,Sourcing,1161,2,0.0017
10,Latur,WH,1078,1,0.0009
10,Guwahati,Sourcing,7840,2,0.0003
10,Central Goa,WH,35990,8,0.0002
10,Agra,Pod,2496,13,0.0052
10,Vizag,Pod,19307,6,0.0003
10,Thanjavur,Sourcing,5435,6,0.0011
10,Cuttack,CX,3196,4,0.0013
10,Pune,Sourcing,190036,11,0.0001
10,Indore,Sourcing,14906,6,0.0004
10,Ambala,Sourcing,2127,2,0.0009
10,Bhilai,Pod,995,2,0.002
10,Noida,WH,25986,1,0
10,Karur,Sourcing,2960,1,0.0003
10,Durgapur,WH,626,1,0.0016
10,Kakinada,Sourcing,3503,6,0.0017
10,Bhopal,Sourcing,8499,3,0.0004
10,Jhansi,CX,1397,2,0.0014
10,Rajahmundry,WH,3473,1,0.0003
10,Moradabad,CX,2751,2,0.0007
10,Thrissur,WH,22534,1,0
10,Kurnool,Sourcing,5252,1,0.0002
10,Moradabad,WH,2751,1,0.0004
10,Mathura,CX,1266,1,0.0008
10,Kannur,Sourcing,2046,1,0.0005
10,Nagercoil,Sourcing,3479,1,0.0003
10,Guwahati,Pod,7840,85,0.0108
10,Vapi,Sourcing,4031,7,0.0017
10,Kochi,WH,96727,15,0.0002
10,Madurai,Pod,8750,6,0.0007
10,Kota,CX,5994,23,0.0038
10,Kurnool,Pod,5252,24,0.0046
10,Ujjain,CX,2841,9,0.0032
10,Mysore,Sourcing,22787,15,0.0007
10,Warangal,Pod,8643,2,0.0002
10,Madurai,Sourcing,8750,6,0.0007
10,Ludhiana,Sourcing,8531,18,0.0021
10,Lucknow,WH,24020,3,0.0001
10,Jodhpur,Sourcing,2054,3,0.0015
10,Guntur,Pod,10065,2,0.0002
10,Thiruvalla,Pod,4027,2,0.0005
10,Salem,Sourcing,7986,2,0.0003
10,Bareilly,Sourcing,2462,1,0.0004
10,Nagpur,Sourcing,8388,1,0.0001
10,Meerut,WH,3337,2,0.0006
10,Muzaffarpur,Pod,578,1,0.0017
10,Tirupati,Sourcing,12210,1,0.0001
10,Amritsar,WH,3055,1,0.0003
10,Kanpur,Sourcing,5181,1,0.0002
10,Anantapur,Pod,3821,1,0.0003
10,Raipur,Pod,5019,1,0.0002
10,Aligarh,WH,1507,2,0.0013
10,Rajahmundry,WH,3473,1,0.0003
10,Pune,CX,190036,526,0.0028
10,Tirupati,Pod,12210,72,0.0059
10,Dibrugarh,Pod,2781,4,0.0014
10,Mysore,WH,22787,7,0.0003
10,Jaipur,WH,30010,19,0.0006
10,Silchar,Pod,3364,13,0.0039
10,Varanasi,Sourcing,6894,7,0.001
10,Agra,CX,2496,3,0.0012
10,Thoothukudi,Sourcing,4630,3,0.0006
10,Nagpur,Sourcing,8388,6,0.0007
10,Guntur,WH,10065,5,0.0005
10,Rajahmundry,Sourcing,3473,2,0.0006
10,Trichy,Sourcing,8454,4,0.0005
10,Thoothukudi,Pod,4630,2,0.0004
10,Kolhapur,CX,2446,4,0.0016
10,Silchar,Sourcing,3364,3,0.0009
10,Karur,CX,2960,5,0.0017
10,Shivamogga,Sourcing,3566,4,0.0011
10,Davanagere,Sourcing,1863,2,0.0011
10,Vellore,WH,6818,1,0.0001
10,Thiruvallur,WH,2680,1,0.0004
10,Erode,WH,3644,1,0.0003
10,Kollam,Pod,8683,1,0.0001
10,Vizag,Sourcing,19307,3,0.0002
10,Delhi,Sourcing,199871,303,0.0015
10,Vizianagaram,Pod,824,4,0.0049
10,Noida,Pod,25986,58,0.0022
10,Hubli,Pod,3618,9,0.0025
10,Gwalior,CX,4222,4,0.0009
10,Dehradun,Sourcing,14021,7,0.0005
10,Sri Ganganagar,CX,3065,6,0.002
10,Bathinda,Pod,1126,4,0.0036
10,Aurangabad,Pod,3384,10,0.003
10,Amritsar,WH,3055,4,0.0013
10,Ajmer,Pod,1855,6,0.0032
10,Belgaum,Sourcing,4628,3,0.0006
10,Thrissur,WH,22534,2,0.0001
10,Belgaum,Pod,4628,1,0.0002
10,Muzaffarpur,WH,578,1,0.0017
10,Allahabad,Sourcing,1321,2,0.0015
10,Moradabad,Sourcing,2751,1,0.0004
10,Jamshedpur,Sourcing,5668,1,0.0002
10,Thiruvallur,Sourcing,2680,1,0.0004
10,Central Goa,Pod,35990,177,0.0049
10,Roorkee,Pod,1648,1,0.0006
10,Bikaner,Pod,1411,1,0.0007
10,Hyderabad,CX,392758,1552,0.004
10,Mysore,Pod,22787,91,0.004
10,Pune,Sourcing,190036,214,0.0011
10,Vizag,CX,19307,43,0.0022
10,Tirupati,Pod,12210,8,0.0007
10,Faridabad,WH,16346,4,0.0002
10,Shivamogga,CX,3566,6,0.0017
10,Bhopal,WH,8499,2,0.0002
10,Kochi,Sourcing,96727,2,0
10,Ujjain,Pod,2841,2,0.0007
10,Guntur,Pod,10065,1,0.0001
10,Manipal,WH,7916,3,0.0004
10,Ahmedabad,Sourcing,44621,38,0.0009
10,Mumbai,Sourcing,433575,203,0.0005
10,Gurgaon,WH,102441,35,0.0003
10,Gurgaon,Sourcing,102441,38,0.0004
10,Chandigarh,Sourcing,47714,33,0.0007
10,Madurai,WH,8750,5,0.0006
10,Moradabad,Pod,2751,9,0.0033
10,Warangal,Sourcing,8643,6,0.0007
10,Nellore,Pod,4614,15,0.0033
10,Indore,WH,14906,14,0.0009
10,Jaipur,Sourcing,30010,9,0.0003
10,Kolhapur,Pod,2446,8,0.0033
10,Surat,Sourcing,10495,5,0.0005
10,Kannur,CX,2046,2,0.001
10,Aurangabad,Pod,3384,2,0.0006
10,Anantapur,CX,3821,7,0.0018
10,Rohtak,Sourcing,3040,2,0.0007
10,Pondicherry,Pod,11946,2,0.0002
10,Khammam,WH,5488,1,0.0002
10,Saharanpur,Pod,766,2,0.0026
10,Kozhikode,Pod,14350,3,0.0002
10,Anand,Sourcing,1047,1,0.001
10,Kolhapur,Sourcing,2446,2,0.0008
10,Thiruvalla,Pod,4027,1,0.0002
10,Silchar,Pod,3364,1,0.0003
10,Bangalore,Pod,706138,2956,0.0042
10,Varanasi,Pod,6894,34,0.0049
10,Kolkata,Sourcing,127082,83,0.0007
10,Warangal,Sourcing,8643,11,0.0013
10,Jodhpur,Pod,2054,8,0.0039
10,Kochi,Sourcing,96727,57,0.0006
10,Central Goa,Pod,35990,7,0.0002
10,Kochi,Pod,96727,18,0.0002
10,Kanpur,WH,5181,3,0.0006
10,Nagpur,Pod,8388,5,0.0006
10,Warangal,WH,8643,4,0.0005
10,Coimbatore,Sourcing,31184,8,0.0003
10,Muzaffarpur,Pod,578,10,0.0173
10,Warangal,Pod,8643,5,0.0006
10,Thiruvallur,Pod,2680,19,0.0071
10,Nellore,WH,4614,3,0.0007
10,Vadodara,Sourcing,9437,4,0.0004
10,Tirunelveli,Pod,5266,2,0.0004
10,Allahabad,Pod,1321,10,0.0076
10,Karimnagar,CX,3523,10,0.0028
10,Patna,Sourcing,19804,12,0.0006
10,Hyderabad,Pod,392758,32,0.0001
10,Noida,Sourcing,25986,27,0.001
10,Trichy,Pod,8454,41,0.0049
10,Thanjavur,Sourcing,5435,5,0.0009
10,Jabalpur,Sourcing,3333,2,0.0006
10,Surat,WH,10495,3,0.0003
10,Patna,Sourcing,19804,3,0.0002
10,Bareilly,CX,2462,3,0.0012
10,Karnal,Sourcing,1161,3,0.0026
10,Vijayawada,CX,18713,62,0.0033
10,Latur,Pod,1078,1,0.0009
10,Patiala,Sourcing,3795,2,0.0005
10,Erode,Pod,3644,1,0.0003
10,Kurukshetra,CX,1060,1,0.0009
10,Raipur,WH,5019,1,0.0002
10,Kanchipuram,Sourcing,3267,1,0.0003
10,Patiala,Sourcing,3795,2,0.0005
10,Pondicherry,Pod,11946,2,0.0002
10,Tumakuru,WH,3690,1,0.0003
10,Gurgaon,Pod,102441,759,0.0074
10,Gurgaon,CX,102441,271,0.0026
10,Hyderabad,WH,392758,142,0.0004
10,Kolkata,Pod,127082,386,0.003
10,Pondicherry,WH,11946,4,0.0003
10,Tirupur,Pod,5921,19,0.0032
10,Chennai,WH,288553,110,0.0004
10,Lucknow,Pod,24020,15,0.0006
10,Pondicherry,Pod,11946,30,0.0025
10,Bikaner,Pod,1411,7,0.005
10,Panipat,CX,4085,6,0.0015
10,Kozhikode,Pod,14350,3,0.0002
10,Guwahati,Sourcing,7840,4,0.0005
10,Bhopal,CX,8499,12,0.0014
10,Tirupati,Sourcing,12210,3,0.0002
10,Kota,WH,5994,3,0.0005
10,Surat,CX,10495,29,0.0028
10,Tirupur,Sourcing,5921,4,0.0007
10,Muzaffarpur,CX,578,3,0.0052
10,Moradabad,Sourcing,2751,2,0.0007
10,Varanasi,Sourcing,6894,4,0.0006
10,Shivamogga,WH,3566,1,0.0003
10,Hubli,WH,3618,2,0.0006
10,Shivamogga,Sourcing,3566,1,0.0003
10,Chennai,CX,288553,847,0.0029
10,Chennai,Sourcing,288553,98,0.0003
10,Mysore,Sourcing,22787,15,0.0007
10,Vijayawada,Sourcing,18713,22,0.0012
10,Kurukshetra,Sourcing,1060,4,0.0038
10,Faridabad,Sourcing,16346,2,0.0001
10,Chandigarh,WH,47714,15,0.0003
10,Sonipat,Sourcing,1575,4,0.0025
10,Lucknow,Sourcing,24020,6,0.0003
10,Thrissur,Sourcing,22534,16,0.0007
10,Kota,Sourcing,5994,4,0.0007
10,Pondicherry,CX,11946,31,0.0026
10,Thiruvananthapuram,Pod,46900,43,0.0009
10,Kollam,Sourcing,8683,13,0.0015
10,Kakinada,WH,3503,1,0.0003
10,Siliguri,Sourcing,2574,1,0.0004
10,Nagercoil,Sourcing,3479,2,0.0006
10,Rohtak,Pod,3040,1,0.0003
10,Kolkata,Sourcing,127082,108,0.0009
10,Chandigarh,Sourcing,47714,64,0.0013
10,Mumbai,WH,433575,136,0.0003
10,Ranchi,Sourcing,7573,7,0.0009
10,Ludhiana,Pod,8531,43,0.005
10,Ahmedabad,CX,44621,121,0.0027
10,Sonipat,Pod,1575,9,0.0057
10,Sri Ganganagar,Pod,3065,10,0.0033
10,Thanjavur,Pod,5435,17,0.0031
10,Chandigarh,WH,47714,10,0.0002
10,Manipal,Sourcing,7916,4,0.0005
10,Vellore,Sourcing,6818,2,0.0003
10,Amravati,WH,1711,1,0.0006
10,Nanded,Sourcing,761,1,0.0013
10,Kozhikode,Sourcing,14350,7,0.0005
10,Thoothukudi,Pod,4630,1,0.0002
10,Eluru,Sourcing,787,1,0.0013
10,Amritsar,Pod,3055,1,0.0003
10,Karnal,Pod,1161,6,0.0052
10,Nellore,WH,4614,1,0.0002
10,Surat,Pod,10495,1,0.0001
10,Kota,Pod,5994,47,0.0078
10,Ranchi,Pod,7573,35,0.0046
10,Vijayawada,Sourcing,18713,15,0.0008
10,Ranchi,CX,7573,17,0.0022
10,Vellore,Pod,6818,19,0.0028
10,Nellore,Pod,4614,8,0.0017
10,Hubli,Sourcing,3618,3,0.0008
10,Chandigarh,Pod,47714,26,0.0005
10,Ranchi,Sourcing,7573,4,0.0005
10,Bhubaneswar,Sourcing,30723,10,0.0003
10,Thiruvananthapuram,Pod,46900,5,0.0001
10,Noida,Sourcing,25986,28,0.0011
10,Madurai,Sourcing,8750,2,0.0002
10,Dehradun,WH,14021,1,0.0001
10,Belgaum,Pod,4628,1,0.0002
10,Trichy,Pod,8454,1,0.0001
10,Dehradun,Pod,14021,2,0.0001
10,Kanpur,WH,5181,1,0.0002
10,Kochi,Pod,96727,296,0.0031
10,Khammam,Sourcing,5488,6,0.0011
10,Vizag,Pod,19307,21,0.0011
10,Trichy,Pod,8454,4,0.0005
10,Mumbai,Pod,433575,23,0.0001
10,Vellore,CX,6818,16,0.0023
10,Rohtak,Pod,3040,27,0.0089
10,Raipur,Pod,5019,7,0.0014
10,Berhampur,Pod,1401,4,0.0029
10,Siliguri,Pod,2574,11,0.0043
10,Jaipur,Pod,30010,13,0.0004
10,Tirupur,Sourcing,5921,5,0.0008
10,Thiruvalla,CX,4027,2,0.0005
10,Bilaspur,CX,1014,4,0.0039
10,Guwahati,WH,7840,5,0.0006
10,Sonipat,Sourcing,1575,2,0.0013
10,Karur,Sourcing,2960,2,0.0007
10,Vadodara,WH,9437,2,0.0002
10,Alappuzha,Sourcing,3728,1,0.0003
10,Lonavla,Pod,847,2,0.0024
10,Jalandhar,Sourcing,2155,1,0.0005
10,Faridabad,Pod,16346,1,0.0001
10,Tirupur,Sourcing,5921,1,0.0002
10,Pune,WH,190036,56,0.0003
10,Hyderabad,Sourcing,392758,154,0.0004
10,Tirupur,CX,5921,16,0.0027
10,Mathura,Pod,1266,6,0.0047
10,Jaipur,Sourcing,30010,11,0.0004
10,Noida,Sourcing,25986,39,0.0015
10,Varanasi,Sourcing,6894,4,0.0006
10,Thiruvallur,CX,2680,6,0.0022
10,Allahabad,Sourcing,1321,1,0.0008
10,Coimbatore,Pod,31184,4,0.0001
10,Meerut,WH,3337,4,0.0012
10,Patiala,Pod,3795,1,0.0003
10,Alappuzha,Sourcing,3728,1,0.0003
10,Karimnagar,WH,3523,1,0.0003
10,Vijayawada,Pod,18713,1,0.0001
10,Tumakuru,Pod,3690,1,0.0003
10,Bhubaneswar,Sourcing,30723,1,0
10,Muzaffarpur,Sourcing,578,1,0.0017
10,Shivamogga,Pod,3566,1,0.0003
10,Lonavla,CX,847,1,0.0012
10,Panipat,Pod,4085,1,0.0002
10,Karur,WH,2960,1,0.0003
10,Kakinada,Pod,3503,2,0.0006
10,Jamshedpur,Pod,5668,45,0.0079
10,Kollam,CX,8683,5,0.0006
10,Gorakhpur,Pod,1741,6,0.0034
10,Vizag,WH,19307,5,0.0003
10,Lucknow,Sourcing,24020,6,0.0003
10,Davanagere,CX,1863,5,0.0027
10,Bhopal,Sourcing,8499,10,0.0012
10,Vijayawada,WH,18713,9,0.0005
10,Amritsar,Sourcing,3055,7,0.0023
10,Vizianagaram,CX,824,3,0.0036
10,Jalandhar,Pod,2155,1,0.0005
10,Kollam,Sourcing,8683,1,0.0001
10,Nanded,Sourcing,761,1,0.0013
10,Siliguri,Sourcing,2574,1,0.0004
10,Chandigarh,Sourcing,47714,1,0
10,Bangalore,Pod,706138,1023,0.0014
10,Bangalore,WH,706138,203,0.0003
10,Delhi,WH,199871,43,0.0002
10,Anand,Pod,1047,7,0.0067
10,Anantapur,Sourcing,3821,3,0.0008
10,Pondicherry,Sourcing,11946,5,0.0004
10,Thoothukudi,WH,4630,3,0.0006
10,Kurnool,Sourcing,5252,2,0.0004
10,Guntur,Sourcing,10065,10,0.001
10,Gurgaon,Pod,102441,12,0.0001
10,Eluru,Pod,787,5,0.0064
10,Bangalore,Pod,706138,17,0
10,Kurukshetra,Pod,1060,5,0.0047
10,Cuttack,Pod,3196,11,0.0034
10,Palakkad,CX,3347,3,0.0009
10,Manipal,Sourcing,7916,2,0.0003
10,Thrissur,Pod,22534,3,0.0001
10,Palakkad,Sourcing,3347,2,0.0006
10,Vapi,Sourcing,4031,2,0.0005
10,Mathura,Pod,1266,3,0.0024
10,Kota,Sourcing,5994,1,0.0002
10,Sonipat,Pod,1575,1,0.0006
10,Jalandhar,Sourcing,2155,1,0.0005
10,Palakkad,WH,3347,2,0.0006
10,Patna,Pod,19804,100,0.005
10,Chennai,Pod,288553,1905,0.0066
10,Kochi,Sourcing,96727,85,0.0009
10,Delhi,Pod,199871,456,0.0023
10,Patna,Pod,19804,15,0.0008
10,Thiruvananthapuram,Pod,46900,178,0.0038
10,Bareilly,Pod,2462,7,0.0028
10,Jaipur,CX,30010,84,0.0028
10,Mysore,Pod,22787,9,0.0004
10,Gurgaon,WH,102441,22,0.0002
10,Karimnagar,Pod,3523,25,0.0071
10,Nagpur,Sourcing,8388,5,0.0006
10,Amritsar,CX,3055,5,0.0016
10,Kochi,WH,96727,10,0.0001
10,Guwahati,Pod,7840,4,0.0005
10,Ludhiana,Sourcing,8531,7,0.0008
10,Patiala,CX,3795,9,0.0024
10,Surat,Sourcing,10495,10,0.001
10,Mangaluru,CX,21603,56,0.0026
10,Patiala,WH,3795,3,0.0008
10,Guntur,Sourcing,10065,5,0.0005
10,Ongole,CX,392,3,0.0077
10,Noida,Sourcing,25986,5,0.0002
10,Ajmer,Sourcing,1855,2,0.0011
10,Jamshedpur,Sourcing,5668,4,0.0007
10,Kolhapur,WH,2446,1,0.0004
10,Manipal,Sourcing,7916,1,0.0001
10,Davanagere,Pod,1863,1,0.0005
10,Madurai,Pod,8750,41,0.0047
10,Vadodara,Pod,9437,14,0.0015
10,Ludhiana,Sourcing,8531,4,0.0005
10,Surat,Sourcing,10495,10,0.001
10,Jalandhar,Pod,2155,13,0.006
10,Thiruvananthapuram,CX,46900,67,0.0014
10,Mysore,Sourcing,22787,21,0.0009
10,Guntur,Sourcing,10065,13,0.0013
10,Jabalpur,CX,3333,2,0.0006
10,Ujjain,WH,2841,1,0.0004
10,Kottayam,Sourcing,5848,2,0.0003
10,Allahabad,CX,1321,4,0.003
10,Aurangabad,WH,3384,7,0.0021
10,Faridabad,Pod,16346,10,0.0006
10,Bhimavaram,Pod,402,2,0.005
10,Amravati,CX,1711,1,0.0006
10,Thanjavur,Sourcing,5435,1,0.0002
10,Ahmednagar,Pod,755,1,0.0013
10,Dibrugarh,WH,2781,1,0.0004
10,Indore,CX,14906,50,0.0034
10,Bangalore,Sourcing,706138,129,0.0002
10,Varanasi,Pod,6894,5,0.0007
10,Mumbai,Pod,433575,115,0.0003
10,Indore,Sourcing,14906,14,0.0009
10,Bhubaneswar,WH,30723,3,0.0001
10,Kurnool,Sourcing,5252,4,0.0008
10,Bathinda,Sourcing,1126,4,0.0036
10,Warangal,WH,8643,6,0.0007
10,Ongole,Pod,392,6,0.0153
10,Bareilly,Sourcing,2462,6,0.0024
10,Anand,Pod,1047,1,0.001
10,Indore,Pod,14906,111,0.0074
10,Vijayawada,Pod,18713,98,0.0052
10,Kozhikode,WH,14350,4,0.0003
10,Moradabad,Sourcing,2751,1,0.0004
10,Kurukshetra,Sourcing,1060,1,0.0009
10,Rudrapur,Sourcing,1390,1,0.0007
10,Faridabad,Sourcing,16346,23,0.0014
10,Kolkata,Pod,127082,186,0.0015
10,Chennai,Pod,288553,23,0.0001
10,Udaipur,Pod,5157,43,0.0083
10,Chennai,Sourcing,288553,105,0.0004
10,Meerut,Sourcing,3337,4,0.0012
10,Nashik,Sourcing,8221,7,0.0009
10,Rudrapur,CX,1390,5,0.0036
10,Kottayam,Sourcing,5848,6,0.001
10,Central Goa,Sourcing,35990,20,0.0006
10,Indore,Sourcing,14906,8,0.0005
10,Patna,WH,19804,4,0.0002
10,Kanchipuram,Pod,3267,12,0.0037
10,Hubli,CX,3618,2,0.0006
10,Nellore,Sourcing,4614,2,0.0004
10,Manipal,Sourcing,7916,3,0.0004
10,Kota,Pod,5994,14,0.0023
10,Sonipat,WH,1575,1,0.0006
10,Tirunelveli,WH,5266,1,0.0002
10,Aligarh,Sourcing,1507,1,0.0007
10,Ajmer,Pod,1855,1,0.0005
10,Thanjavur,Pod,5435,1,0.0002
10,Lucknow,Pod,24020,69,0.0029
10,Vellore,Sourcing,6818,1,0.0001
10,Warangal,Pod,8643,70,0.0081
10,Delhi,Sourcing,199871,184,0.0009
10,Meerut,Sourcing,3337,7,0.0021
10,Raipur,Pod,5019,34,0.0068
10,Nellore,CX,4614,12,0.0026
10,Belgaum,Pod,4628,10,0.0022
10,Kozhikode,Pod,14350,34,0.0024
10,Tirupati,Sourcing,12210,6,0.0005
10,Jhansi,Pod,1397,10,0.0072
10,Jalandhar,CX,2155,6,0.0028
10,Chandigarh,Sourcing,47714,24,0.0005
10,Vapi,CX,4031,7,0.0017
10,Coimbatore,Pod,31184,7,0.0002
10,Amritsar,Sourcing,3055,2,0.0007
10,Khammam,Pod,5488,3,0.0005
10,Vijayawada,Sourcing,18713,6,0.0003
10,Jabalpur,Pod,3333,6,0.0018
10,Vellore,Pod,6818,1,0.0001
10,Kolkata,Pod,127082,1,0
10,Udaipur,WH,5157,1,0.0002
10,Kolkata,Sourcing,127082,62,0.0005
10,Vadodara,CX,9437,23,0.0024
10,Guntur,Pod,10065,67,0.0067
10,Mumbai,WH,433575,101,0.0002
10,Tirupati,CX,12210,40,0.0033
10,Thiruvananthapuram,WH,46900,5,0.0001
10,Amritsar,Pod,3055,12,0.0039
10,Ambala,Pod,2127,12,0.0056
10,Mysore,CX,22787,40,0.0018
10,Lonavla,Pod,847,6,0.0071
10,Mangaluru,Sourcing,21603,15,0.0007
10,Gurgaon,Pod,102441,16,0.0002
10,Nashik,Sourcing,8221,17,0.0021
10,Central Goa,Sourcing,35990,23,0.0006
10,Warangal,CX,8643,21,0.0024
10,Bhubaneswar,Pod,30723,5,0.0002
10,Ahmedabad,WH,44621,5,0.0001
10,Kurnool,Pod,5252,6,0.0011
10,Tirunelveli,Sourcing,5266,3,0.0006
10,Ambala,CX,2127,9,0.0042
10,Erode,CX,3644,5,0.0014
10,Anantapur,Sourcing,3821,2,0.0005
10,Kanchipuram,CX,3267,5,0.0015
10,Karimnagar,Sourcing,3523,1,0.0003
10,Aligarh,Pod,1507,1,0.0007
10,Berhampur,WH,1401,1,0.0007
10,Kanpur,Sourcing,5181,4,0.0008
10,Kurukshetra,Pod,1060,2,0.0019
10,Patna,Pod,19804,2,0.0001
10,Raipur,Pod,5019,1,0.0002
10,Kolkata,CX,127082,192,0.0015
10,Noida 1,Pod,71727,201,0.0028
10,Pune,Sourcing,190036,75,0.0004
10,Dehradun,WH,14021,5,0.0004
10,Noida,WH,25986,13,0.0005
10,Karaikkudi,Pod,2168,13,0.006
10,Nashik,Pod,8221,41,0.005
10,Thiruvananthapuram,WH,46900,7,0.0001
10,Thrissur,Pod,22534,36,0.0016
10,Faridabad,Sourcing,16346,20,0.0012
10,Davanagere,Pod,1863,8,0.0043
10,Aurangabad,WH,3384,3,0.0009
10,Bhopal,Pod,8499,1,0.0001
10,Bhilai,Sourcing,995,1,0.001
10,Kakinada,Sourcing,3503,3,0.0009
10,Nashik,Sourcing,8221,1,0.0001
10,Tirupur,WH,5921,2,0.0003
10,Aurangabad,Sourcing,3384,1,0.0003
10,Kochi,CX,96727,92,0.001
10,Delhi,Sourcing,199871,274,0.0014
10,Kolkata,Sourcing,127082,12,0.0001
10,Meerut,Pod,3337,3,0.0009
10,Faridabad,CX,16346,37,0.0023
10,Khammam,CX,5488,6,0.0011
10,Hyderabad,Sourcing,392758,15,0
10,Panipat,Pod,4085,18,0.0044
10,Aligarh,Sourcing,1507,3,0.002
10,Rajkot,Sourcing,3652,8,0.0022
10,Kanchipuram,Sourcing,3267,4,0.0012
10,Faridabad,WH,16346,5,0.0003
10,Rajkot,CX,3652,10,0.0027
10,Roorkee,Sourcing,1648,2,0.0012
10,Hubli,WH,3618,1,0.0003
10,Bareilly,WH,2462,2,0.0008
10,Meerut,Sourcing,3337,6,0.0018
10,Kolhapur,Sourcing,2446,1,0.0004
10,Thrissur,Sourcing,22534,3,0.0001
10,Nashik,WH,8221,1,0.0001
10,Dehradun,CX,14021,32,0.0023
10,Pune,Pod,190036,1256,0.0066
10,Manipal,Pod,7916,35,0.0044
10,Mumbai,Sourcing,433575,236,0.0005
10,Noida,Pod,25986,127,0.0049
10,Alappuzha,Pod,3728,9,0.0024
10,Aurangabad,CX,3384,8,0.0024
10,Thrissur,CX,22534,23,0.001
10,Kollam,Pod,8683,12,0.0014
10,Aurangabad,Sourcing,3384,3,0.0009
10,Tirupati,WH,12210,3,0.0002
10,Nagpur,WH,8388,3,0.0004
10,Delhi,CX,199871,514,0.0026
10,Thanjavur,CX,5435,9,0.0017
10,Thoothukudi,WH,4630,2,0.0004
10,Ranchi,Pod,7573,7,0.0009
10,Tirupati,Pod,12210,2,0.0002
10,Guwahati,WH,7840,2,0.0003
10,Sonipat,CX,1575,3,0.0019
10,Rohtak,Sourcing,3040,2,0.0007
10,Bilaspur,Pod,1014,5,0.0049
10,Lucknow,WH,24020,3,0.0001
10,Vizag,WH,19307,3,0.0002
10,Salem,CX,7986,6,0.0008
10,Lonavla,Sourcing,847,2,0.0024
10,Ranchi,Sourcing,7573,2,0.0003
10,Kozhikode,Sourcing,14350,2,0.0001
10,Nagercoil,Sourcing,3479,1,0.0003
10,Mumbai,Sourcing,433575,667,0.0015
10,Kolkata,WH,127082,39,0.0003
10,Pune,WH,190036,87,0.0005
11,Delhi,CX,192385,514,0.0027
11,Pune,Pod,190753,14,0.0001
11,Davanagere,Sourcing,1724,2,0.0012
11,Berhampur,Pod,1186,1,0.0008
11,Nagercoil,CX,3625,2,0.0006
11,Nashik,Pod,7769,4,0.0005
11,Pune,WH,190753,68,0.0004
11,Hyderabad,WH,385377,176,0.0005
11,Kota,Pod,4754,30,0.0063
11,Pondicherry,CX,11710,34,0.0029
11,Kurnool,Pod,5326,5,0.0009
11,Ahmedabad,WH,50355,6,0.0001
11,Lonavla,Sourcing,747,1,0.0013
11,Rajahmundry,Sourcing,3698,2,0.0005
11,Vizag,CX,21988,64,0.0029
11,Tirupati,Sourcing,12247,6,0.0005
11,Salem,Pod,7952,3,0.0004
11,Ranchi,Sourcing,6801,2,0.0003
11,Madurai,Pod,10025,4,0.0004
11,Ludhiana,Pod,8437,6,0.0007
11,Ongole,Sourcing,462,1,0.0022
11,Kota,WH,4754,4,0.0008
11,Jaipur,WH,28946,6,0.0002
11,Pondicherry,Sourcing,11710,3,0.0003
11,Gwalior,Pod,4134,1,0.0002
11,Bhopal,Pod,9357,1,0.0001
11,Delhi,Pod,192385,377,0.002
11,Noida,CX,26373,77,0.0029
11,Dibrugarh,Pod,3148,31,0.0098
11,Mangaluru,Sourcing,22895,6,0.0003
11,Thoothukudi,Sourcing,4595,1,0.0002
11,Mysore,Sourcing,23576,10,0.0004
11,Palakkad,Pod,3276,1,0.0003
11,Anantapur,Pod,3998,2,0.0005
11,Faridabad,Pod,14454,99,0.0068
11,Hyderabad,Sourcing,385377,121,0.0003
11,Varanasi,Pod,8781,2,0.0002
11,Mumbai,CX,430406,1795,0.0042
11,Jamshedpur,CX,4594,8,0.0017
11,Khammam,Sourcing,4615,3,0.0007
11,Bareilly,Sourcing,1989,1,0.0005
11,Kurukshetra,Pod,1074,4,0.0037
11,Anand,Sourcing,1113,1,0.0009
11,Davanagere,CX,1724,4,0.0023
11,Chennai,Sourcing,280223,95,0.0003
11,Rohtak,Sourcing,2644,1,0.0004
11,Allahabad,Pod,1731,15,0.0087
11,Aurangabad,Pod,3069,1,0.0003
11,Karnal,CX,1080,5,0.0046
11,Lucknow,Pod,22022,109,0.005
11,Gwalior,Sourcing,4134,3,0.0007
11,Aligarh,Sourcing,1736,5,0.0029
11,Ludhiana,Sourcing,8437,6,0.0007
11,Thiruvananthapuram,WH,49816,12,0.0002
11,Mangaluru,Pod,22895,3,0.0001
11,Noida,Sourcing,26373,28,0.0011
11,Guwahati,Sourcing,9657,14,0.0015
11,Mangaluru,Sourcing,22895,9,0.0004
11,Bhimavaram,CX,546,1,0.0018
11,Patna,Sourcing,18907,1,0.0001
11,Delhi,WH,192385,58,0.0003
11,Pune,Pod,190753,28,0.0001
11,Noida 1,Sourcing,75286,88,0.0012
11,Kollam,Sourcing,8415,7,0.0008
11,Thoothukudi,Sourcing,4595,7,0.0015
11,Noida 1,Pod,75286,8,0.0001
11,Salem,WH,7952,1,0.0001
11,Thrissur,Sourcing,24351,1,0
11,Vapi,CX,3681,8,0.0022
11,Panipat,Pod,2859,18,0.0063
11,Chandigarh,WH,45752,17,0.0004
11,Tirupati,WH,12247,4,0.0003
11,Vijayawada,WH,19408,13,0.0007
11,Jaipur,Sourcing,28946,15,0.0005
11,Karur,Pod,2979,1,0.0003
11,Kollam,WH,8415,1,0.0001
11,Raipur,Sourcing,4875,1,0.0002
11,Meerut,WH,4025,1,0.0002
11,Panipat,Sourcing,2859,1,0.0004
11,Thiruvalla,CX,3976,1,0.0003
11,Coimbatore,Pod,34454,3,0.0001
11,Aurangabad,Sourcing,3069,1,0.0003
11,Trichy,WH,9020,1,0.0001
11,Silchar,Sourcing,3245,1,0.0003
11,Noida 1,Pod,75286,140,0.0019
11,Raipur,Pod,4875,37,0.0076
11,Chennai,WH,280223,61,0.0002
11,Chandigarh,Sourcing,45752,36,0.0008
11,Chandigarh,Sourcing,45752,14,0.0003
11,Rajahmundry,Sourcing,3698,3,0.0008
11,Bhubaneswar,Sourcing,31770,14,0.0004
11,Agra,Pod,2502,9,0.0036
11,Noida,Pod,26373,3,0.0001
11,Saharanpur,Pod,764,4,0.0052
11,Mysore,Sourcing,23576,11,0.0005
11,Varanasi,Sourcing,8781,10,0.0011
11,Vadodara,Pod,11430,2,0.0002
11,Vapi,Sourcing,3681,3,0.0008
11,Manipal,WH,7869,2,0.0003
11,Berhampur,WH,1186,1,0.0008
11,Trichy,Sourcing,9020,2,0.0002
11,Bhubaneswar,Sourcing,31770,1,0
11,Ranchi,Pod,6801,1,0.0001
11,Amravati,CX,1435,1,0.0007
11,Ahmedabad,WH,50355,30,0.0006
11,Kurnool,CX,5326,22,0.0041
11,Jaipur,CX,28946,113,0.0039
11,Noida,Sourcing,26373,23,0.0009
11,Manipal,Sourcing,7869,5,0.0006
11,Karaikkudi,Pod,2324,7,0.003
11,Bhubaneswar,WH,31770,6,0.0002
11,Jabalpur,CX,3419,6,0.0018
11,Shivamogga,Sourcing,3458,2,0.0006
11,Lucknow,WH,22022,3,0.0001
11,Rohtak,Pod,2644,20,0.0076
11,Mangaluru,WH,22895,5,0.0002
11,Tirupati,Pod,12247,3,0.0002
11,Ahmedabad,Pod,50355,10,0.0002
11,Rohtak,Pod,2644,1,0.0004
11,Nashik,Sourcing,7769,1,0.0001
11,Indore,Pod,15060,1,0.0001
11,Indore,Pod,15060,5,0.0003
11,Rudrapur,CX,1204,2,0.0017
11,Vadodara,Sourcing,11430,1,0.0001
11,Vellore,Pod,6633,27,0.0041
11,Kozhikode,Pod,15975,22,0.0014
11,Pune,CX,190753,655,0.0034
11,Mysore,CX,23576,44,0.0019
11,Kanpur,Pod,4298,19,0.0044
11,Delhi,Sourcing,192385,42,0.0002
11,Mysore,WH,23576,10,0.0004
11,Mumbai,Pod,430406,33,0.0001
11,Vizag,Sourcing,21988,14,0.0006
11,Chennai,Sourcing,280223,6,0
11,Dehradun,Sourcing,12459,10,0.0008
11,Ludhiana,Pod,8437,3,0.0004
11,Kottayam,Sourcing,5868,1,0.0002
11,Davanagere,Pod,1724,1,0.0006
11,Bangalore,CX,701451,1577,0.0022
11,Varanasi,Sourcing,8781,3,0.0003
11,Rajkot,CX,4211,9,0.0021
11,Central Goa,CX,36883,67,0.0018
11,Vizag,Pod,21988,137,0.0062
11,Ujjain,Pod,2503,21,0.0084
11,Kochi,Sourcing,100744,15,0.0001
11,Alappuzha,Pod,3903,8,0.0021
11,Jaipur,Sourcing,28946,9,0.0003
11,Gwalior,CX,4134,9,0.0022
11,Dibrugarh,Pod,3148,5,0.0016
11,Jalandhar,Pod,2111,10,0.0047
11,Guntur,WH,10702,7,0.0007
11,Kochi,Sourcing,100744,5,0.0001
11,Aurangabad,Sourcing,3069,2,0.0007
11,Vizag,Pod,21988,4,0.0002
11,Kurnool,WH,5326,3,0.0006
11,Meerut,Pod,4025,1,0.0002
11,Manipal,Pod,7869,1,0.0001
11,Thrissur,Pod,24351,3,0.0001
11,Karnal,Sourcing,1080,1,0.0009
11,Roorkee,Pod,1442,1,0.0007
11,Raipur,Pod,4875,3,0.0006
11,Sri Ganganagar,Sourcing,2956,1,0.0003
11,Bangalore,WH,701451,200,0.0003
11,Coimbatore,CX,34454,77,0.0022
11,Belgaum,Pod,3925,11,0.0028
11,Kurnool,Pod,5326,25,0.0047
11,Udaipur,CX,5378,23,0.0043
11,Chennai,Pod,280223,22,0.0001
11,Kochi,CX,100744,111,0.0011
11,Guntur,WH,10702,5,0.0005
11,Central Goa,Sourcing,36883,21,0.0006
11,Kolhapur,Sourcing,2393,3,0.0013
11,Jabalpur,Pod,3419,5,0.0015
11,Faridabad,Sourcing,14454,12,0.0008
11,Surat,Pod,12538,5,0.0004
11,Nellore,Pod,4878,3,0.0006
11,Kanchipuram,Sourcing,3248,2,0.0006
11,Bikaner,Sourcing,1227,1,0.0008
11,Karimnagar,Pod,3629,1,0.0003
11,Karnal,WH,1080,2,0.0019
11,Latur,WH,992,1,0.001
11,Patiala,WH,3704,1,0.0003
11,Hyderabad,Pod,385377,40,0.0001
11,Guntur,CX,10702,18,0.0017
11,Kolkata,Pod,105082,361,0.0034
11,Mumbai,Sourcing,430406,183,0.0004
11,Muzaffarpur,Pod,1060,13,0.0123
11,Thanjavur,Pod,5469,10,0.0018
11,Central Goa,Sourcing,36883,12,0.0003
11,Bilaspur,Pod,1136,6,0.0053
11,Vizag,WH,21988,6,0.0003
11,Rajkot,Pod,4211,13,0.0031
11,Ahmedabad,Sourcing,50355,17,0.0003
11,Meerut,Sourcing,4025,8,0.002
11,Warangal,Pod,8786,4,0.0005
11,Thoothukudi,CX,4595,7,0.0015
11,Coimbatore,Pod,34454,180,0.0052
11,Thiruvananthapuram,Pod,49816,7,0.0001
11,Kannur,Pod,2003,4,0.002
11,Guwahati,WH,9657,2,0.0002
11,Rajkot,Pod,4211,1,0.0002
11,Khammam,Pod,4615,1,0.0002
11,Thoothukudi,Sourcing,4595,1,0.0002
11,Guwahati,WH,9657,1,0.0001
11,Manipal,Sourcing,7869,3,0.0004
11,Tumakuru,CX,3515,1,0.0003
11,Saharanpur,Sourcing,764,1,0.0013
11,Ujjain,Pod,2503,1,0.0004
11,Vijayawada,Sourcing,19408,1,0.0001
11,Guwahati,Pod,9657,119,0.0123
11,Mumbai,WH,430406,110,0.0003
11,Vijayawada,CX,19408,50,0.0026
11,Ranchi,Pod,6801,55,0.0081
11,Varanasi,CX,8781,29,0.0033
11,Nellore,Pod,4878,29,0.0059
11,Nagpur,Sourcing,10257,8,0.0008
11,Coimbatore,Sourcing,34454,31,0.0009
11,Chandigarh,Pod,45752,11,0.0002
11,Moradabad,Pod,2494,17,0.0068
11,Aurangabad,CX,3069,7,0.0023
11,Aligarh,Pod,1736,2,0.0012
11,Delhi,Pod,192385,23,0.0001
11,Rajahmundry,Pod,3698,18,0.0049
11,Nanded,Sourcing,821,2,0.0024
11,Ongole,Pod,462,3,0.0065
11,Vadodara,Sourcing,11430,7,0.0006
11,Tirupati,Pod,12247,8,0.0007
11,Khammam,WH,4615,1,0.0002
11,Guwahati,Sourcing,9657,1,0.0001
11,Salem,WH,7952,1,0.0001
11,Rajahmundry,Pod,3698,2,0.0005
11,Rudrapur,Sourcing,1204,1,0.0008
11,Dehradun,WH,12459,2,0.0002
11,Pune,Sourcing,190753,5,0
11,Manipal,Pod,7869,54,0.0069
11,Dehradun,Pod,12459,58,0.0047
11,Gurgaon,CX,105358,311,0.003
11,Kochi,WH,100744,20,0.0002
11,Hyderabad,Pod,385377,73,0.0002
11,Kozhikode,Pod,15975,8,0.0005
11,Kottayam,Sourcing,5868,3,0.0005
11,Indore,Sourcing,15060,16,0.0011
11,Palakkad,Pod,3276,3,0.0009
11,Nagpur,Pod,10257,6,0.0006
11,Bhopal,WH,9357,4,0.0004
11,Lonavla,Pod,747,10,0.0134
11,Indore,WH,15060,5,0.0003
11,Kota,Pod,4754,2,0.0004
11,Alappuzha,Sourcing,3903,2,0.0005
11,Alappuzha,Pod,3903,1,0.0003
11,Bhilai,CX,1046,1,0.001
11,Muzaffarpur,Pod,1060,2,0.0019
11,Tirunelveli,Sourcing,5354,2,0.0004
11,Nagpur,WH,10257,2,0.0002
11,Kolhapur,Sourcing,2393,1,0.0004
11,Kolkata,CX,105082,222,0.0021
11,Bhopal,Sourcing,9357,9,0.001
11,Pune,Sourcing,190753,64,0.0003
11,Gurgaon,Pod,105358,10,0.0001
11,Gurgaon,WH,105358,30,0.0003
11,Warangal,Sourcing,8786,14,0.0016
11,Karaikkudi,Sourcing,2324,4,0.0017
11,Chandigarh,Pod,45752,10,0.0002
11,Vadodara,Sourcing,11430,14,0.0012
11,Nashik,Sourcing,7769,11,0.0014
11,Patna,Sourcing,18907,17,0.0009
11,Roorkee,Pod,1442,4,0.0028
11,Madurai,WH,10025,5,0.0005
11,Kozhikode,WH,15975,3,0.0002
11,Jamshedpur,Sourcing,4594,2,0.0004
11,Lucknow,Sourcing,22022,3,0.0001
11,Faridabad,WH,14454,3,0.0002
11,Moradabad,Sourcing,2494,1,0.0004
11,Palakkad,Sourcing,3276,2,0.0006
11,Kakinada,Sourcing,3446,2,0.0006
11,Jalandhar,Sourcing,2111,1,0.0005
11,Lucknow,CX,22022,33,0.0015
11,Chennai,Sourcing,280223,241,0.0009
11,Udaipur,Pod,5378,44,0.0082
11,Thrissur,Sourcing,24351,16,0.0007
11,Dehradun,CX,12459,48,0.0039
11,Aligarh,Pod,1736,18,0.0104
11,Ranchi,Sourcing,6801,7,0.001
11,Mysore,Pod,23576,14,0.0006
11,Rajahmundry,Sourcing,3698,2,0.0005
11,Nellore,Sourcing,4878,2,0.0004
11,Noida 1,Sourcing,75286,92,0.0012
11,Meerut,Pod,4025,3,0.0007
11,Jodhpur,CX,2506,3,0.0012
11,Silchar,Pod,3245,1,0.0003
11,Rajahmundry,Pod,3698,1,0.0003
11,Lonavla,CX,747,4,0.0054
11,Amravati,Sourcing,1435,1,0.0007
11,Jamshedpur,WH,4594,1,0.0002
11,Latur,Sourcing,992,2,0.002
11,Ranchi,Sourcing,6801,1,0.0001
11,Amravati,Sourcing,1435,1,0.0007
11,Patna,Pod,18907,4,0.0002
11,Thiruvananthapuram,Pod,49816,1,0
11,Pune,Pod,190753,1462,0.0077
11,Hyderabad,Pod,385377,40,0.0001
11,Central Goa,Pod,36883,179,0.0049
11,Surat,CX,12538,43,0.0034
11,Vizag,WH,21988,8,0.0004
11,Salem,Pod,7952,3,0.0004
11,Thrissur,CX,24351,17,0.0007
11,Tirupati,WH,12247,4,0.0003
11,Central Goa,WH,36883,8,0.0002
11,Silchar,CX,3245,4,0.0012
11,Rohtak,Sourcing,2644,3,0.0011
11,Surat,Sourcing,12538,19,0.0015
11,Noida 1,Sourcing,75286,62,0.0008
11,Central Goa,Sourcing,36883,15,0.0004
11,Lucknow,WH,22022,3,0.0001
11,Anantapur,CX,3998,16,0.004
11,Faridabad,Pod,14454,6,0.0004
11,Raipur,Sourcing,4875,1,0.0002
11,Pondicherry,Sourcing,11710,2,0.0002
11,Berhampur,Pod,1186,1,0.0008
11,Bikaner,Pod,1227,1,0.0008
11,Ahmedabad,Pod,50355,413,0.0082
11,Mysore,Sourcing,23576,27,0.0011
11,Pune,Sourcing,190753,101,0.0005
11,Kolkata,Sourcing,105082,72,0.0007
11,Salem,Pod,7952,28,0.0035
11,Thrissur,WH,24351,5,0.0002
11,Alappuzha,Sourcing,3903,3,0.0008
11,Ujjain,Sourcing,2503,2,0.0008
11,Ludhiana,CX,8437,16,0.0019
11,Nellore,CX,4878,9,0.0018
11,Manipal,WH,7869,2,0.0003
11,Ranchi,CX,6801,26,0.0038
11,Nanded,Pod,821,6,0.0073
11,Jaipur,Pod,28946,3,0.0001
11,Khammam,CX,4615,11,0.0024
11,Patiala,CX,3704,5,0.0014
11,Raipur,WH,4875,6,0.0012
11,Thanjavur,Sourcing,5469,1,0.0002
11,Patiala,Sourcing,3704,3,0.0008
11,Sri Ganganagar,Sourcing,2956,1,0.0003
11,Karur,Sourcing,2979,1,0.0003
11,Kochi,Pod,100744,1,0
11,Vellore,WH,6633,1,0.0002
11,Anantapur,WH,3998,2,0.0005
11,Amritsar,Sourcing,3190,2,0.0006
11,Madurai,Sourcing,10025,2,0.0002
11,Central Goa,Pod,36883,1,0
11,Indore,Sourcing,15060,1,0.0001
11,Hyderabad,CX,385377,1560,0.004
11,Trichy,Pod,9020,37,0.0041
11,Mumbai,Sourcing,430406,639,0.0015
11,Mumbai,Sourcing,430406,245,0.0006
11,Mathura,Pod,1199,5,0.0042
11,Bhubaneswar,CX,31770,65,0.002
11,Thrissur,Sourcing,24351,5,0.0002
11,Tirunelveli,Sourcing,5354,2,0.0004
11,Amritsar,CX,3190,5,0.0016
11,Udaipur,WH,5378,4,0.0007
11,Erode,WH,3695,2,0.0005
11,Chennai,CX,280223,1094,0.0039
11,Warangal,WH,8786,4,0.0005
11,Patna,WH,18907,3,0.0002
11,Dehradun,WH,12459,3,0.0002
11,Central Goa,Pod,36883,10,0.0003
11,Bhopal,Pod,9357,1,0.0001
11,Gorakhpur,CX,2237,4,0.0018
11,Thrissur,WH,24351,1,0
11,Amritsar,Pod,3190,1,0.0003
11,Davanagere,Pod,1724,1,0.0006
11,Raipur,Sourcing,4875,2,0.0004
11,Ahmednagar,Pod,758,1,0.0013
11,Rajahmundry,WH,3698,2,0.0005
11,Ludhiana,Sourcing,8437,5,0.0006
11,Karaikkudi,Sourcing,2324,1,0.0004
11,Jodhpur,Sourcing,2506,2,0.0008
11,Gurgaon,Sourcing,105358,1,0
11,Kochi,Sourcing,100744,81,0.0008
11,Delhi,Sourcing,192385,341,0.0018
11,Kolkata,Sourcing,105082,73,0.0007
11,Gurgaon,Sourcing,105358,66,0.0006
11,Ahmedabad,Sourcing,50355,41,0.0008
11,Pondicherry,Sourcing,11710,8,0.0007
11,Bangalore,WH,701451,492,0.0007
11,Vizag,Sourcing,21988,18,0.0008
11,Lucknow,Pod,22022,5,0.0002
11,Durgapur,CX,646,2,0.0031
11,Silchar,Sourcing,3245,1,0.0003
11,Erode,Pod,3695,1,0.0003
11,Tirunelveli,WH,5354,2,0.0004
11,Bilaspur,Sourcing,1136,1,0.0009
11,Thiruvalla,Sourcing,3976,1,0.0003
11,Ambala,Sourcing,2012,1,0.0005
11,Anantapur,Sourcing,3998,1,0.0003
11,Tirunelveli,Pod,5354,1,0.0002
11,Belgaum,Sourcing,3925,1,0.0003
11,Manipal,Pod,7869,1,0.0001
11,Ludhiana,WH,8437,2,0.0002
11,Madurai,Pod,10025,50,0.005
11,Kochi,Sourcing,100744,85,0.0008
11,Ahmedabad,CX,50355,174,0.0035
11,Chandigarh,WH,45752,17,0.0004
11,Pune,WH,190753,89,0.0005
11,Hubli,Pod,3212,12,0.0037
11,Pune,Pod,190753,18,0.0001
11,Patna,Sourcing,18907,8,0.0004
11,Aurangabad,WH,3069,2,0.0007
11,Jabalpur,Sourcing,3419,3,0.0009
11,Nashik,Sourcing,7769,3,0.0004
11,Allahabad,CX,1731,6,0.0035
11,Thiruvananthapuram,Sourcing,49816,37,0.0007
11,Aurangabad,Sourcing,3069,8,0.0026
11,Davanagere,Pod,1724,8,0.0046
11,Ahmedabad,Sourcing,50355,1,0
11,Karimnagar,Sourcing,3629,1,0.0003
11,Silchar,Sourcing,3245,1,0.0003
11,Kota,Sourcing,4754,2,0.0004
11,Jalandhar,CX,2111,1,0.0005
11,Roorkee,WH,1442,1,0.0007
11,Bangalore,Sourcing,701451,581,0.0008
11,Aurangabad,Pod,3069,20,0.0065
11,Delhi,Pod,192385,1147,0.006
11,Noida 1,Pod,75286,508,0.0067
11,Nashik,CX,7769,19,0.0024
11,Kolkata,WH,105082,20,0.0002
11,Vadodara,WH,11430,4,0.0004
11,Jaipur,Pod,28946,7,0.0002
11,Warangal,Pod,8786,7,0.0008
11,Indore,Sourcing,15060,10,0.0007
11,Vijayawada,Sourcing,19408,10,0.0005
11,Pondicherry,Pod,11710,5,0.0004
11,Dehradun,Sourcing,12459,10,0.0008
11,Shivamogga,Sourcing,3458,6,0.0017
11,Patiala,Pod,3704,1,0.0003
11,Belgaum,WH,3925,1,0.0003
11,Shivamogga,WH,3458,1,0.0003
11,Moradabad,WH,2494,1,0.0004
11,Thoothukudi,Sourcing,4595,2,0.0004
11,Eluru,Pod,848,3,0.0035
11,Bhimavaram,Sourcing,546,1,0.0018
11,Bangalore,Sourcing,701451,690,0.001
11,Eluru,Sourcing,848,2,0.0024
11,Bareilly,Pod,1989,13,0.0065
11,Thiruvananthapuram,WH,49816,12,0.0002
11,Siliguri,Pod,3027,16,0.0053
11,Patiala,Pod,3704,15,0.0041
11,Jodhpur,Pod,2506,12,0.0048
11,Shivamogga,Pod,3458,10,0.0029
11,Gurgaon,Pod,105358,14,0.0001
11,Nagercoil,WH,3625,2,0.0006
11,Trichy,Sourcing,9020,4,0.0004
11,Vapi,Sourcing,3681,5,0.0014
11,Kozhikode,Pod,15975,2,0.0001
11,Warangal,Sourcing,8786,5,0.0006
11,Udaipur,WH,5378,1,0.0002
11,Kozhikode,WH,15975,2,0.0001
11,Kottayam,Sourcing,5868,1,0.0002
11,Rajkot,Sourcing,4211,1,0.0002
11,Delhi,Pod,192385,1,0
11,Tirupur,WH,5742,1,0.0002
11,Alappuzha,WH,3903,1,0.0003
11,Thoothukudi,WH,4595,1,0.0002
11,Surat,Pod,12538,3,0.0002
11,Bareilly,Sourcing,1989,1,0.0005
11,Noida 1,CX,75286,229,0.003
11,Mumbai,WH,430406,156,0.0004
11,Mangaluru,Pod,22895,128,0.0056
11,Manipal,Sourcing,7869,7,0.0009
11,Bangalore,Pod,701451,170,0.0002
11,Warangal,Pod,8786,66,0.0075
11,Warangal,CX,8786,25,0.0028
11,Guntur,Sourcing,10702,9,0.0008
11,Thiruvananthapuram,Pod,49816,34,0.0007
11,Noida 1,WH,75286,28,0.0004
11,Kollam,CX,8415,7,0.0008
11,Noida 1,Pod,75286,2,0
11,Chennai,Pod,280223,1670,0.006
11,Erode,Pod,3695,10,0.0027
11,Latur,Pod,992,11,0.0111
11,Bikaner,WH,1227,2,0.0016
11,Ranchi,WH,6801,1,0.0001
11,Tirupur,Pod,5742,1,0.0002
11,Hubli,Sourcing,3212,2,0.0006
11,Thiruvallur,Sourcing,2502,1,0.0004
11,Kanchipuram,Pod,3248,1,0.0003
11,Bareilly,WH,1989,1,0.0005
11,Ambala,Pod,2012,5,0.0025
11,Kurnool,WH,5326,3,0.0006
11,Tirupur,Sourcing,5742,2,0.0003
11,Central Goa,Pod,36883,2,0.0001
11,Ahmednagar,Pod,758,1,0.0013
11,Bangalore,Sourcing,701451,522,0.0007
11,Mangaluru,CX,22895,75,0.0033
11,Vijayawada,Sourcing,19408,31,0.0016
11,Chennai,WH,280223,127,0.0005
11,Kozhikode,CX,15975,21,0.0013
11,Jamshedpur,Pod,4594,39,0.0085
11,Indore,WH,15060,7,0.0005
11,Vellore,Sourcing,6633,3,0.0005
11,Pondicherry,Pod,11710,38,0.0032
11,Kakinada,Pod,3446,22,0.0064
11,Kozhikode,Sourcing,15975,10,0.0006
11,Kolhapur,Pod,2393,11,0.0046
11,Sonipat,Sourcing,1187,3,0.0025
11,Rudrapur,Pod,1204,10,0.0083
11,Madurai,WH,10025,4,0.0004
11,Jodhpur,Sourcing,2506,1,0.0004
11,Guntur,Pod,10702,1,0.0001
11,Pondicherry,WH,11710,2,0.0002
11,Rohtak,Pod,2644,3,0.0011
11,Allahabad,Sourcing,1731,1,0.0006
11,Thiruvalla,Pod,3976,1,0.0003
11,Tirunelveli,Pod,5354,1,0.0002
11,Vadodara,Pod,11430,66,0.0058
11,Hyderabad,Sourcing,385377,352,0.0009
11,Hyderabad,WH,385377,106,0.0003
11,Silchar,Pod,3245,14,0.0043
11,Amritsar,Pod,3190,13,0.0041
11,Gorakhpur,Pod,2237,13,0.0058
11,Karur,Pod,2979,8,0.0027
11,Nagercoil,Pod,3625,4,0.0011
11,Karur,CX,2979,3,0.001
11,Tirupur,Pod,5742,24,0.0042
11,Delhi,WH,192385,79,0.0004
11,Kanchipuram,Sourcing,3248,3,0.0009
11,Rudrapur,Sourcing,1204,1,0.0008
11,Varanasi,WH,8781,1,0.0001
11,Guwahati,Pod,9657,1,0.0001
11,Aligarh,Sourcing,1736,1,0.0006
11,Chandigarh,Pod,45752,314,0.0069
11,Ahmedabad,Pod,50355,17,0.0003
11,Mysore,Pod,23576,91,0.0039
11,Noida,Sourcing,26373,34,0.0013
11,Tirupati,CX,12247,36,0.0029
11,Thiruvallur,Pod,2502,6,0.0024
11,Tirupati,Sourcing,12247,7,0.0006
11,Guwahati,Pod,9657,7,0.0007
11,Vadodara,Pod,11430,9,0.0008
11,Khammam,Sourcing,4615,2,0.0004
11,Raipur,Sourcing,4875,3,0.0006
11,Vapi,Sourcing,3681,3,0.0008
11,Karimnagar,Pod,3629,14,0.0039
11,Tumakuru,Pod,3515,6,0.0017
11,Coimbatore,Pod,34454,4,0.0001
11,Cuttack,CX,3090,4,0.0013
11,Vizag,Sourcing,21988,2,0.0001
11,Agra,Sourcing,2502,1,0.0004
11,Nagercoil,Pod,3625,1,0.0003
11,Thiruvallur,Sourcing,2502,1,0.0004
11,Jhansi,Pod,1290,1,0.0008
11,Ludhiana,Sourcing,8437,1,0.0001
11,Kolkata,Pod,105082,1,0
11,Vapi,Sourcing,3681,1,0.0003
11,Gorakhpur,Sourcing,2237,1,0.0004
11,Jaipur,Pod,28946,2,0.0001
11,Kanpur,WH,4298,1,0.0002
11,Mumbai,Pod,430406,3050,0.0071
11,Bangalore,Pod,701451,3477,0.005
11,Surat,Sourcing,12538,9,0.0007
11,Mysore,WH,23576,4,0.0002
11,Meerut,Sourcing,4025,11,0.0027
11,Varanasi,Pod,8781,68,0.0077
11,Kollam,Pod,8415,14,0.0017
11,Ujjain,CX,2503,6,0.0024
11,Hyderabad,Sourcing,385377,20,0.0001
11,Vizianagaram,Pod,898,3,0.0033
11,Lucknow,Sourcing,22022,4,0.0002
11,Bhopal,Pod,9357,58,0.0062
11,Dibrugarh,CX,3148,18,0.0057
11,Kolkata,Pod,105082,21,0.0002
11,Thanjavur,Pod,5469,2,0.0004
11,Vadodara,WH,11430,2,0.0002
11,Kanpur,CX,4298,2,0.0005
11,Thrissur,Pod,24351,1,0
11,Sonipat,CX,1187,1,0.0008
11,Karnal,Sourcing,1080,1,0.0009
11,Jalandhar,Pod,2111,1,0.0005
11,Salem,CX,7952,12,0.0015
11,Lucknow,Pod,22022,1,0
11,Cuttack,Pod,3090,2,0.0006
11,Patiala,Sourcing,3704,1,0.0003
11,Mumbai,Sourcing,430406,20,0
11,Mathura,Pod,1199,1,0.0008
11,Coimbatore,Sourcing,34454,8,0.0002
11,Bhubaneswar,Pod,31770,10,0.0003
11,Manipal,CX,7869,16,0.002
11,Rohtak,CX,2644,8,0.003
11,Central Goa,WH,36883,8,0.0002
11,Meerut,CX,4025,14,0.0035
11,Kota,CX,4754,10,0.0021
11,Jabalpur,WH,3419,3,0.0009
11,Lucknow,Sourcing,22022,18,0.0008
11,Kurnool,Sourcing,5326,3,0.0006
11,Warangal,Sourcing,8786,2,0.0002
11,Bareilly,CX,1989,3,0.0015
11,Warangal,WH,8786,3,0.0003
11,Kakinada,Sourcing,3446,5,0.0015
11,Bathinda,CX,1041,3,0.0029
11,Nagercoil,Sourcing,3625,3,0.0008
11,Kakinada,CX,3446,5,0.0015
11,Kozhikode,Sourcing,15975,10,0.0006
11,Nanded,CX,821,2,0.0024
11,Mangaluru,Pod,22895,12,0.0005
11,Thiruvananthapuram,Sourcing,49816,5,0.0001
11,Anantapur,Sourcing,3998,1,0.0003
11,Indore,Pod,15060,1,0.0001
11,Kurukshetra,Sourcing,1074,1,0.0009
11,Nizamabad,Sourcing,740,1,0.0014
11,Siliguri,Pod,3027,1,0.0003
11,Dibrugarh,Sourcing,3148,1,0.0003
11,Ajmer,WH,1696,1,0.0006
11,Jaipur,Sourcing,28946,10,0.0003
11,Gwalior,Pod,4134,16,0.0039
11,Pune,Sourcing,190753,206,0.0011
11,Nagpur,Pod,10257,57,0.0056
11,Kolkata,Sourcing,105082,12,0.0001
11,Nashik,Sourcing,7769,5,0.0006
11,Amritsar,Sourcing,3190,4,0.0013
11,Warangal,Pod,8786,3,0.0003
11,Madurai,Sourcing,10025,8,0.0008
11,Faridabad,Sourcing,14454,21,0.0015
11,Rohtak,Sourcing,2644,3,0.0011
11,Karimnagar,CX,3629,7,0.0019
11,Bangalore,Pod,701451,24,0
11,Nellore,Sourcing,4878,2,0.0004
11,Trichy,Sourcing,9020,2,0.0002
11,Kurukshetra,Pod,1074,2,0.0019
11,Karimnagar,Sourcing,3629,3,0.0008
11,Dibrugarh,Sourcing,3148,1,0.0003
11,Vapi,Pod,3681,1,0.0003
11,Thrissur,Sourcing,24351,2,0.0001
11,Khammam,Sourcing,4615,1,0.0002
11,Lonavla,Pod,747,1,0.0013
11,Kurnool,Sourcing,5326,3,0.0006
11,Jaipur,Pod,28946,239,0.0083
11,Coimbatore,WH,34454,19,0.0006
11,Thanjavur,WH,5469,2,0.0004
11,Amravati,Pod,1435,5,0.0035
11,Bathinda,Pod,1041,8,0.0077
11,Panipat,Sourcing,2859,2,0.0007
11,Thoothukudi,Pod,4595,14,0.003
11,Sri Ganganagar,CX,2956,4,0.0014
11,Anand,Pod,1113,9,0.0081
11,Dehradun,Pod,12459,3,0.0002
11,Varanasi,Pod,8781,5,0.0006
11,Moradabad,Sourcing,2494,1,0.0004
11,Siliguri,Sourcing,3027,1,0.0003
11,Patna,Pod,18907,16,0.0008
11,Gwalior,Sourcing,4134,1,0.0002
11,Amritsar,Pod,3190,1,0.0003
11,Shivamogga,Sourcing,3458,1,0.0003
11,Gurgaon,Pod,105358,933,0.0089
11,Nagpur,Sourcing,10257,8,0.0008
11,Delhi,Sourcing,192385,264,0.0014
11,Sonipat,Pod,1187,8,0.0067
11,Tirupati,Pod,12247,75,0.0061
11,Tirupur,Sourcing,5742,5,0.0009
11,Vapi,Pod,3681,17,0.0046
11,Guwahati,CX,9657,49,0.0051
11,Bhubaneswar,Sourcing,31770,4,0.0001
11,Ajmer,Pod,1696,13,0.0077
11,Bangalore,Pod,701451,770,0.0011
11,Karaikkudi,CX,2324,4,0.0017
11,Surat,Sourcing,12538,3,0.0002
11,Vellore,Sourcing,6633,5,0.0008
11,Nagpur,WH,10257,4,0.0004
11,Kakinada,Pod,3446,2,0.0006
11,Sonipat,Pod,1187,1,0.0008
11,Bathinda,Sourcing,1041,1,0.001
11,Sonipat,Sourcing,1187,1,0.0008
11,Rajahmundry,Sourcing,3698,1,0.0003
11,Kolhapur,WH,2393,1,0.0004
11,Thiruvallur,Pod,2502,2,0.0008
11,Allahabad,Pod,1731,1,0.0006
11,Kanchipuram,Sourcing,3248,1,0.0003
11,Coimbatore,Sourcing,34454,32,0.0009
11,Faridabad,CX,14454,36,0.0025
11,Vellore,CX,6633,7,0.0011
11,Bhubaneswar,Pod,31770,177,0.0056
11,Vizag,Sourcing,21988,32,0.0015
11,Trichy,CX,9020,13,0.0014
11,Kochi,WH,100744,15,0.0001
11,Jaipur,WH,28946,16,0.0006
11,Kochi,Pod,100744,8,0.0001
11,Gurgaon,Pod,105358,6,0.0001
11,Kanchipuram,Pod,3248,11,0.0034
11,Faridabad,WH,14454,4,0.0003
11,Patiala,Sourcing,3704,4,0.0011
11,Vellore,Sourcing,6633,2,0.0003
11,Bareilly,Sourcing,1989,2,0.001
11,Jhansi,CX,1290,2,0.0016
11,Bhimavaram,Pod,546,2,0.0037
11,Thiruvallur,CX,2502,3,0.0012
11,Shivamogga,Pod,3458,2,0.0006
11,Jhansi,Sourcing,1290,2,0.0016
11,Mathura,Sourcing,1199,1,0.0008
11,Salem,Sourcing,7952,2,0.0003
11,Ongole,CX,462,2,0.0043
11,Bathinda,WH,1041,1,0.001
11,Karimnagar,Sourcing,3629,2,0.0006
11,Bhopal,WH,9357,1,0.0001
11,Hubli,Sourcing,3212,1,0.0003
11,Moradabad,Pod,2494,1,0.0004
11,Kanpur,Sourcing,4298,1,0.0002
11,Delhi,Sourcing,192385,147,0.0008
11,Noida 1,Sourcing,75286,13,0.0002
11,Mangaluru,Sourcing,22895,22,0.001
11,Ahmedabad,Sourcing,50355,43,0.0009
11,Kochi,Pod,100744,28,0.0003
11,Anantapur,Pod,3998,22,0.0055
11,Dehradun,Sourcing,12459,12,0.001
11,Thanjavur,CX,5469,7,0.0013
11,Bhubaneswar,Sourcing,31770,21,0.0007
11,Gurgaon,Sourcing,105358,31,0.0003
11,Coimbatore,WH,34454,16,0.0005
11,Ranchi,Pod,6801,5,0.0007
11,Bilaspur,Sourcing,1136,2,0.0018
11,Amritsar,Sourcing,3190,4,0.0013
11,Trichy,Pod,9020,3,0.0003
11,Anantapur,Pod,3998,2,0.0005
11,Ahmednagar,WH,758,2,0.0026
11,Madurai,Sourcing,10025,1,0.0001
11,Anand,WH,1113,1,0.0009
11,Berhampur,Pod,1186,5,0.0042
11,Karimnagar,Pod,3629,1,0.0003
11,Kanchipuram,Pod,3248,1,0.0003
11,Gwalior,Sourcing,4134,1,0.0002
11,Karaikkudi,WH,2324,1,0.0004
11,Belgaum,Pod,3925,1,0.0003
11,Erode,Sourcing,3695,1,0.0003
11,Gurgaon,Sourcing,105358,151,0.0014
11,Bangalore,Sourcing,701451,141,0.0002
11,Indore,CX,15060,49,0.0033
11,Bhopal,CX,9357,21,0.0022
11,Noida 1,WH,75286,30,0.0004
11,Chennai,Pod,280223,36,0.0001
11,Raipur,CX,4875,10,0.0021
11,Thiruvananthapuram,CX,49816,65,0.0013
11,Kottayam,Pod,5868,11,0.0019
11,Faridabad,Pod,14454,4,0.0003
11,Faridabad,Sourcing,14454,7,0.0005
11,Rajkot,Sourcing,4211,5,0.0012
11,Bikaner,CX,1227,17,0.0139
11,Thiruvallur,Sourcing,2502,2,0.0008
11,Vijayawada,Pod,19408,8,0.0004
11,Aligarh,CX,1736,3,0.0017
11,Kanchipuram,CX,3248,5,0.0015
11,Agra,CX,2502,2,0.0008
11,Tirupati,Sourcing,12247,6,0.0005
11,Hubli,CX,3212,9,0.0028
11,Panipat,CX,2859,4,0.0014
11,Shivamogga,WH,3458,1,0.0003
11,Trichy,WH,9020,2,0.0002
11,Rudrapur,Pod,1204,1,0.0008
11,Udaipur,Pod,5378,2,0.0004
11,Thanjavur,Sourcing,5469,1,0.0002
11,Hyderabad,Pod,385377,2738,0.0071
11,Hyderabad,Sourcing,385377,174,0.0005
11,Noida,Pod,26373,62,0.0024
11,Thiruvananthapuram,Pod,49816,229,0.0046
11,Indore,Pod,15060,123,0.0082
11,Ludhiana,Pod,8437,46,0.0055
11,Thrissur,Pod,24351,41,0.0017
11,Sri Ganganagar,Pod,2956,10,0.0034
11,Noida,Sourcing,26373,4,0.0002
11,Bhopal,Sourcing,9357,6,0.0006
11,Varanasi,Sourcing,8781,5,0.0006
11,Kottayam,CX,5868,4,0.0007
11,Patna,WH,18907,3,0.0002
11,Thanjavur,Sourcing,5469,6,0.0011
11,Kakinada,Sourcing,3446,4,0.0012
11,Ludhiana,WH,8437,2,0.0002
11,Anand,Sourcing,1113,3,0.0027
11,Belgaum,Sourcing,3925,2,0.0005
11,Vizianagaram,Sourcing,898,1,0.0011
11,Nagercoil,Pod,3625,1,0.0003
11,Ahmednagar,Sourcing,758,1,0.0013
11,Thoothukudi,WH,4595,1,0.0002
11,Nashik,WH,7769,1,0.0001
11,Mangaluru,Pod,22895,2,0.0001
11,Sri Ganganagar,Sourcing,2956,1,0.0003
11,Bhilai,Pod,1046,8,0.0076
11,Durgapur,Pod,646,1,0.0015
11,Noida,Pod,26373,157,0.006
11,Patna,Sourcing,18907,16,0.0008
11,Vizag,Pod,21988,12,0.0005
11,Thiruvalla,Pod,3976,7,0.0018
11,Vijayawada,WH,19408,10,0.0005
11,Jhansi,Pod,1290,8,0.0062
11,Varanasi,WH,8781,5,0.0006
11,Nagpur,Sourcing,10257,8,0.0008
11,Guntur,Sourcing,10702,8,0.0007
11,Panipat,Sourcing,2859,4,0.0014
11,Surat,Pod,12538,65,0.0052
11,Nizamabad,Pod,740,2,0.0027
11,Erode,Sourcing,3695,3,0.0008
11,Kurnool,Sourcing,5326,5,0.0009
11,Tirunelveli,WH,5354,2,0.0004
11,Bhopal,Sourcing,9357,2,0.0002
11,Thoothukudi,Pod,4595,1,0.0002
11,Bilaspur,Sourcing,1136,1,0.0009
11,Guwahati,Sourcing,9657,3,0.0003
11,Hubli,WH,3212,1,0.0003
11,Lonavla,Sourcing,747,1,0.0013
11,Erode,CX,3695,7,0.0019
11,Karimnagar,WH,3629,1,0.0003
11,Vijayawada,Pod,19408,2,0.0001
11,Vijayawada,Pod,19408,95,0.0049
11,Kolkata,Pod,105082,215,0.002
11,Ludhiana,Sourcing,8437,8,0.0009
11,Guntur,Pod,10702,63,0.0059
11,Nashik,Pod,7769,61,0.0079
11,Karnal,Pod,1080,7,0.0065
11,Rohtak,WH,2644,7,0.0026
11,Rajahmundry,CX,3698,12,0.0032
11,Kakinada,WH,3446,2,0.0006
11,Meerut,Sourcing,4025,5,0.0012
11,Mumbai,Pod,430406,113,0.0003
11,Vijayawada,Sourcing,19408,17,0.0009
11,Vijayawada,Pod,19408,2,0.0001
11,Chandigarh,CX,45752,142,0.0031
11,Guntur,Sourcing,10702,12,0.0011
11,Belgaum,Sourcing,3925,1,0.0003
11,Bhilai,Sourcing,1046,1,0.001
11,Kakinada,WH,3446,3,0.0009
11,Vellore,Pod,6633,1,0.0002
11,Nellore,Sourcing,4878,4,0.0008
11,Jodhpur,Pod,2506,3,0.0012
11,Jabalpur,Sourcing,3419,2,0.0006
11,Nagpur,CX,10257,26,0.0025
11,Khammam,Pod,4615,28,0.0061
11,Meerut,Pod,4025,50,0.0124
11,Udaipur,Sourcing,5378,2,0.0004
11,Chennai,Pod,280223,92,0.0003
11,Roorkee,CX,1442,2,0.0014
11,Moradabad,CX,2494,1,0.0004
11,Vadodara,Sourcing,11430,5,0.0004
11,Bhubaneswar,WH,31770,2,0.0001
11,Guntur,Pod,10702,2,0.0002
11,Nizamabad,Sourcing,740,1,0.0014
11,Mangaluru,WH,22895,6,0.0003
11,Mumbai,Pod,430406,31,0.0001
11,Ujjain,WH,2503,3,0.0012
11,Sonipat,Sourcing,1187,2,0.0017
11,Muzaffarpur,Sourcing,1060,4,0.0038
11,Surat,WH,12538,5,0.0004
11,Udaipur,Sourcing,5378,2,0.0004
11,Madurai,Pod,10025,3,0.0003
11,Kota,Sourcing,4754,1,0.0002
11,Kottayam,WH,5868,1,0.0002
11,Vizag,Pod,21988,2,0.0001
11,Jalandhar,WH,2111,1,0.0005
11,Cuttack,Pod,3090,13,0.0042
11,Madurai,Sourcing,10025,10,0.001
11,Udaipur,Sourcing,5378,6,0.0011
11,Bikaner,WH,1227,1,0.0008
11,Thiruvananthapuram,Sourcing,49816,7,0.0001
11,Jamshedpur,Sourcing,4594,1,0.0002
11,Tirunelveli,CX,5354,7,0.0013
11,Bikaner,Pod,1227,14,0.0114
11,Chennai,Sourcing,280223,106,0.0004
11,Noida,WH,26373,9,0.0003
11,Pondicherry,WH,11710,2,0.0002
11,Bhubaneswar,Pod,31770,12,0.0004
11,Ajmer,CX,1696,4,0.0024
11,Kolhapur,CX,2393,4,0.0017
11,Kolkata,Sourcing,105082,97,0.0009
11,Siliguri,CX,3027,4,0.0013
11,Kozhikode,Sourcing,15975,1,0.0001
11,Kochi,Pod,100744,270,0.0027
11,Gurgaon,WH,105358,27,0.0003
11,Latur,CX,992,3,0.003
11,Kollam,WH,8415,2,0.0002
11,Chandigarh,Sourcing,45752,1,0
11,Surat,WH,12538,3,0.0002
11,Muzaffarpur,CX,1060,5,0.0047
11,Salem,Sourcing,7952,3,0.0004
11,Bilaspur,Pod,1136,1,0.0009
11,Pondicherry,Pod,11710,1,0.0001
11,Indore,Sourcing,15060,14,0.0009
11,Kolkata,WH,105082,8,0.0001
11,Alappuzha,WH,3903,1,0.0003
11,Kurukshetra,CX,1074,1,0.0009
11,Tirunelveli,Pod,5354,22,0.0041
11,Madurai,CX,10025,20,0.002
11,Tumakuru,Sourcing,3515,2,0.0006
11,Rajkot,Sourcing,4211,1,0.0002
11,Lucknow,Sourcing,22022,1,0
11,Chandigarh,Sourcing,45752,27,0.0006
11,Shivamogga,CX,3458,4,0.0012
11,Patna,CX,18907,42,0.0022
11,Kanpur,Pod,4298,3,0.0007
11,Manipal,Pod,7869,2,0.0003
11,Mysore,Pod,23576,2,0.0001
11,Patna,Pod,18907,152,0.008
11,Kurnool,Pod,5326,2,0.0004
11,Khammam,WH,4615,1,0.0002
11,Meerut,WH,4025,1,0.0002
11,Tirupur,CX,5742,16,0.0028
11,Vadodara,CX,11430,31,0.0027
11,Anand,CX,1113,4,0.0036
11,Noida,WH,26373,10,0.0004
12,Vellore,Sourcing,5779,1,0.0002
12,Erode,Sourcing,3231,1,0.0003
12,Ajmer,Sourcing,1644,1,0.0006
12,Guwahati,Sourcing,8950,2,0.0002
12,Nellore,WH,4249,1,0.0002
12,Aurangabad,WH,3055,1,0.0003
12,Kota,Pod,5468,1,0.0002
12,Jalandhar,Pod,1985,1,0.0005
12,Vijayawada,Pod,18437,5,0.0003
12,Delhi,Sourcing,165194,229,0.0014
12,Meerut,Pod,4316,27,0.0063
12,Jaipur,WH,25668,6,0.0002
12,Indore,Sourcing,14999,9,0.0006
12,Rajkot,Pod,4312,26,0.006
12,Pondicherry,Sourcing,10080,4,0.0004
12,Bilaspur,Pod,1231,8,0.0065
12,Amravati,Pod,1258,7,0.0056
12,Bikaner,Sourcing,1136,2,0.0018
12,Jodhpur,Pod,2272,2,0.0009
12,Aligarh,Sourcing,1462,3,0.0021
12,Kanchipuram,Sourcing,2579,4,0.0016
12,Trichy,Sourcing,8428,5,0.0006
12,Thoothukudi,Sourcing,4266,1,0.0002
12,Rajahmundry,Pod,3394,1,0.0003
12,Belgaum,WH,3674,4,0.0011
12,Bareilly,Sourcing,1627,1,0.0006
12,Siliguri,Sourcing,2740,1,0.0004
12,Saharanpur,WH,722,1,0.0014
12,Bathinda,Pod,1030,1,0.001
12,Shivamogga,Sourcing,3306,2,0.0006
12,Jodhpur,WH,2272,1,0.0004
12,Noida 1,Pod,69653,359,0.0052
12,Chandigarh,CX,41937,116,0.0028
12,Bhubaneswar,CX,29770,55,0.0018
12,Kurnool,CX,5493,21,0.0038
12,Rajahmundry,Pod,3394,3,0.0009
12,Trichy,Pod,8428,30,0.0036
12,Bhopal,CX,8764,19,0.0022
12,Warangal,WH,8269,3,0.0004
12,Muzaffarpur,Sourcing,1426,2,0.0014
12,Kottayam,Pod,5102,3,0.0006
12,Vadodara,WH,10360,9,0.0009
12,Coimbatore,WH,32457,14,0.0004
12,Nashik,Pod,5742,4,0.0007
12,Meerut,Sourcing,4316,7,0.0016
12,Coimbatore,Sourcing,32457,4,0.0001
12,Erode,WH,3231,1,0.0003
12,Noida 1,Pod,69653,109,0.0016
12,Khammam,CX,4792,27,0.0056
12,Rajahmundry,Sourcing,3394,1,0.0003
12,Guntur,CX,10766,48,0.0045
12,Karur,Sourcing,2737,1,0.0004
12,Karaikkudi,Pod,2196,1,0.0005
12,Vapi,Sourcing,3042,2,0.0007
12,Bilaspur,Sourcing,1231,1,0.0008
12,Mumbai,WH,344041,102,0.0003
12,Kolkata,CX,97163,189,0.0019
12,Pune,Sourcing,177273,179,0.001
12,Manipal,Pod,7022,29,0.0041
12,Rajahmundry,Pod,3394,21,0.0062
12,Allahabad,Pod,1794,10,0.0056
12,Ahmedabad,Sourcing,44850,24,0.0005
12,Kanpur,Pod,4053,20,0.0049
12,Jaipur,Sourcing,25668,15,0.0006
12,Vizag,Pod,22647,6,0.0003
12,Bhubaneswar,Pod,29770,6,0.0002
12,Coimbatore,Pod,32457,3,0.0001
12,Chennai,Sourcing,239427,88,0.0004
12,Noida,Sourcing,23503,45,0.0019
12,Mysore,Pod,21498,23,0.0011
12,Patiala,Sourcing,3415,3,0.0009
12,Kurnool,Pod,5493,4,0.0007
12,Vellore,Pod,5779,16,0.0028
12,Shivamogga,WH,3306,1,0.0003
12,Raipur,Pod,4430,2,0.0005
12,Anantapur,Sourcing,3548,1,0.0003
12,Tirunelveli,Sourcing,4914,2,0.0004
12,Jabalpur,WH,3140,1,0.0003
12,Bikaner,Sourcing,1136,1,0.0009
12,Ongole,WH,602,1,0.0017
12,Panipat,Sourcing,2185,1,0.0005
12,Mumbai,Pod,344041,2384,0.0069
12,Hyderabad,Sourcing,359518,119,0.0003
12,Mumbai,Sourcing,344041,161,0.0005
12,Tumakuru,Pod,3201,9,0.0028
12,Hubli,Pod,3156,17,0.0054
12,Thiruvananthapuram,Sourcing,45832,57,0.0012
12,Central Goa,CX,37476,57,0.0015
12,Bhilai,Pod,978,8,0.0082
12,Mangaluru,CX,20925,44,0.0021
12,Gurgaon,Sourcing,93951,39,0.0004
12,Bangalore,Pod,649289,140,0.0002
12,Bhimavaram,CX,711,3,0.0042
12,Tirupati,Sourcing,11005,9,0.0008
12,Thoothukudi,CX,4266,8,0.0019
12,Thrissur,WH,22148,4,0.0002
12,Tumakuru,CX,3201,3,0.0009
12,Palakkad,Sourcing,3508,2,0.0006
12,Meerut,WH,4316,4,0.0009
12,Ongole,Sourcing,602,3,0.005
12,Moradabad,WH,2352,2,0.0009
12,Thiruvallur,CX,2118,7,0.0033
12,Kanchipuram,Sourcing,2579,1,0.0004
12,Mysore,Sourcing,21498,9,0.0004
12,Tirupur,Sourcing,5279,1,0.0002
12,Vizag,Sourcing,22647,1,0
12,Thiruvalla,CX,3549,4,0.0011
12,Rohtak,Pod,2625,2,0.0008
12,Tirupati,WH,11005,2,0.0002
12,Guntur,Sourcing,10766,7,0.0007
12,Chandigarh,Sourcing,41937,2,0
12,Karimnagar,Sourcing,3188,2,0.0006
12,Kanchipuram,WH,2579,1,0.0004
12,Kota,WH,5468,1,0.0002
12,Hyderabad,CX,359518,1374,0.0038
12,Chandigarh,Pod,41937,245,0.0058
12,Dibrugarh,Pod,2868,21,0.0073
12,Kakinada,Pod,3342,22,0.0066
12,Indore,Pod,14999,129,0.0086
12,Amritsar,Pod,3043,8,0.0026
12,Thiruvananthapuram,Pod,45832,18,0.0004
12,Trichy,Sourcing,8428,3,0.0004
12,Anantapur,Sourcing,3548,3,0.0008
12,Silchar,Pod,3540,2,0.0006
12,Nanded,Pod,843,4,0.0047
12,Muzaffarpur,CX,1426,7,0.0049
12,Jabalpur,CX,3140,3,0.001
12,Sonipat,Sourcing,1010,1,0.001
12,Jamshedpur,Pod,4036,3,0.0007
12,Bhopal,Pod,8764,2,0.0002
12,Kochi,Sourcing,88549,1,0
12,Hubli,WH,3156,1,0.0003
12,Jodhpur,CX,2272,16,0.007
12,Chennai,Sourcing,239427,5,0
12,Kolkata,Pod,97163,21,0.0002
12,Coimbatore,Sourcing,32457,12,0.0004
12,Patiala,Pod,3415,16,0.0047
12,Gwalior,Pod,4134,12,0.0029
12,Kollam,Pod,8363,2,0.0002
12,Noida,Sourcing,23503,46,0.002
12,Kozhikode,WH,14111,7,0.0005
12,Bangalore,CX,649289,1687,0.0026
12,Erode,CX,3231,2,0.0006
12,Surat,WH,11932,2,0.0002
12,Kurnool,WH,5493,3,0.0005
12,Pondicherry,WH,10080,5,0.0005
12,Sri Ganganagar,WH,2372,1,0.0004
12,Surat,Sourcing,11932,5,0.0004
12,Dehradun,WH,11284,1,0.0001
12,Rajkot,Sourcing,4312,2,0.0005
12,Bathinda,Pod,1030,1,0.001
12,Patna,WH,18088,5,0.0003
12,Ujjain,Sourcing,2354,1,0.0004
12,Patiala,Pod,3415,1,0.0003
12,Rajahmundry,WH,3394,3,0.0009
12,Delhi,Pod,165194,1035,0.0063
12,Thiruvallur,Pod,2118,7,0.0033
12,Kolkata,Pod,97163,335,0.0034
12,Pune,CX,177273,569,0.0032
12,Noida 1,Sourcing,69653,137,0.002
12,Pune,WH,177273,71,0.0004
12,Raipur,CX,4430,20,0.0045
12,Kozhikode,Pod,14111,37,0.0026
12,Tirupati,CX,11005,45,0.0041
12,Ahmedabad,WH,44850,17,0.0004
12,Noida,WH,23503,21,0.0009
12,Bhopal,Sourcing,8764,6,0.0007
12,Ranchi,CX,6291,15,0.0024
12,Patna,Pod,18088,3,0.0002
12,Davanagere,Sourcing,1569,2,0.0013
12,Salem,CX,7285,8,0.0011
12,Belgaum,Sourcing,3674,2,0.0005
12,Roorkee,Sourcing,1273,1,0.0008
12,Dehradun,Pod,11284,1,0.0001
12,Lucknow,Sourcing,22424,3,0.0001
12,Central Goa,Pod,37476,1,0
12,Udaipur,WH,4978,2,0.0004
12,Bhilai,WH,978,4,0.0041
12,Allahabad,Pod,1794,1,0.0006
12,Vizianagaram,Pod,795,1,0.0013
12,Hubli,Sourcing,3156,1,0.0003
12,Patiala,WH,3415,1,0.0003
12,Indore,Pod,14999,2,0.0001
12,Agra,Sourcing,2388,2,0.0008
12,Guwahati,WH,8950,1,0.0001
12,Thiruvananthapuram,Pod,45832,162,0.0035
12,Madurai,Pod,9835,35,0.0036
12,Patna,Sourcing,18088,9,0.0005
12,Pondicherry,Sourcing,10080,7,0.0007
12,Tirupati,Sourcing,11005,5,0.0005
12,Thrissur,Sourcing,22148,9,0.0004
12,Guntur,WH,10766,2,0.0002
12,Bathinda,CX,1030,3,0.0029
12,Nizamabad,Pod,852,2,0.0023
12,Manipal,WH,7022,4,0.0006
12,Kannur,WH,1901,1,0.0005
12,Belgaum,Sourcing,3674,1,0.0003
12,Rajahmundry,Pod,3394,1,0.0003
12,Gwalior,Pod,4134,1,0.0002
12,Ludhiana,Pod,8081,1,0.0001
12,Kolkata,Sourcing,97163,86,0.0009
12,Indore,CX,14999,49,0.0033
12,Surat,Sourcing,11932,4,0.0003
12,Chennai,Pod,239427,25,0.0001
12,Vadodara,CX,10360,35,0.0034
12,Jhansi,Pod,1671,9,0.0054
12,Kakinada,Sourcing,3342,2,0.0006
12,Varanasi,Sourcing,8924,6,0.0007
12,Guntur,Sourcing,10766,6,0.0006
12,Karimnagar,CX,3188,13,0.0041
12,Gurgaon,CX,93951,240,0.0026
12,Faridabad,Sourcing,13067,7,0.0005
12,Vapi,CX,3042,7,0.0023
12,Chandigarh,WH,41937,7,0.0002
12,Faridabad,WH,13067,3,0.0002
12,Bhubaneswar,WH,29770,7,0.0002
12,Eluru,CX,780,9,0.0115
12,Jaipur,Sourcing,25668,2,0.0001
12,Karur,Pod,2737,6,0.0022
12,Saharanpur,WH,722,1,0.0014
12,Hubli,Sourcing,3156,1,0.0003
12,Karaikkudi,WH,2196,3,0.0014
12,Bikaner,WH,1136,1,0.0009
12,Thanjavur,Pod,5027,1,0.0002
12,Thrissur,Sourcing,22148,1,0
12,Meerut,Pod,4316,1,0.0002
12,Kanchipuram,Pod,2579,1,0.0004
12,Ahmedabad,Sourcing,44850,1,0
12,Ahmednagar,WH,583,1,0.0017
12,Bhimavaram,Sourcing,711,2,0.0028
12,Alappuzha,WH,3439,1,0.0003
12,Rohtak,WH,2625,1,0.0004
12,Anantapur,CX,3548,1,0.0003
12,Pondicherry,Pod,10080,2,0.0002
12,Thanjavur,Sourcing,5027,1,0.0002
12,Jamshedpur,Sourcing,4036,2,0.0005
12,Warangal,Sourcing,8269,2,0.0002
12,Coimbatore,Pod,32457,205,0.0063
12,Lucknow,CX,22424,39,0.0017
12,Ongole,CX,602,4,0.0066
12,Lucknow,Sourcing,22424,21,0.0009
12,Dehradun,Pod,11284,64,0.0057
12,Nagpur,WH,9259,8,0.0009
12,Ranchi,Pod,6291,40,0.0064
12,Bhimavaram,Pod,711,5,0.007
12,Thanjavur,CX,5027,6,0.0012
12,Bhubaneswar,Pod,29770,9,0.0003
12,Madurai,Sourcing,9835,7,0.0007
12,Nashik,Pod,5742,22,0.0038
12,Kozhikode,Sourcing,14111,4,0.0003
12,Madurai,Pod,9835,11,0.0011
12,Rajkot,Pod,4312,2,0.0005
12,Thrissur,WH,22148,3,0.0001
12,Tirupati,Sourcing,11005,3,0.0003
12,Salem,Sourcing,7285,1,0.0001
12,Bhopal,WH,8764,1,0.0001
12,Belgaum,Sourcing,3674,1,0.0003
12,Nellore,Pod,4249,3,0.0007
12,Saharanpur,CX,722,2,0.0028
12,Anand,Sourcing,843,1,0.0012
12,Aurangabad,Sourcing,3055,1,0.0003
12,Karimnagar,Pod,3188,1,0.0003
12,Aligarh,WH,1462,1,0.0007
12,Karur,CX,2737,1,0.0004
12,Vijayawada,Sourcing,18437,1,0.0001
12,Bangalore,Pod,649289,845,0.0013
12,Mumbai,CX,344041,849,0.0025
12,Kottayam,Pod,5102,10,0.002
12,Hyderabad,WH,359518,146,0.0004
12,Thrissur,CX,22148,13,0.0006
12,Salem,Pod,7285,20,0.0027
12,Jaipur,Pod,25668,117,0.0046
12,Thiruvananthapuram,CX,45832,69,0.0015
12,Madurai,CX,9835,17,0.0017
12,Thiruvananthapuram,WH,45832,15,0.0003
12,Mangaluru,Pod,20925,22,0.0011
12,Delhi,WH,165194,39,0.0002
12,Vadodara,Sourcing,10360,11,0.0011
12,Udaipur,Pod,4978,3,0.0006
12,Thoothukudi,WH,4266,5,0.0012
12,Erode,Pod,3231,5,0.0015
12,Alappuzha,Sourcing,3439,2,0.0006
12,Berhampur,Pod,1153,6,0.0052
12,Kottayam,Sourcing,5102,4,0.0008
12,Thiruvalla,Pod,3549,9,0.0025
12,Karimnagar,Sourcing,3188,3,0.0009
12,Siliguri,Sourcing,2740,4,0.0015
12,Siliguri,WH,2740,1,0.0004
12,Karimnagar,WH,3188,1,0.0003
12,Rohtak,WH,2625,1,0.0004
12,Allahabad,WH,1794,2,0.0011
12,Guntur,Sourcing,10766,2,0.0002
12,Thoothukudi,Pod,4266,1,0.0002
12,Salem,Sourcing,7285,1,0.0001
12,Delhi,Sourcing,165194,263,0.0016
12,Hyderabad,WH,359518,163,0.0005
12,Bangalore,Sourcing,649289,378,0.0006
12,Vadodara,Pod,10360,61,0.0059
12,Noida 1,Sourcing,69653,10,0.0001
12,Pondicherry,CX,10080,32,0.0032
12,Udaipur,Pod,4978,45,0.009
12,Indore,Sourcing,14999,13,0.0009
12,Chandigarh,Pod,41937,13,0.0003
12,Warangal,Pod,8269,5,0.0006
12,Guwahati,Pod,8950,2,0.0002
12,Thiruvananthapuram,Pod,45832,8,0.0002
12,Vizianagaram,Pod,795,7,0.0088
12,Kurnool,Sourcing,5493,4,0.0007
12,Jamshedpur,Sourcing,4036,3,0.0007
12,Kurukshetra,WH,915,2,0.0022
12,Manipal,Pod,7022,4,0.0006
12,Central Goa,Sourcing,37476,33,0.0009
12,Hyderabad,Pod,359518,3197,0.0089
12,Bangalore,WH,649289,886,0.0014
12,Surat,Sourcing,11932,1,0.0001
12,Saharanpur,Pod,722,2,0.0028
12,Thiruvallur,Sourcing,2118,3,0.0014
12,Karur,Sourcing,2737,1,0.0004
12,Madurai,Pod,9835,1,0.0001
12,Nashik,Sourcing,5742,1,0.0002
12,Belgaum,CX,3674,1,0.0003
12,Durgapur,CX,396,1,0.0025
12,Nagercoil,Sourcing,3349,1,0.0003
12,Vapi,WH,3042,2,0.0007
12,Delhi,CX,165194,444,0.0027
12,Hyderabad,Sourcing,359518,323,0.0009
12,Chennai,WH,239427,105,0.0004
12,Ambala,Pod,1986,6,0.003
12,Varanasi,Sourcing,8924,5,0.0006
12,Patna,Pod,18088,17,0.0009
12,Moradabad,CX,2352,6,0.0026
12,Thiruvananthapuram,Sourcing,45832,19,0.0004
12,Vadodara,Sourcing,10360,9,0.0009
12,Mumbai,Pod,344041,30,0.0001
12,Kolkata,Sourcing,97163,13,0.0001
12,Bhopal,Sourcing,8764,3,0.0003
12,Cuttack,Pod,2841,12,0.0042
12,Guwahati,Pod,8950,130,0.0145
12,Ranchi,Sourcing,6291,3,0.0005
12,Madurai,WH,9835,5,0.0005
12,Hubli,CX,3156,7,0.0022
12,Kakinada,Sourcing,3342,3,0.0009
12,Varanasi,Sourcing,8924,3,0.0003
12,Amritsar,CX,3043,5,0.0016
12,Pondicherry,Sourcing,10080,2,0.0002
12,Mysore,Sourcing,21498,11,0.0005
12,Eluru,Sourcing,780,1,0.0013
12,Chandigarh,Pod,41937,2,0
12,Ahmednagar,Sourcing,583,1,0.0017
12,Vijayawada,WH,18437,38,0.0021
12,Chandigarh,Sourcing,41937,17,0.0004
12,Mysore,WH,21498,8,0.0004
12,Kochi,Sourcing,88549,43,0.0005
12,Ludhiana,Sourcing,8081,4,0.0005
12,Bilaspur,WH,1231,2,0.0016
12,Vizag,Sourcing,22647,23,0.001
12,Mangaluru,WH,20925,5,0.0002
12,Kozhikode,Sourcing,14111,8,0.0006
12,Tirupur,Sourcing,5279,3,0.0006
12,Rajkot,WH,4312,2,0.0005
12,Madurai,Sourcing,9835,7,0.0007
12,Shivamogga,CX,3306,3,0.0009
12,Cuttack,CX,2841,6,0.0021
12,Patna,CX,18088,57,0.0032
12,Jabalpur,Pod,3140,1,0.0003
12,Berhampur,WH,1153,2,0.0017
12,Nashik,WH,5742,2,0.0003
12,Kannur,Pod,1901,1,0.0005
12,Moradabad,Sourcing,2352,1,0.0004
12,Vadodara,Pod,10360,1,0.0001
12,Ahmednagar,WH,583,1,0.0017
12,Thiruvananthapuram,Sourcing,45832,1,0
12,Aligarh,CX,1462,4,0.0027
12,Chennai,Sourcing,239427,231,0.001
12,Khammam,Pod,4792,21,0.0044
12,Jodhpur,Pod,2272,20,0.0088
12,Varanasi,WH,8924,6,0.0007
12,Tirunelveli,CX,4914,7,0.0014
12,Kozhikode,WH,14111,3,0.0002
12,Vapi,Pod,3042,14,0.0046
12,Amravati,CX,1258,9,0.0072
12,Udaipur,WH,4978,3,0.0006
12,Udaipur,Sourcing,4978,4,0.0008
12,Rajahmundry,CX,3394,12,0.0035
12,Bhilai,Pod,978,1,0.001
12,Tirunelveli,WH,4914,4,0.0008
12,Kurukshetra,Pod,915,1,0.0011
12,Mangaluru,Sourcing,20925,1,0
12,Gwalior,WH,4134,1,0.0002
12,Faridabad,WH,13067,2,0.0002
12,Siliguri,Sourcing,2740,1,0.0004
12,Shivamogga,Sourcing,3306,3,0.0009
12,Durgapur,Pod,396,1,0.0025
12,Faridabad,Sourcing,13067,1,0.0001
12,Ujjain,Sourcing,2354,1,0.0004
12,Kurnool,Sourcing,5493,1,0.0002
12,Bikaner,Pod,1136,4,0.0035
12,Thanjavur,Pod,5027,32,0.0064
12,Hyderabad,Sourcing,359518,117,0.0003
12,Pune,Pod,177273,10,0.0001
12,Thrissur,Sourcing,22148,8,0.0004
12,Dehradun,CX,11284,30,0.0027
12,Noida,Pod,23503,27,0.0011
12,Indore,WH,14999,16,0.0011
12,Central Goa,WH,37476,7,0.0002
12,Meerut,Sourcing,4316,7,0.0016
12,Dibrugarh,CX,2868,6,0.0021
12,Tirupati,Pod,11005,7,0.0006
12,Hyderabad,Pod,359518,96,0.0003
12,Bilaspur,CX,1231,6,0.0049
12,Palakkad,Sourcing,3508,2,0.0006
12,Bathinda,Pod,1030,3,0.0029
12,Chandigarh,Pod,41937,2,0
12,Ujjain,WH,2354,2,0.0009
12,Dehradun,Sourcing,11284,6,0.0005
12,Jalandhar,Pod,1985,4,0.002
12,Ahmedabad,Pod,44850,4,0.0001
12,Faridabad,Pod,13067,7,0.0005
12,Tirunelveli,Sourcing,4914,1,0.0002
12,Tirupati,Pod,11005,1,0.0001
12,Rudrapur,WH,1311,1,0.0008
12,Tirupur,Sourcing,5279,1,0.0002
12,Ongole,WH,602,1,0.0017
12,Patiala,Sourcing,3415,1,0.0003
12,Siliguri,Pod,2740,24,0.0088
12,Shivamogga,Pod,3306,16,0.0048
12,Tirupur,Pod,5279,34,0.0064
12,Ahmedabad,Sourcing,44850,26,0.0006
12,Faridabad,Sourcing,13067,23,0.0018
12,Udaipur,CX,4978,21,0.0042
12,Central Goa,Sourcing,37476,30,0.0008
12,Tirupur,WH,5279,4,0.0008
12,Kollam,CX,8363,9,0.0011
12,Nagpur,Sourcing,9259,8,0.0009
12,Bhopal,Sourcing,8764,10,0.0011
12,Kakinada,CX,3342,10,0.003
12,Kanpur,Sourcing,4053,5,0.0012
12,Noida,Sourcing,23503,3,0.0001
12,Trichy,WH,8428,8,0.0009
12,Panipat,CX,2185,5,0.0023
12,Vijayawada,Sourcing,18437,6,0.0003
12,Coimbatore,Pod,32457,3,0.0001
12,Ajmer,Sourcing,1644,1,0.0006
12,Trichy,WH,8428,1,0.0001
12,Belgaum,Pod,3674,1,0.0003
12,Karimnagar,Sourcing,3188,1,0.0003
12,Patna,Sourcing,18088,1,0.0001
12,Nanded,Sourcing,843,1,0.0012
12,Warangal,Pod,8269,2,0.0002
12,Hyderabad,Sourcing,359518,31,0.0001
12,Mathura,WH,1227,2,0.0016
12,Rajahmundry,WH,3394,2,0.0006
12,Kolhapur,Sourcing,2293,1,0.0004
12,Ajmer,Sourcing,1644,1,0.0006
12,Chennai,CX,239427,656,0.0027
12,Coimbatore,Sourcing,32457,22,0.0007
12,Central Goa,Pod,37476,185,0.0049
12,Ajmer,CX,1644,3,0.0018
12,Coimbatore,WH,32457,27,0.0008
12,Mysore,CX,21498,56,0.0026
12,Vijayawada,WH,18437,10,0.0005
12,Madurai,Sourcing,9835,10,0.001
12,Mangaluru,Sourcing,20925,16,0.0008
12,Kollam,Sourcing,8363,4,0.0005
12,Nizamabad,Pod,852,4,0.0047
12,Mysore,WH,21498,11,0.0005
12,Latur,Pod,1024,6,0.0059
12,Gurgaon,WH,93951,37,0.0004
12,Guwahati,CX,8950,45,0.005
12,Vijayawada,Sourcing,18437,9,0.0005
12,Alappuzha,Pod,3439,8,0.0023
12,Ahmednagar,CX,583,4,0.0069
12,Vijayawada,Pod,18437,10,0.0005
12,Anantapur,Sourcing,3548,2,0.0006
12,Rohtak,Sourcing,2625,2,0.0008
12,Cuttack,Sourcing,2841,1,0.0004
12,Ranchi,Sourcing,6291,2,0.0003
12,Palakkad,Pod,3508,5,0.0014
12,Moradabad,Pod,2352,2,0.0009
12,Aurangabad,WH,3055,1,0.0003
12,Jamshedpur,WH,4036,1,0.0002
12,Nizamabad,WH,852,1,0.0012
12,Karnal,Pod,926,1,0.0011
12,Roorkee,Sourcing,1273,1,0.0008
12,Jabalpur,Sourcing,3140,2,0.0006
12,Bhubaneswar,Sourcing,29770,10,0.0003
12,Mangaluru,Sourcing,20925,7,0.0003
12,Sri Ganganagar,Pod,2372,14,0.0059
12,Manipal,Sourcing,7022,2,0.0003
12,Bangalore,Pod,649289,12,0
12,Nellore,Sourcing,4249,6,0.0014
12,Guwahati,Pod,8950,12,0.0013
12,Kurnool,WH,5493,2,0.0004
12,Salem,Sourcing,7285,3,0.0004
12,Roorkee,Pod,1273,8,0.0063
12,Aurangabad,Pod,3055,3,0.001
12,Nashik,WH,5742,1,0.0002
12,Ludhiana,WH,8081,1,0.0001
12,Salem,WH,7285,3,0.0004
12,Karimnagar,WH,3188,5,0.0016
12,Nanded,Pod,843,1,0.0012
12,Udaipur,Pod,4978,1,0.0002
12,Amritsar,Pod,3043,1,0.0003
12,Salem,Pod,7285,3,0.0004
12,Kanchipuram,CX,2579,8,0.0031
12,Aurangabad,CX,3055,9,0.0029
12,Chandigarh,Sourcing,41937,38,0.0009
12,Meerut,CX,4316,8,0.0019
12,Noida,Pod,23503,3,0.0001
12,Nagpur,CX,9259,19,0.0021
12,Nagpur,Sourcing,9259,5,0.0005
12,Kanpur,CX,4053,8,0.002
12,Kurukshetra,Sourcing,915,2,0.0022
12,Warangal,Sourcing,8269,5,0.0006
12,Jaipur,Pod,25668,5,0.0002
12,Silchar,CX,3540,3,0.0008
12,Khammam,Sourcing,4792,2,0.0004
12,Bilaspur,Pod,1231,3,0.0024
12,Nellore,CX,4249,8,0.0019
12,Karnal,Sourcing,926,2,0.0022
12,Silchar,WH,3540,1,0.0003
12,Sri Ganganagar,Sourcing,2372,1,0.0004
12,Warangal,WH,8269,6,0.0007
12,Anantapur,Pod,3548,1,0.0003
12,Bareilly,Sourcing,1627,2,0.0012
12,Trichy,Pod,8428,2,0.0002
12,Dibrugarh,Pod,2868,6,0.0021
12,Kanpur,WH,4053,2,0.0005
12,Kochi,CX,88549,98,0.0011
12,Noida 1,WH,69653,30,0.0004
12,Jaipur,CX,25668,90,0.0035
12,Coimbatore,CX,32457,105,0.0032
12,Gurgaon,Pod,93951,8,0.0001
12,Delhi,Pod,165194,5,0
12,Pondicherry,WH,10080,3,0.0003
12,Nashik,CX,5742,9,0.0016
12,Allahabad,CX,1794,6,0.0033
12,Kota,Sourcing,5468,3,0.0005
12,Kakinada,WH,3342,3,0.0009
12,Varanasi,Pod,8924,2,0.0002
12,Thiruvallur,WH,2118,2,0.0009
12,Moradabad,Sourcing,2352,1,0.0004
12,Sri Ganganagar,WH,2372,1,0.0004
12,Bhimavaram,Pod,711,1,0.0014
12,Khammam,Sourcing,4792,2,0.0004
12,Raipur,Pod,4430,1,0.0002
12,Mumbai,WH,344041,133,0.0004
12,Ahmedabad,CX,44850,173,0.0039
12,Warangal,Pod,8269,55,0.0067
12,Delhi,Pod,165194,112,0.0007
12,Anantapur,Pod,3548,21,0.0059
12,Guntur,WH,10766,9,0.0008
12,Silchar,Sourcing,3540,2,0.0006
12,Vapi,Sourcing,3042,3,0.001
12,Thiruvananthapuram,WH,45832,5,0.0001
12,Patna,WH,18088,6,0.0003
12,Bangalore,Pod,649289,3292,0.0051
12,Gurgaon,Pod,93951,693,0.0074
12,Jabalpur,Sourcing,3140,1,0.0003
12,Jamshedpur,Sourcing,4036,1,0.0002
12,Raipur,Sourcing,4430,1,0.0002
12,Jhansi,CX,1671,2,0.0012
12,Cuttack,Sourcing,2841,1,0.0004
12,Thoothukudi,Sourcing,4266,1,0.0002
12,Bhopal,Pod,8764,1,0.0001
12,Bareilly,Sourcing,1627,1,0.0006
12,Vizag,Pod,22647,134,0.0059
12,Gurgaon,Sourcing,93951,83,0.0009
12,Aurangabad,Pod,3055,20,0.0065
12,Delhi,WH,165194,84,0.0005
12,Faridabad,Pod,13067,81,0.0062
12,Ahmedabad,WH,44850,9,0.0002
12,Panipat,Pod,2185,24,0.011
12,Mumbai,Pod,344041,21,0.0001
12,Vizag,Sourcing,22647,18,0.0008
12,Kolhapur,CX,2293,4,0.0017
12,Trichy,CX,8428,4,0.0005
12,Thiruvananthapuram,Sourcing,45832,11,0.0002
12,Kochi,Sourcing,88549,12,0.0001
12,Udaipur,Sourcing,4978,4,0.0008
12,Gurgaon,Pod,93951,12,0.0001
12,Kozhikode,Pod,14111,5,0.0004
12,Bareilly,Pod,1627,11,0.0068
12,Vellore,WH,5779,5,0.0009
12,Dehradun,WH,11284,7,0.0006
12,Bareilly,CX,1627,2,0.0012
12,Anantapur,Sourcing,3548,3,0.0008
12,Nashik,Sourcing,5742,12,0.0021
12,Jhansi,Sourcing,1671,1,0.0006
12,Sri Ganganagar,Sourcing,2372,1,0.0004
12,Berhampur,CX,1153,2,0.0017
12,Aurangabad,Sourcing,3055,1,0.0003
12,Kanpur,Pod,4053,1,0.0002
12,Jalandhar,WH,1985,1,0.0005
12,Erode,WH,3231,1,0.0003
12,Ranchi,WH,6291,1,0.0002
12,Gurgaon,WH,93951,29,0.0003
12,Muzaffarpur,Pod,1426,10,0.007
12,Varanasi,CX,8924,23,0.0026
12,Hyderabad,Pod,359518,31,0.0001
12,Jamshedpur,CX,4036,10,0.0025
12,Chennai,Pod,239427,18,0.0001
12,Noida 1,Pod,69653,25,0.0004
12,Rudrapur,Sourcing,1311,2,0.0015
12,Vadodara,Sourcing,10360,4,0.0004
12,Central Goa,Pod,37476,5,0.0001
12,Dibrugarh,Sourcing,2868,2,0.0007
12,Kota,CX,5468,6,0.0011
12,Pune,WH,177273,51,0.0003
12,Thiruvananthapuram,Pod,45832,1,0
12,Nagpur,Sourcing,9259,1,0.0001
12,Pune,Sourcing,177273,43,0.0002
12,Thiruvalla,Sourcing,3549,1,0.0003
12,Manipal,Pod,7022,1,0.0001
12,Ranchi,WH,6291,1,0.0002
12,Ludhiana,Pod,8081,38,0.0047
12,Lucknow,WH,22424,7,0.0003
12,Mysore,Sourcing,21498,27,0.0013
12,Warangal,Sourcing,8269,14,0.0017
12,Lucknow,Pod,22424,105,0.0047
12,Pondicherry,Pod,10080,35,0.0035
12,Nagpur,Pod,9259,55,0.0059
12,Pune,Sourcing,177273,69,0.0004
12,Tirupati,Pod,11005,71,0.0065
12,Karaikkudi,Pod,2196,12,0.0055
12,Faridabad,CX,13067,32,0.0024
12,Jaipur,Pod,25668,4,0.0002
12,Jaipur,Sourcing,25668,11,0.0004
12,Dehradun,Sourcing,11284,3,0.0003
12,Roorkee,CX,1273,3,0.0024
12,Nellore,WH,4249,2,0.0005
12,Aligarh,Sourcing,1462,2,0.0014
12,Anand,Pod,843,6,0.0071
12,Mathura,Pod,1227,5,0.0041
12,Ludhiana,Pod,8081,2,0.0002
12,Kanchipuram,Sourcing,2579,2,0.0008
12,Bhubaneswar,Sourcing,29770,10,0.0003
12,Vijayawada,Sourcing,18437,17,0.0009
12,Gwalior,Pod,4134,2,0.0005
12,Davanagere,Sourcing,1569,3,0.0019
12,Guntur,Pod,10766,1,0.0001
12,Mathura,Sourcing,1227,1,0.0008
12,Kottayam,CX,5102,3,0.0006
12,Siliguri,WH,2740,2,0.0007
12,Panipat,Sourcing,2185,1,0.0005
12,Vadodara,Pod,10360,1,0.0001
12,Manipal,Sourcing,7022,2,0.0003
12,Thoothukudi,Sourcing,4266,2,0.0005
12,Bangalore,Sourcing,649289,146,0.0002
12,Ahmedabad,Pod,44850,384,0.0086
12,Mumbai,Pod,344041,32,0.0001
12,Mangaluru,Sourcing,20925,7,0.0003
12,Kollam,Pod,8363,10,0.0012
12,Varanasi,Pod,8924,73,0.0082
12,Kozhikode,Sourcing,14111,7,0.0005
12,Warangal,CX,8269,44,0.0053
12,Vizag,Pod,22647,6,0.0003
12,Gwalior,Sourcing,4134,3,0.0007
12,Ludhiana,CX,8081,5,0.0006
12,Kochi,Pod,88549,24,0.0003
12,Vadodara,WH,10360,4,0.0004
12,Bhopal,WH,8764,4,0.0005
12,Meerut,WH,4316,1,0.0002
12,Ranchi,Pod,6291,1,0.0002
12,Nizamabad,Sourcing,852,1,0.0012
12,Karaikkudi,CX,2196,5,0.0023
12,Manipal,Sourcing,7022,1,0.0001
12,Karur,WH,2737,1,0.0004
12,Pune,Pod,177273,1503,0.0085
12,Surat,Sourcing,11932,7,0.0006
12,Kolkata,Sourcing,97163,77,0.0008
12,Kurnool,Sourcing,5493,7,0.0013
12,Ranchi,Sourcing,6291,4,0.0006
12,Vizag,WH,22647,13,0.0006
12,Kochi,Pod,88549,11,0.0001
12,Surat,CX,11932,34,0.0028
12,Coimbatore,Pod,32457,10,0.0003
12,Ranchi,Pod,6291,4,0.0006
12,Noida,WH,23503,2,0.0001
12,Vapi,Sourcing,3042,2,0.0007
12,Rohtak,Sourcing,2625,2,0.0008
12,Sri Ganganagar,CX,2372,4,0.0017
12,Nellore,Sourcing,4249,2,0.0005
12,Alappuzha,CX,3439,2,0.0006
12,Muzaffarpur,Sourcing,1426,1,0.0007
12,Ujjain,Sourcing,2354,1,0.0004
12,Varanasi,WH,8924,6,0.0007
12,Anantapur,WH,3548,2,0.0006
12,Vellore,Sourcing,5779,1,0.0002
12,Gwalior,Sourcing,4134,3,0.0007
12,Guntur,Pod,10766,3,0.0003
12,Bangalore,WH,649289,158,0.0002
12,Rohtak,Pod,2625,16,0.0061
12,Thoothukudi,Pod,4266,33,0.0077
12,Sonipat,Pod,1010,6,0.0059
12,Moradabad,Pod,2352,11,0.0047
12,Guntur,Sourcing,10766,8,0.0007
12,Madurai,WH,9835,4,0.0004
12,Lucknow,Pod,22424,6,0.0003
12,Indore,Pod,14999,3,0.0002
12,Patiala,CX,3415,5,0.0015
12,Karimnagar,Sourcing,3188,1,0.0003
12,Tirupur,Pod,5279,3,0.0006
12,Trichy,Sourcing,8428,2,0.0002
12,Ujjain,Pod,2354,1,0.0004
12,Patiala,Sourcing,3415,2,0.0006
12,Saharanpur,Sourcing,722,1,0.0014
12,Ahmednagar,Sourcing,583,1,0.0017
12,Thiruvallur,Pod,2118,1,0.0005
12,Mumbai,Sourcing,344041,266,0.0008
12,Bhopal,Pod,8764,61,0.007
12,Belgaum,Pod,3674,10,0.0027
12,Kozhikode,CX,14111,23,0.0016
12,Karimnagar,Pod,3188,25,0.0078
12,Surat,WH,11932,8,0.0007
12,Bangalore,Sourcing,649289,495,0.0008
12,Lucknow,Sourcing,22424,8,0.0004
12,Raipur,WH,4430,7,0.0016
12,Ajmer,Pod,1644,10,0.0061
12,Lonavla,Pod,730,7,0.0096
12,Alappuzha,Pod,3439,2,0.0006
12,Kanpur,Sourcing,4053,3,0.0007
12,Kota,Pod,5468,14,0.0026
12,Vizag,WH,22647,10,0.0004
12,Jaipur,WH,25668,21,0.0008
12,Kochi,WH,88549,15,0.0002
12,Karnal,Pod,926,3,0.0032
12,Tumakuru,Sourcing,3201,2,0.0006
12,Chennai,Sourcing,239427,93,0.0004
12,Kannur,Sourcing,1901,1,0.0005
12,Gorakhpur,CX,2417,3,0.0012
12,Patna,Sourcing,18088,13,0.0007
12,Delhi,Sourcing,165194,132,0.0008
12,Hyderabad,Pod,359518,15,0
12,Tirupati,WH,11005,3,0.0003
12,Gurgaon,Pod,93951,3,0
12,Bilaspur,Sourcing,1231,1,0.0008
12,Mumbai,Sourcing,344041,163,0.0005
12,Central Goa,Sourcing,37476,13,0.0003
12,Pune,Pod,177273,23,0.0001
12,Nizamabad,CX,852,5,0.0059
12,Nagpur,Sourcing,9259,6,0.0006
12,Ludhiana,WH,8081,4,0.0005
12,Panipat,Sourcing,2185,2,0.0009
12,Tumakuru,Pod,3201,1,0.0003
12,Kolkata,Pod,97163,110,0.0011
12,Bhilai,CX,978,5,0.0051
12,Bathinda,Sourcing,1030,1,0.001
12,Tirupur,WH,5279,1,0.0002
12,Guwahati,Sourcing,8950,1,0.0001
12,Mangaluru,Pod,20925,1,0
12,Erode,Pod,3231,1,0.0003
12,Palakkad,WH,3508,2,0.0006
12,Chennai,WH,239427,81,0.0003
12,Mangaluru,Pod,20925,117,0.0056
12,Jabalpur,Pod,3140,22,0.007
12,Agra,Pod,2388,17,0.0071
12,Bikaner,CX,1136,5,0.0044
12,Amritsar,WH,3043,1,0.0003
12,Anantapur,Pod,3548,2,0.0006
12,Chennai,Pod,239427,1642,0.0069
12,Raipur,Pod,4430,37,0.0084
12,Indore,Sourcing,14999,9,0.0006
12,Tirunelveli,Pod,4914,29,0.0059
12,Ludhiana,Sourcing,8081,4,0.0005
12,Pune,Sourcing,177273,2,0
12,Anand,Sourcing,843,1,0.0012
12,Thrissur,Sourcing,22148,2,0.0001
12,Jabalpur,WH,3140,1,0.0003
12,Bikaner,Pod,1136,1,0.0009
12,Kochi,Sourcing,88549,58,0.0007
12,Vizag,Sourcing,22647,25,0.0011
12,Dehradun,Sourcing,11284,4,0.0004
12,Silchar,Pod,3540,17,0.0048
12,Lonavla,CX,730,3,0.0041
12,Gurgaon,Sourcing,93951,179,0.0019
12,Tirupur,CX,5279,21,0.004
12,Kurukshetra,CX,915,4,0.0044
12,Dibrugarh,Pod,2868,1,0.0003
12,Kanchipuram,WH,2579,1,0.0004
12,Hubli,Sourcing,3156,1,0.0003
12,Muzaffarpur,WH,1426,1,0.0007
12,Nellore,Sourcing,4249,4,0.0009
12,Kurnool,Pod,5493,1,0.0002
12,Noida 1,CX,69653,175,0.0025
12,Ludhiana,Sourcing,8081,4,0.0005
12,Hubli,WH,3156,2,0.0006
12,Thanjavur,Sourcing,5027,2,0.0004
12,Thrissur,Pod,22148,1,0
12,Patna,Pod,18088,157,0.0087
12,Eluru,Pod,780,10,0.0128
12,Rudrapur,Pod,1311,13,0.0099
12,Vellore,CX,5779,9,0.0016
12,Thanjavur,WH,5027,3,0.0006
12,Guwahati,Sourcing,8950,3,0.0003
12,Karnal,CX,926,2,0.0022
12,Kurnool,Sourcing,5493,6,0.0011
12,Pondicherry,Sourcing,10080,1,0.0001
12,Bhimavaram,WH,711,1,0.0014
12,Kannur,CX,1901,1,0.0005
12,Shivamogga,Sourcing,3306,1,0.0003
12,Vellore,WH,5779,1,0.0002
12,Nagpur,WH,9259,1,0.0001
12,Trichy,Pod,8428,3,0.0004
12,Kolkata,Sourcing,97163,75,0.0008
12,Kottayam,Sourcing,5102,4,0.0008
12,Noida,Sourcing,23503,15,0.0006
12,Chandigarh,WH,41937,10,0.0002
12,Chennai,Pod,239427,40,0.0002
12,Siliguri,Pod,2740,3,0.0011
12,Rajkot,CX,4312,8,0.0019
12,Roorkee,Sourcing,1273,2,0.0016
12,Lucknow,WH,22424,8,0.0004
12,Khammam,WH,4792,5,0.001
12,Roorkee,Pod,1273,1,0.0008
12,Ongole,Pod,602,8,0.0133
12,Jamshedpur,Pod,4036,36,0.0089
12,Pune,Pod,177273,16,0.0001
12,Kozhikode,Pod,14111,1,0.0001
12,Ajmer,WH,1644,1,0.0006
12,Coimbatore,Sourcing,32457,1,0
12,Ujjain,CX,2354,9,0.0038
12,Thiruvalla,Pod,3549,1,0.0003
12,Mysore,Pod,21498,1,0
12,Latur,CX,1024,1,0.001
12,Bhubaneswar,Pod,29770,131,0.0044
12,Kolhapur,Pod,2293,7,0.0031
12,Siliguri,CX,2740,12,0.0044
12,Jalandhar,CX,1985,4,0.002
12,Kota,Sourcing,5468,4,0.0007
12,Ahmedabad,Pod,44850,3,0.0001
12,Patna,Sourcing,18088,28,0.0015
12,Guwahati,Sourcing,8950,12,0.0013
12,Chandigarh,Sourcing,41937,14,0.0003
12,Kollam,Sourcing,8363,7,0.0008
12,Guwahati,WH,8950,4,0.0004
12,Mumbai,Sourcing,344041,2,0
12,Nashik,Sourcing,5742,2,0.0003
12,Allahabad,Pod,1794,1,0.0006
12,Nagercoil,Pod,3349,3,0.0009
12,Anand,Pod,843,1,0.0012
12,Mysore,Pod,21498,105,0.0049
12,Aligarh,Pod,1462,10,0.0068
12,Davanagere,Pod,1569,4,0.0025
12,Thoothukudi,Pod,4266,1,0.0002
12,Rohtak,Sourcing,2625,3,0.0011
12,Saharanpur,Pod,722,3,0.0042
12,Central Goa,Pod,37476,11,0.0003
12,Agra,Pod,2388,1,0.0004
12,Jabalpur,Pod,3140,1,0.0003
12,Anand,Sourcing,843,1,0.0012
12,Varanasi,Pod,8924,1,0.0001
12,Rajkot,Sourcing,4312,1,0.0002
12,Ujjain,Pod,2354,20,0.0085
12,Kurnool,Pod,5493,51,0.0093
12,Saharanpur,Sourcing,722,2,0.0028
12,Delhi,Pod,165194,16,0.0001
12,Gorakhpur,Pod,2417,8,0.0033
12,Mysore,Sourcing,21498,1,0
12,Bhubaneswar,WH,29770,2,0.0001
12,Delhi,Sourcing,165194,24,0.0001
12,Salem,WH,7285,1,0.0001
12,Vijayawada,Pod,18437,122,0.0066
12,Mangaluru,WH,20925,13,0.0006
12,Manipal,CX,7022,22,0.0031
12,Noida 1,Sourcing,69653,56,0.0008
12,Jaipur,Sourcing,25668,3,0.0001
12,Central Goa,WH,37476,11,0.0003
12,Vizianagaram,Sourcing,795,1,0.0013
12,Davanagere,Pod,1569,1,0.0006
12,Vijayawada,CX,18437,73,0.004
12,Lucknow,Sourcing,22424,4,0.0002
12,Bhubaneswar,Sourcing,29770,6,0.0002
12,Sonipat,Sourcing,1010,1,0.001
12,Noida 1,Sourcing,69653,102,0.0015
12,Noida 1,WH,69653,26,0.0004
12,Surat,Pod,11932,79,0.0066
12,Noida,CX,23503,51,0.0022
12,Kanchipuram,Pod,2579,11,0.0043
12,Cuttack,Pod,2841,1,0.0004
12,Muzaffarpur,Pod,1426,1,0.0007
12,Kochi,WH,88549,7,0.0001
12,Bhubaneswar,Sourcing,29770,2,0.0001
12,Palakkad,CX,3508,1,0.0003
12,Bangalore,Sourcing,649289,607,0.0009
12,Kolkata,WH,97163,26,0.0003
12,Kolkata,WH,97163,15,0.0002
12,Surat,Pod,11932,8,0.0007
12,Agra,CX,2388,4,0.0017
12,Udaipur,Sourcing,4978,4,0.0008
12,Nellore,Pod,4249,25,0.0059
12,Agra,Sourcing,2388,6,0.0025
12,Ambala,Sourcing,1986,3,0.0015
12,Anand,CX,843,3,0.0036
12,Anantapur,WH,3548,1,0.0003
12,Jabalpur,Sourcing,3140,1,0.0003
12,Alappuzha,Sourcing,3439,1,0.0003
12,Jodhpur,Sourcing,2272,1,0.0004
12,Shivamogga,Sourcing,3306,1,0.0003
12,Noida,Pod,23503,118,0.005
12,Davanagere,CX,1569,4,0.0025
12,Sonipat,Sourcing,1010,1,0.001
12,Kochi,Pod,88549,339,0.0038
12,Thrissur,Pod,22148,30,0.0014
12,Faridabad,Sourcing,13067,17,0.0013
12,Ahmedabad,Pod,44850,29,0.0006
12,Gwalior,CX,4134,8,0.0019
12,Thanjavur,WH,5027,3,0.0006
12,Thanjavur,Sourcing,5027,4,0.0008
12,Pondicherry,Pod,10080,2,0.0002
12,Sri Ganganagar,Pod,2372,1,0.0004
12,Siliguri,Pod,2740,2,0.0007
12,Ahmedabad,Sourcing,44850,34,0.0008
12,Guntur,Pod,10766,66,0.0061
12,Karnal,Sourcing,926,2,0.0022
12,Rudrapur,Pod,1311,1,0.0008
12,Khammam,Sourcing,4792,3,0.0006
12,Vizag,Pod,22647,4,0.0002
12,Kottayam,Sourcing,5102,1,0.0002
12,Jamshedpur,Sourcing,4036,2,0.0005
12,Vizag,CX,22647,63,0.0028
12,Rohtak,CX,2625,7,0.0027
13,Palakkad,Pod,3447,1,0.0003
13,Khammam,Sourcing,4925,1,0.0002
13,Amritsar,Sourcing,2852,1,0.0004
13,Tirupati,WH,11377,1,0.0001
13,Bangalore,Sourcing,673372,509,0.0008
13,Ambala,Pod,1534,5,0.0033
13,Bangalore,WH,673372,612,0.0009
13,Warangal,Pod,8814,92,0.0104
13,Rajkot,Pod,4957,26,0.0052
13,Patiala,Pod,3294,5,0.0015
13,Kolkata,WH,99323,36,0.0004
13,Kozhikode,WH,14460,1,0.0001
13,Ujjain,Sourcing,2190,2,0.0009
13,Nagpur,Pod,10893,2,0.0002
13,Bilaspur,Pod,1088,11,0.0101
13,Chandigarh,Sourcing,42221,15,0.0004
13,Amritsar,Sourcing,2852,3,0.0011
13,Pune,Pod,184208,10,0.0001
13,Amravati,Pod,1000,6,0.006
13,Coimbatore,Pod,33686,4,0.0001
13,Jalandhar,Pod,1893,7,0.0037
13,Amritsar,CX,2852,4,0.0014
13,Amravati,CX,1000,2,0.002
13,Allahabad,Sourcing,1837,2,0.0011
13,Ongole,Pod,609,1,0.0016
13,Jabalpur,Sourcing,2378,1,0.0004
13,Guntur,Pod,11296,3,0.0003
13,Amritsar,Pod,2852,1,0.0004
13,Ahmedabad,Pod,45491,11,0.0002
13,Patna,Pod,15297,1,0.0001
13,Sri Ganganagar,WH,1770,1,0.0006
13,Mumbai,CX,379995,1059,0.0028
13,Aurangabad,Sourcing,2850,2,0.0007
13,Pune,WH,184208,83,0.0005
13,Hyderabad,WH,366337,198,0.0005
13,Noida 1,Pod,70726,430,0.0061
13,Jaipur,CX,25360,64,0.0025
13,Vadodara,Pod,11626,66,0.0057
13,Thoothukudi,Pod,4240,17,0.004
13,Ahmedabad,Pod,45491,10,0.0002
13,Pondicherry,Sourcing,10696,7,0.0007
13,Varanasi,Sourcing,10098,7,0.0007
13,Rohtak,Pod,2376,17,0.0072
13,Nagpur,Sourcing,10893,4,0.0004
13,Bikaner,Pod,1050,5,0.0048
13,Palakkad,Pod,3447,1,0.0003
13,Bilaspur,Sourcing,1088,1,0.0009
13,Karur,Sourcing,2795,1,0.0004
13,Ranchi,Pod,5523,1,0.0002
13,Lonavla,Sourcing,853,2,0.0023
13,Jhansi,Pod,498,1,0.002
13,Coimbatore,Sourcing,33686,7,0.0002
13,Palakkad,CX,3447,3,0.0009
13,Jaipur,WH,25360,11,0.0004
13,Gorakhpur,Sourcing,2690,3,0.0011
13,Hyderabad,Sourcing,366337,131,0.0004
13,Anantapur,CX,3613,7,0.0019
13,Manipal,Pod,7037,43,0.0061
13,Warangal,Sourcing,8814,8,0.0009
13,Chennai,Sourcing,243024,86,0.0004
13,Kozhikode,CX,14460,16,0.0011
13,Aligarh,Sourcing,1625,5,0.0031
13,Nagercoil,CX,3397,3,0.0009
13,Aligarh,CX,1625,8,0.0049
13,Mangaluru,WH,21317,10,0.0005
13,Karimnagar,CX,3572,10,0.0028
13,Coimbatore,WH,33686,6,0.0002
13,Tirupati,Sourcing,11377,2,0.0002
13,Nizamabad,CX,826,2,0.0024
13,Dehradun,Sourcing,9996,1,0.0001
13,Panipat,Pod,2268,5,0.0022
13,Roorkee,Sourcing,1117,1,0.0009
13,Rajkot,WH,4957,1,0.0002
13,Anand,CX,682,2,0.0029
13,Moradabad,Sourcing,2074,2,0.001
13,Mumbai,Sourcing,379995,209,0.0006
13,Chandigarh,WH,42221,8,0.0002
13,Ongole,CX,609,5,0.0082
13,Chennai,CX,243024,756,0.0031
13,Gurgaon,Pod,94039,5,0.0001
13,Vizag,Pod,23074,6,0.0003
13,Tirupur,Sourcing,5362,5,0.0009
13,Meerut,Sourcing,5128,6,0.0012
13,Rudrapur,Pod,837,8,0.0096
13,Alappuzha,Sourcing,3658,2,0.0005
13,Shivamogga,CX,3613,8,0.0022
13,Jaipur,Sourcing,25360,7,0.0003
13,Jodhpur,Sourcing,1919,2,0.001
13,Ranchi,Sourcing,5523,2,0.0004
13,Vizag,Pod,23074,3,0.0001
13,Muzaffarpur,Sourcing,892,3,0.0034
13,Ranchi,Sourcing,5523,3,0.0005
13,Kurnool,Sourcing,5777,2,0.0003
13,Trichy,Sourcing,8853,2,0.0002
13,Madurai,WH,10432,5,0.0005
13,Bikaner,Sourcing,1050,1,0.001
13,Madurai,Sourcing,10432,1,0.0001
13,Ludhiana,Pod,7619,1,0.0001
13,Kottayam,Sourcing,5365,1,0.0002
13,Tumakuru,Sourcing,3268,1,0.0003
13,Thiruvalla,Sourcing,3874,1,0.0003
13,Ajmer,Pod,1618,1,0.0006
13,Alappuzha,CX,3658,2,0.0005
13,Kanchipuram,Sourcing,2540,1,0.0004
13,Vijayawada,Sourcing,18722,1,0.0001
13,Saharanpur,Pod,593,1,0.0017
13,Kozhikode,Sourcing,14460,1,0.0001
13,Bangalore,WH,673372,166,0.0002
13,Bangalore,CX,673372,1713,0.0025
13,Madurai,Sourcing,10432,8,0.0008
13,Nagpur,CX,10893,12,0.0011
13,Hyderabad,Pod,366337,64,0.0002
13,Ranchi,Pod,5523,30,0.0054
13,Noida,Sourcing,22522,7,0.0003
13,Vizag,Sourcing,23074,19,0.0008
13,Tirupur,WH,5362,2,0.0004
13,Chandigarh,Pod,42221,2,0
13,Amritsar,Pod,2852,14,0.0049
13,Noida 1,WH,70726,15,0.0002
13,Indore,Pod,16810,2,0.0001
13,Manipal,Sourcing,7037,3,0.0004
13,Tirupur,CX,5362,11,0.0021
13,Bhopal,Pod,9425,2,0.0002
13,Silchar,Pod,3244,17,0.0052
13,Noida,Sourcing,22522,24,0.0011
13,Mumbai,Pod,379995,14,0
13,Varanasi,Pod,10098,2,0.0002
13,Pune,Pod,184208,1711,0.0093
13,Bangalore,Sourcing,673372,542,0.0008
13,Kolkata,Sourcing,99323,20,0.0002
13,Faridabad,Sourcing,13112,16,0.0012
13,Guntur,Sourcing,11296,7,0.0006
13,Nellore,Pod,4293,4,0.0009
13,Kozhikode,Pod,14460,2,0.0001
13,Delhi,Pod,174156,6,0
13,Khammam,Sourcing,4925,2,0.0004
13,Ajmer,WH,1618,1,0.0006
13,Central Goa,Sourcing,37811,1,0
13,Tumakuru,Sourcing,3268,2,0.0006
13,Nizamabad,WH,826,1,0.0012
13,Karimnagar,Sourcing,3572,2,0.0006
13,Guwahati,Sourcing,9968,6,0.0006
13,Nellore,WH,4293,2,0.0005
13,Bangalore,Pod,673372,803,0.0012
13,Mangaluru,Pod,21317,96,0.0045
13,Lucknow,Pod,19755,16,0.0008
13,Tirunelveli,Pod,5053,17,0.0034
13,Vizag,WH,23074,6,0.0003
13,Palakkad,Pod,3447,10,0.0029
13,Guwahati,Sourcing,9968,3,0.0003
13,Indore,Sourcing,16810,8,0.0005
13,Jodhpur,Pod,1919,17,0.0089
13,Manipal,WH,7037,2,0.0003
13,Ambala,CX,1534,2,0.0013
13,Manipal,Sourcing,7037,2,0.0003
13,Nizamabad,Pod,826,1,0.0012
13,Ongole,Sourcing,609,1,0.0016
13,Guwahati,Pod,9968,6,0.0006
13,Jalandhar,Sourcing,1893,1,0.0005
13,Nagpur,WH,10893,2,0.0002
13,Panipat,Sourcing,2268,1,0.0004
13,Delhi,Pod,174156,59,0.0003
13,Dibrugarh,CX,2784,17,0.0061
13,Central Goa,Pod,37811,219,0.0058
13,Gorakhpur,Pod,2690,14,0.0052
13,Pune,Sourcing,184208,61,0.0003
13,Pune,Sourcing,184208,66,0.0004
13,Berhampur,Pod,1140,10,0.0088
13,Guwahati,CX,9968,51,0.0051
13,Panipat,Pod,2268,13,0.0057
13,Kolhapur,Pod,2143,11,0.0051
13,Varanasi,Pod,10098,63,0.0062
13,Vadodara,Sourcing,11626,18,0.0015
13,Palakkad,Sourcing,3447,4,0.0012
13,Nashik,Sourcing,6080,6,0.001
13,Erode,CX,3360,3,0.0009
13,Nagercoil,Pod,3397,3,0.0009
13,Saharanpur,Sourcing,593,1,0.0017
13,Aurangabad,WH,2850,1,0.0004
13,Kolkata,Pod,99323,2,0
13,Ambala,Sourcing,1534,1,0.0007
13,Noida 1,Sourcing,70726,20,0.0003
13,Karur,CX,2795,3,0.0011
13,Kota,Sourcing,3439,1,0.0003
13,Bareilly,CX,898,1,0.0011
13,Guntur,Sourcing,11296,2,0.0002
13,Mangaluru,WH,21317,7,0.0003
13,Dehradun,Pod,9996,77,0.0077
13,Thiruvananthapuram,WH,47624,14,0.0003
13,Kota,Pod,3439,20,0.0058
13,Kakinada,Pod,3562,29,0.0081
13,Thrissur,CX,22562,15,0.0007
13,Salem,Pod,7076,22,0.0031
13,Bhopal,Sourcing,9425,6,0.0006
13,Chennai,Sourcing,243024,98,0.0004
13,Nanded,Pod,719,5,0.007
13,Chennai,Pod,243024,13,0.0001
13,Salem,Sourcing,7076,3,0.0004
13,Kochi,Pod,92585,14,0.0002
13,Karaikkudi,WH,2154,2,0.0009
13,Lonavla,Sourcing,853,1,0.0012
13,Central Goa,Pod,37811,9,0.0002
13,Bhubaneswar,WH,30850,6,0.0002
13,Central Goa,Sourcing,37811,6,0.0002
13,Thrissur,WH,22562,3,0.0001
13,Cuttack,CX,2954,2,0.0007
13,Nagercoil,Sourcing,3397,2,0.0006
13,Hubli,Sourcing,2989,2,0.0007
13,Mathura,Sourcing,936,2,0.0021
13,Pondicherry,Pod,10696,2,0.0002
13,Dibrugarh,Sourcing,2784,1,0.0004
13,Moradabad,Sourcing,2074,1,0.0005
13,Tirupur,Sourcing,5362,1,0.0002
13,Bhopal,WH,9425,1,0.0001
13,Jodhpur,Sourcing,1919,1,0.0005
13,Kozhikode,WH,14460,1,0.0001
13,Aligarh,Pod,1625,2,0.0012
13,Lonavla,WH,853,1,0.0012
13,Tirupur,WH,5362,1,0.0002
13,Noida 1,Sourcing,70726,60,0.0008
13,Mumbai,Sourcing,379995,485,0.0013
13,Thrissur,Sourcing,22562,23,0.001
13,Dehradun,CX,9996,23,0.0023
13,Patna,Sourcing,15297,6,0.0004
13,Bareilly,Pod,898,5,0.0056
13,Indore,Pod,16810,160,0.0095
13,Chennai,WH,243024,99,0.0004
13,Agra,CX,1575,9,0.0057
13,Central Goa,CX,37811,86,0.0023
13,Mumbai,Pod,379995,77,0.0002
13,Ludhiana,Pod,7619,24,0.0032
13,Central Goa,Sourcing,37811,17,0.0005
13,Thiruvananthapuram,Pod,47624,6,0.0001
13,Udaipur,Sourcing,4640,6,0.0013
13,Mangaluru,Pod,21317,15,0.0007
13,Kannur,Pod,1833,3,0.0016
13,Panipat,CX,2268,4,0.0018
13,Rajkot,Sourcing,4957,6,0.0012
13,Vapi,Sourcing,3296,2,0.0006
13,Nashik,Sourcing,6080,2,0.0003
13,Rajkot,Pod,4957,4,0.0008
13,Patna,Sourcing,15297,4,0.0003
13,Kota,WH,3439,4,0.0012
13,Rajkot,Sourcing,4957,1,0.0002
13,Jamshedpur,Pod,3000,1,0.0003
13,Mumbai,Pod,379995,2279,0.006
13,Noida,CX,22522,65,0.0029
13,Pune,WH,184208,61,0.0003
13,Bhubaneswar,Sourcing,30850,14,0.0005
13,Chennai,Pod,243024,19,0.0001
13,Mysore,WH,21675,6,0.0003
13,Kanpur,Pod,3390,6,0.0018
13,Vijayawada,CX,18722,62,0.0033
13,Kurnool,CX,5777,30,0.0052
13,Jamshedpur,Pod,3000,18,0.006
13,Anantapur,Pod,3613,20,0.0055
13,Coimbatore,WH,33686,13,0.0004
13,Kollam,CX,8565,5,0.0006
13,Vellore,Sourcing,6023,6,0.001
13,Bhimavaram,Pod,682,2,0.0029
13,Ahmednagar,Pod,551,2,0.0036
13,Khammam,Pod,4925,2,0.0004
13,Pondicherry,Sourcing,10696,1,0.0001
13,Cuttack,Pod,2954,3,0.001
13,Delhi,Sourcing,174156,6,0
13,Cuttack,Sourcing,2954,1,0.0003
13,Delhi,Sourcing,174156,134,0.0008
13,Moradabad,Pod,2074,1,0.0005
13,Lucknow,Pod,19755,1,0.0001
13,Ludhiana,Sourcing,7619,8,0.0011
13,Aligarh,Pod,1625,14,0.0086
13,Tirupati,Pod,11377,77,0.0068
13,Jaipur,Pod,25360,155,0.0061
13,Mangaluru,Sourcing,21317,11,0.0005
13,Kochi,Sourcing,92585,82,0.0009
13,Noida,Pod,22522,128,0.0057
13,Varanasi,Sourcing,10098,5,0.0005
13,Thiruvananthapuram,WH,47624,5,0.0001
13,Hyderabad,Pod,366337,52,0.0001
13,Bangalore,Pod,673372,16,0
13,Mysore,Sourcing,21675,28,0.0013
13,Thiruvallur,Pod,2110,9,0.0043
13,Vellore,Sourcing,6023,2,0.0003
13,Kakinada,WH,3562,5,0.0014
13,Surat,Sourcing,12389,8,0.0006
13,Ongole,Pod,609,7,0.0115
13,Rohtak,Sourcing,2376,2,0.0008
13,Shivamogga,WH,3613,1,0.0003
13,Cuttack,Pod,2954,1,0.0003
13,Siliguri,Pod,2815,1,0.0004
13,Lucknow,Sourcing,19755,4,0.0002
13,Vadodara,WH,11626,4,0.0003
13,Ajmer,Sourcing,1618,1,0.0006
13,Surat,Sourcing,12389,8,0.0006
13,Chennai,Pod,243024,1706,0.007
13,Noida 1,CX,70726,219,0.0031
13,Bangalore,Pod,673372,3487,0.0052
13,Aurangabad,Pod,2850,17,0.006
13,Thiruvananthapuram,Pod,47624,25,0.0005
13,Gurgaon,Pod,94039,8,0.0001
13,Kozhikode,Sourcing,14460,11,0.0008
13,Gurgaon,Sourcing,94039,133,0.0014
13,Dehradun,WH,9996,1,0.0001
13,Bhopal,Sourcing,9425,1,0.0001
13,Jamshedpur,Pod,3000,2,0.0007
13,Udaipur,CX,4640,7,0.0015
13,Bhubaneswar,Sourcing,30850,4,0.0001
13,Nashik,CX,6080,12,0.002
13,Jhansi,Pod,498,7,0.0141
13,Nagpur,Sourcing,10893,4,0.0004
13,Trichy,Sourcing,8853,7,0.0008
13,Bilaspur,CX,1088,5,0.0046
13,Salem,WH,7076,2,0.0003
13,Erode,Sourcing,3360,2,0.0006
13,Thanjavur,Pod,4943,1,0.0002
13,Ujjain,Sourcing,2190,1,0.0005
13,Kozhikode,Pod,14460,1,0.0001
13,Roorkee,Sourcing,1117,1,0.0009
13,Madurai,CX,10432,25,0.0024
13,Ongole,Sourcing,609,1,0.0016
13,Raipur,Pod,4323,1,0.0002
13,Karimnagar,Pod,3572,23,0.0064
13,Kanchipuram,Pod,2540,11,0.0043
13,Bhubaneswar,CX,30850,54,0.0018
13,Rajahmundry,CX,3949,16,0.0041
13,Raipur,WH,4323,10,0.0023
13,Varanasi,WH,10098,6,0.0006
13,Kota,Sourcing,3439,5,0.0015
13,Nellore,Pod,4293,2,0.0005
13,Salem,CX,7076,16,0.0023
13,Lucknow,WH,19755,4,0.0002
13,Karur,Sourcing,2795,2,0.0007
13,Thanjavur,Sourcing,4943,6,0.0012
13,Faridabad,Pod,13112,4,0.0003
13,Gwalior,Sourcing,3152,3,0.001
13,Central Goa,Pod,37811,3,0.0001
13,Meerut,WH,5128,2,0.0004
13,Silchar,Pod,3244,1,0.0003
13,Kochi,Sourcing,92585,2,0
13,Thiruvananthapuram,Sourcing,47624,59,0.0012
13,Kolhapur,CX,2143,1,0.0005
13,Bhopal,Pod,9425,60,0.0064
13,Noida,Sourcing,22522,28,0.0012
13,Madurai,Pod,10432,39,0.0037
13,Gurgaon,Sourcing,94039,72,0.0008
13,Rajkot,CX,4957,16,0.0032
13,Patna,Sourcing,15297,12,0.0008
13,Nellore,CX,4293,9,0.0021
13,Silchar,Sourcing,3244,2,0.0006
13,Central Goa,Pod,37811,6,0.0002
13,Kurnool,WH,5777,5,0.0009
13,Salem,Sourcing,7076,3,0.0004
13,Kannur,Sourcing,1833,1,0.0005
13,Nagpur,Sourcing,10893,13,0.0012
13,Allahabad,Pod,1837,1,0.0005
13,Tirupur,Pod,5362,14,0.0026
13,Manipal,CX,7037,20,0.0028
13,Roorkee,Sourcing,1117,1,0.0009
13,Muzaffarpur,CX,892,3,0.0034
13,Lucknow,Sourcing,19755,7,0.0004
13,Kollam,Sourcing,8565,1,0.0001
13,Vizianagaram,Pod,719,2,0.0028
13,Vijayawada,Sourcing,18722,5,0.0003
13,Bareilly,Sourcing,898,2,0.0022
13,Vadodara,WH,11626,2,0.0002
13,Davanagere,Pod,1378,7,0.0051
13,Gwalior,Pod,3152,20,0.0063
13,Thanjavur,Pod,4943,25,0.0051
13,Nagpur,Pod,10893,36,0.0033
13,Meerut,Pod,5128,41,0.008
13,Dehradun,Sourcing,9996,5,0.0005
13,Kota,Sourcing,3439,3,0.0009
13,Nashik,Sourcing,6080,6,0.001
13,Madurai,Sourcing,10432,10,0.001
13,Ujjain,WH,2190,2,0.0009
13,Amravati,Sourcing,1000,3,0.003
13,Thoothukudi,CX,4240,7,0.0017
13,Tirunelveli,CX,5053,6,0.0012
13,Warangal,Sourcing,8814,5,0.0006
13,Patiala,Sourcing,3294,2,0.0006
13,Sonipat,CX,1048,2,0.0019
13,Manipal,Pod,7037,4,0.0006
13,Tirupur,Pod,5362,1,0.0002
13,Nanded,Sourcing,719,2,0.0028
13,Guwahati,WH,9968,5,0.0005
13,Ludhiana,Sourcing,7619,1,0.0001
13,Vellore,Pod,6023,2,0.0003
13,Faridabad,Pod,13112,120,0.0092
13,Vapi,Pod,3296,11,0.0033
13,Kolkata,Pod,99323,158,0.0016
13,Allahabad,Pod,1837,12,0.0065
13,Noida 1,Sourcing,70726,86,0.0012
13,Kozhikode,Pod,14460,7,0.0005
13,Vizag,Sourcing,23074,16,0.0007
13,Pondicherry,Pod,10696,37,0.0035
13,Vadodara,Sourcing,11626,5,0.0004
13,Vijayawada,WH,18722,23,0.0012
13,Lonavla,WH,853,1,0.0012
13,Faridabad,Sourcing,13112,11,0.0008
13,Jaipur,Pod,25360,4,0.0002
13,Rajahmundry,Sourcing,3949,2,0.0005
13,Indore,Pod,16810,10,0.0006
13,Khammam,Sourcing,4925,1,0.0002
13,Kottayam,Sourcing,5365,1,0.0002
13,Nashik,WH,6080,2,0.0003
13,Gorakhpur,Pod,2690,1,0.0004
13,Gorakhpur,WH,2690,2,0.0007
13,Noida,Pod,22522,42,0.0019
13,Guntur,Pod,11296,81,0.0072
13,Bangalore,Sourcing,673372,620,0.0009
13,Hyderabad,Sourcing,366337,256,0.0007
13,Mumbai,WH,379995,96,0.0003
13,Trichy,Pod,8853,37,0.0042
13,Vellore,Pod,6023,26,0.0043
13,Kottayam,CX,5365,5,0.0009
13,Chandigarh,Sourcing,42221,15,0.0004
13,Udaipur,WH,4640,3,0.0006
13,Madurai,WH,10432,5,0.0005
13,Kakinada,CX,3562,6,0.0017
13,Kottayam,Pod,5365,2,0.0004
13,Lucknow,Pod,19755,1,0.0001
13,Mathura,Pod,936,1,0.0011
13,Anantapur,Sourcing,3613,1,0.0003
13,Latur,CX,735,2,0.0027
13,Patiala,Sourcing,3294,6,0.0018
13,Mathura,Pod,936,1,0.0011
13,Gwalior,Sourcing,3152,2,0.0006
13,Chandigarh,Pod,42221,8,0.0002
13,Khammam,Pod,4925,21,0.0043
13,Udaipur,Sourcing,4640,4,0.0009
13,Roorkee,Pod,1117,10,0.009
13,Thiruvananthapuram,Sourcing,47624,17,0.0004
13,Meerut,Sourcing,5128,22,0.0043
13,Patiala,Pod,3294,9,0.0027
13,Kollam,Pod,8565,8,0.0009
13,Kurnool,Pod,5777,6,0.001
13,Kozhikode,Sourcing,14460,6,0.0004
13,Noida,WH,22522,6,0.0003
13,Karnal,Pod,883,4,0.0045
13,Kota,Pod,3439,5,0.0015
13,Vapi,Sourcing,3296,6,0.0018
13,Faridabad,Pod,13112,5,0.0004
13,Rajkot,Sourcing,4957,2,0.0004
13,Saharanpur,Sourcing,593,1,0.0017
13,Anand,WH,682,1,0.0015
13,Warangal,Pod,8814,1,0.0001
13,Thiruvalla,WH,3874,2,0.0005
13,Siliguri,Pod,2815,17,0.006
13,Chennai,WH,243024,40,0.0002
13,Sonipat,Sourcing,1048,1,0.001
13,Guntur,Sourcing,11296,1,0.0001
13,Agra,Sourcing,1575,1,0.0006
13,Erode,Pod,3360,14,0.0042
13,Ujjain,CX,2190,5,0.0023
13,Mathura,Pod,936,5,0.0053
13,Ahmedabad,Pod,45491,427,0.0094
13,Patna,Pod,15297,106,0.0069
13,Gurgaon,Pod,94039,854,0.0091
13,Mysore,Pod,21675,74,0.0034
13,Kurnool,Pod,5777,30,0.0052
13,Patna,Sourcing,15297,22,0.0014
13,Mysore,Sourcing,21675,26,0.0012
13,Tirupati,Sourcing,11377,4,0.0004
13,Vizag,CX,23074,71,0.0031
13,Faridabad,CX,13112,41,0.0031
13,Ahmedabad,Sourcing,45491,25,0.0006
13,Raipur,Pod,4323,37,0.0086
13,Shivamogga,Pod,3613,13,0.0036
13,Chandigarh,WH,42221,6,0.0001
13,Latur,Pod,735,3,0.0041
13,Tirupur,Pod,5362,2,0.0004
13,Noida 1,Pod,70726,16,0.0002
13,Sonipat,Sourcing,1048,4,0.0038
13,Thanjavur,Sourcing,4943,3,0.0006
13,Kanchipuram,CX,2540,4,0.0016
13,Kanpur,CX,3390,4,0.0012
13,Kurnool,WH,5777,6,0.001
13,Dibrugarh,WH,2784,1,0.0004
13,Erode,Pod,3360,1,0.0003
13,Amravati,Sourcing,1000,1,0.001
13,Mangaluru,Sourcing,21317,3,0.0001
13,Ambala,Pod,1534,1,0.0007
13,Kannur,CX,1833,1,0.0005
13,Chandigarh,Pod,42221,9,0.0002
13,Ahmedabad,CX,45491,159,0.0035
13,Ludhiana,CX,7619,16,0.0021
13,Thrissur,Pod,22562,33,0.0015
13,Mysore,CX,21675,33,0.0015
13,Jalandhar,CX,1893,1,0.0005
13,Varanasi,WH,10098,3,0.0003
13,Kanchipuram,Sourcing,2540,1,0.0004
13,Guntur,WH,11296,8,0.0007
13,Mysore,Pod,21675,26,0.0012
13,Ajmer,Pod,1618,13,0.008
13,Lucknow,CX,19755,16,0.0008
13,Vellore,WH,6023,4,0.0007
13,Coimbatore,Pod,33686,3,0.0001
13,Kurnool,Sourcing,5777,9,0.0016
13,Karur,Pod,2795,5,0.0018
13,Ludhiana,WH,7619,3,0.0004
13,Nashik,Sourcing,6080,5,0.0008
13,Indore,Pod,16810,2,0.0001
13,Salem,WH,7076,1,0.0001
13,Nanded,Pod,719,2,0.0028
13,Eluru,CX,912,3,0.0033
13,Rohtak,WH,2376,1,0.0004
13,Ongole,Sourcing,609,1,0.0016
13,Anantapur,WH,3613,1,0.0003
13,Alappuzha,Sourcing,3658,1,0.0003
13,Rohtak,Pod,2376,1,0.0004
13,Nagercoil,Sourcing,3397,1,0.0003
13,Sri Ganganagar,CX,1770,1,0.0006
13,Bikaner,CX,1050,1,0.001
13,Kolkata,Pod,99323,385,0.0039
13,Ahmedabad,Sourcing,45491,2,0
13,Mumbai,Sourcing,379995,273,0.0007
13,Noida,Sourcing,22522,41,0.0018
13,Pune,Sourcing,184208,196,0.0011
13,Thiruvananthapuram,CX,47624,75,0.0016
13,Udaipur,Pod,4640,18,0.0039
13,Delhi,Pod,174156,1507,0.0087
13,Mangaluru,CX,21317,40,0.0019
13,Delhi,Sourcing,174156,203,0.0012
13,Kolkata,Sourcing,99323,92,0.0009
13,Kolkata,WH,99323,10,0.0001
13,Hyderabad,WH,366337,87,0.0002
13,Sonipat,Pod,1048,11,0.0105
13,Indore,Sourcing,16810,19,0.0011
13,Thiruvananthapuram,Sourcing,47624,11,0.0002
13,Patna,Pod,15297,44,0.0029
13,Lonavla,CX,853,3,0.0035
13,Indore,WH,16810,3,0.0002
13,Tirupur,Sourcing,5362,1,0.0002
13,Lonavla,Pod,853,2,0.0023
13,Vapi,Sourcing,3296,3,0.0009
13,Hyderabad,Sourcing,366337,17,0
13,Eluru,Sourcing,912,1,0.0011
13,Ahmedabad,Pod,45491,4,0.0001
13,Karimnagar,WH,3572,1,0.0003
13,Nagpur,Pod,10893,2,0.0002
13,Thiruvallur,CX,2110,1,0.0005
13,Kanpur,WH,3390,1,0.0003
13,Bhubaneswar,Pod,30850,6,0.0002
13,Saharanpur,CX,593,1,0.0017
13,Mumbai,WH,379995,196,0.0005
13,Bhopal,CX,9425,19,0.002
13,Bangalore,Sourcing,673372,186,0.0003
13,Vadodara,Sourcing,11626,4,0.0003
13,Guntur,CX,11296,26,0.0023
13,Kozhikode,Sourcing,14460,24,0.0017
13,Cuttack,Pod,2954,16,0.0054
13,Siliguri,CX,2815,12,0.0043
13,Salem,Pod,7076,1,0.0001
13,Aurangabad,Pod,2850,1,0.0004
13,Nashik,Pod,6080,16,0.0026
13,Thanjavur,CX,4943,7,0.0014
13,Karaikkudi,Pod,2154,10,0.0046
13,Warangal,WH,8814,2,0.0002
13,Jaipur,Sourcing,25360,2,0.0001
13,Coimbatore,Pod,33686,6,0.0002
13,Bareilly,Sourcing,898,1,0.0011
13,Moradabad,WH,2074,1,0.0005
13,Nizamabad,Sourcing,826,1,0.0012
13,Silchar,WH,3244,3,0.0009
13,Latur,WH,735,1,0.0014
13,Delhi,WH,174156,77,0.0004
13,Bhubaneswar,Pod,30850,173,0.0056
13,Kolkata,Sourcing,99323,58,0.0006
13,Coimbatore,Sourcing,33686,42,0.0012
13,Bhubaneswar,WH,30850,2,0.0001
13,Varanasi,CX,10098,20,0.002
13,Muzaffarpur,Pod,892,5,0.0056
13,Belgaum,Pod,3551,14,0.0039
13,Panipat,WH,2268,2,0.0009
13,Rajahmundry,Pod,3949,14,0.0035
13,Siliguri,Sourcing,2815,2,0.0007
13,Belgaum,Sourcing,3551,1,0.0003
13,Ahmedabad,WH,45491,10,0.0002
13,Kottayam,Pod,5365,1,0.0002
13,Raipur,Sourcing,4323,3,0.0007
13,Karaikkudi,CX,2154,3,0.0014
13,Cuttack,WH,2954,1,0.0003
13,Ranchi,CX,5523,13,0.0024
13,Coimbatore,CX,33686,93,0.0028
13,Jaipur,WH,25360,6,0.0002
13,Kochi,Pod,92585,5,0.0001
13,Thoothukudi,Sourcing,4240,5,0.0012
13,Kanpur,Sourcing,3390,2,0.0006
13,Jaipur,Sourcing,25360,2,0.0001
13,Kolhapur,Sourcing,2143,1,0.0005
13,Kollam,Sourcing,8565,1,0.0001
13,Moradabad,Pod,2074,8,0.0039
13,Nellore,WH,4293,1,0.0002
13,Central Goa,Sourcing,37811,12,0.0003
13,Tirupati,Pod,11377,4,0.0004
13,Agra,Pod,1575,12,0.0076
13,Salem,Sourcing,7076,5,0.0007
13,Trichy,Sourcing,8853,3,0.0003
13,Manipal,Sourcing,7037,3,0.0004
13,Vizag,Sourcing,23074,2,0.0001
13,Davanagere,Sourcing,1378,1,0.0007
13,Berhampur,CX,1140,2,0.0018
13,Allahabad,CX,1837,9,0.0049
13,Karimnagar,Pod,3572,1,0.0003
13,Pune,Pod,184208,19,0.0001
13,Patna,WH,15297,10,0.0007
13,Kottayam,Pod,5365,5,0.0009
13,Warangal,Sourcing,8814,3,0.0003
13,Udaipur,Pod,4640,1,0.0002
13,Surat,WH,12389,2,0.0002
13,Thiruvananthapuram,Pod,47624,199,0.0042
13,Chennai,Sourcing,243024,213,0.0009
13,Pondicherry,Pod,10696,8,0.0007
13,Siliguri,WH,2815,6,0.0021
13,Trichy,WH,8853,5,0.0006
13,Kochi,WH,92585,11,0.0001
13,Hubli,Pod,2989,7,0.0023
13,Vijayawada,Sourcing,18722,15,0.0008
13,Rohtak,CX,2376,7,0.0029
13,Ludhiana,Pod,7619,4,0.0005
13,Kota,Sourcing,3439,2,0.0006
13,Pondicherry,WH,10696,2,0.0002
13,Tirunelveli,Sourcing,5053,2,0.0004
13,Panipat,Sourcing,2268,2,0.0009
13,Meerut,Sourcing,5128,1,0.0002
13,Indore,Sourcing,16810,13,0.0008
13,Rohtak,Sourcing,2376,1,0.0004
13,Anantapur,Sourcing,3613,1,0.0003
13,Thrissur,Pod,22562,1,0
13,Kakinada,Sourcing,3562,1,0.0003
13,Kolkata,Sourcing,99323,75,0.0008
13,Warangal,Pod,8814,5,0.0006
13,Gurgaon,Pod,94039,16,0.0002
13,Coimbatore,Sourcing,33686,21,0.0006
13,Kochi,Sourcing,92585,12,0.0001
13,Madurai,Pod,10432,10,0.001
13,Gorakhpur,CX,2690,7,0.0026
13,Nanded,CX,719,1,0.0014
13,Jhansi,CX,498,1,0.002
13,Alappuzha,Sourcing,3658,1,0.0003
13,Chandigarh,Sourcing,42221,1,0
13,Kolhapur,Pod,2143,1,0.0005
13,Meerut,Sourcing,5128,2,0.0004
13,Thoothukudi,Sourcing,4240,2,0.0005
13,Bhopal,Sourcing,9425,5,0.0005
13,Trichy,CX,8853,15,0.0017
13,Siliguri,Sourcing,2815,1,0.0004
13,Karimnagar,Sourcing,3572,3,0.0008
13,Roorkee,CX,1117,4,0.0036
13,Udaipur,Sourcing,4640,1,0.0002
13,Jalandhar,Sourcing,1893,2,0.0011
13,Jodhpur,WH,1919,1,0.0005
13,Agra,Sourcing,1575,1,0.0006
13,Noida 1,Pod,70726,150,0.0021
13,Gurgaon,WH,94039,31,0.0003
13,Vizag,Pod,23074,122,0.0053
13,Bhubaneswar,Pod,30850,1,0
13,Hubli,CX,2989,6,0.002
13,Khammam,Pod,4925,2,0.0004
13,Thrissur,Sourcing,22562,9,0.0004
13,Patna,CX,15297,66,0.0043
13,Pondicherry,Sourcing,10696,9,0.0008
13,Tirupati,Sourcing,11377,6,0.0005
13,Pondicherry,CX,10696,10,0.0009
13,Anand,Pod,682,8,0.0117
13,Thoothukudi,Sourcing,4240,5,0.0012
13,Bathinda,Sourcing,989,1,0.001
13,Gurgaon,Sourcing,94039,69,0.0007
13,Kozhikode,Pod,14460,27,0.0019
13,Bhilai,CX,852,5,0.0059
13,Kochi,WH,92585,8,0.0001
13,Jabalpur,CX,2378,5,0.0021
13,Ranchi,WH,5523,2,0.0004
13,Kolhapur,Sourcing,2143,2,0.0009
13,Jaipur,Pod,25360,8,0.0003
13,Allahabad,WH,1837,1,0.0005
13,Udaipur,WH,4640,2,0.0004
13,Bhubaneswar,Pod,30850,1,0
13,Karimnagar,Pod,3572,1,0.0003
13,Warangal,CX,8814,34,0.0039
13,Gurgaon,CX,94039,265,0.0028
13,Vizag,Sourcing,23074,16,0.0007
13,Kochi,CX,92585,98,0.0011
13,Lucknow,Sourcing,19755,19,0.001
13,Ahmedabad,Sourcing,45491,8,0.0002
13,Nagpur,WH,10893,7,0.0006
13,Hubli,WH,2989,2,0.0007
13,Varanasi,Pod,10098,2,0.0002
13,Bhopal,Sourcing,9425,5,0.0005
13,Chennai,Sourcing,243024,19,0.0001
13,Guntur,Pod,11296,1,0.0001
13,Warangal,WH,8814,5,0.0006
13,Vizag,Pod,23074,5,0.0002
13,Faridabad,Sourcing,13112,4,0.0003
13,Vapi,CX,3296,6,0.0018
13,Faridabad,WH,13112,4,0.0003
13,Pondicherry,WH,10696,1,0.0001
13,Hubli,Sourcing,2989,1,0.0003
13,Thoothukudi,WH,4240,1,0.0002
13,Nizamabad,Sourcing,826,1,0.0012
13,Vijayawada,WH,18722,6,0.0003
13,Kochi,Pod,92585,265,0.0029
13,Surat,Pod,12389,58,0.0047
13,Pune,Pod,184208,7,0
13,Vizag,WH,23074,13,0.0006
13,Karur,Pod,2795,2,0.0007
13,Chennai,Pod,243024,60,0.0002
13,Manipal,WH,7037,4,0.0006
13,Guwahati,Sourcing,9968,3,0.0003
13,Madurai,Pod,10432,1,0.0001
13,Raipur,Sourcing,4323,1,0.0002
13,Moradabad,Sourcing,2074,1,0.0005
13,Mathura,CX,936,1,0.0011
13,Hyderabad,Pod,366337,20,0.0001
13,Mangaluru,Sourcing,21317,23,0.0011
13,Noida 1,WH,70726,38,0.0005
13,Mysore,Pod,21675,4,0.0002
13,Kota,CX,3439,9,0.0026
13,Nashik,Pod,6080,3,0.0005
13,Faridabad,WH,13112,3,0.0002
13,Lucknow,WH,19755,8,0.0004
13,Guntur,WH,11296,2,0.0002
13,Eluru,Pod,912,3,0.0033
13,Central Goa,WH,37811,9,0.0002
13,Moradabad,Sourcing,2074,1,0.0005
13,Aligarh,Pod,1625,1,0.0006
13,Mangaluru,Sourcing,21317,10,0.0005
13,Kottayam,Sourcing,5365,1,0.0002
13,Patiala,WH,3294,1,0.0003
13,Chandigarh,CX,42221,143,0.0034
13,Noida 1,Sourcing,70726,71,0.001
13,Thanjavur,Sourcing,4943,3,0.0006
13,Vellore,Sourcing,6023,4,0.0007
13,Nellore,Sourcing,4293,4,0.0009
13,Manipal,Sourcing,7037,2,0.0003
13,Faridabad,Sourcing,13112,1,0.0001
13,Thanjavur,WH,4943,1,0.0002
13,Jamshedpur,Sourcing,3000,1,0.0003
13,Hyderabad,CX,366337,1916,0.0052
13,Vijayawada,Sourcing,18722,14,0.0007
13,Tirunelveli,Sourcing,5053,3,0.0006
13,Noida,Pod,22522,4,0.0002
13,Ujjain,Pod,2190,9,0.0041
13,Vijayawada,Pod,18722,8,0.0004
13,Moradabad,CX,2074,8,0.0039
13,Ludhiana,Sourcing,7619,4,0.0005
13,Mumbai,Sourcing,379995,2,0
13,Thiruvalla,Pod,3874,5,0.0013
13,Kurnool,Pod,5777,2,0.0003
13,Surat,Sourcing,12389,4,0.0003
13,Siliguri,Sourcing,2815,1,0.0004
13,Silchar,CX,3244,3,0.0009
13,Hyderabad,Pod,366337,3542,0.0097
13,Delhi,CX,174156,497,0.0029
13,Bangalore,Pod,673372,136,0.0002
13,Mumbai,Pod,379995,93,0.0002
13,Kakinada,Sourcing,3562,2,0.0006
13,Panipat,Sourcing,2268,1,0.0004
13,Kanpur,Sourcing,3390,1,0.0003
13,Vadodara,CX,11626,35,0.003
13,Delhi,Pod,174156,23,0.0001
13,Thrissur,Sourcing,22562,5,0.0002
13,Karaikkudi,Sourcing,2154,3,0.0014
13,Rohtak,Sourcing,2376,2,0.0008
13,Jamshedpur,Pod,3000,1,0.0003
13,Surat,Pod,12389,5,0.0004
13,Noida,WH,22522,8,0.0004
13,Dehradun,Sourcing,9996,4,0.0004
13,Warangal,Pod,8814,3,0.0003
13,Nizamabad,Pod,826,5,0.0061
13,Surat,WH,12389,5,0.0004
13,Tirupati,CX,11377,20,0.0018
13,Ahmedabad,WH,45491,9,0.0002
13,Rajahmundry,Sourcing,3949,4,0.001
13,Gwalior,CX,3152,7,0.0022
13,Ranchi,Sourcing,5523,5,0.0009
13,Kochi,Pod,92585,6,0.0001
13,Rajahmundry,Sourcing,3949,3,0.0008
13,Pondicherry,Sourcing,10696,4,0.0004
13,Kanchipuram,Pod,2540,1,0.0004
13,Tirupur,Pod,5362,1,0.0002
13,Nashik,WH,6080,2,0.0003
13,Eluru,Sourcing,912,1,0.0011
13,Lucknow,Pod,19755,65,0.0033
13,Bhilai,Pod,852,13,0.0153
13,Chandigarh,Pod,42221,347,0.0082
13,Patiala,CX,3294,5,0.0015
13,Delhi,Sourcing,174156,174,0.001
13,Bhubaneswar,Sourcing,30850,15,0.0005
13,Sri Ganganagar,Pod,1770,8,0.0045
13,Khammam,CX,4925,8,0.0016
13,Jabalpur,Sourcing,2378,2,0.0008
13,Vadodara,Pod,11626,2,0.0002
13,Muzaffarpur,WH,892,1,0.0011
13,Ongole,WH,609,1,0.0016
13,Kannur,Sourcing,1833,1,0.0005
13,Ahmednagar,Pod,551,1,0.0018
13,Kurnool,Sourcing,5777,4,0.0007
13,Kolkata,CX,99323,239,0.0024
13,Mathura,Sourcing,936,2,0.0021
13,Thiruvalla,CX,3874,6,0.0015
13,Mysore,Sourcing,21675,16,0.0007
13,Meerut,CX,5128,7,0.0014
13,Belgaum,CX,3551,3,0.0008
13,Ajmer,CX,1618,1,0.0006
13,Aurangabad,CX,2850,4,0.0014
13,Nellore,Pod,4293,21,0.0049
13,Surat,CX,12389,29,0.0023
13,Nagercoil,Pod,3397,2,0.0006
13,Panipat,Sourcing,2268,5,0.0022
13,Saharanpur,Pod,593,1,0.0017
13,Jabalpur,Pod,2378,18,0.0076
13,Jamshedpur,CX,3000,8,0.0027
13,Alappuzha,Pod,3658,6,0.0016
13,Bilaspur,Pod,1088,1,0.0009
13,Coimbatore,Pod,33686,240,0.0071
13,Bhopal,Pod,9425,2,0.0002
13,Mysore,WH,21675,7,0.0003
13,Central Goa,WH,37811,10,0.0003
13,Sri Ganganagar,Pod,1770,2,0.0011
13,Ludhiana,WH,7619,1,0.0001
13,Amritsar,Pod,2852,1,0.0004
13,Anand,Pod,682,1,0.0015
13,Rajahmundry,WH,3949,3,0.0008
13,Kolkata,Pod,99323,19,0.0002
13,Nellore,Sourcing,4293,4,0.0009
13,Palakkad,Sourcing,3447,2,0.0006
13,Dehradun,WH,9996,3,0.0003
13,Lucknow,Sourcing,19755,4,0.0002
13,Ujjain,Pod,2190,1,0.0005
13,Indore,WH,16810,8,0.0005
13,Rajahmundry,WH,3949,3,0.0008
13,Kanchipuram,Pod,2540,1,0.0004
13,Kannur,Pod,1833,1,0.0005
13,Gurgaon,WH,94039,33,0.0004
13,Chandigarh,Sourcing,42221,51,0.0012
13,Aligarh,WH,1625,3,0.0018
13,Karaikkudi,Sourcing,2154,1,0.0005
13,Tirunelveli,Pod,5053,1,0.0002
13,Indore,CX,16810,68,0.004
13,Delhi,WH,174156,62,0.0004
13,Kochi,Sourcing,92585,18,0.0002
13,Jaipur,Sourcing,25360,11,0.0004
13,Jaipur,Pod,25360,3,0.0001
13,Ludhiana,Sourcing,7619,3,0.0004
13,Tirupati,Pod,11377,3,0.0003
13,Tirunelveli,WH,5053,2,0.0004
13,Mysore,Pod,21675,1,0
13,Muzaffarpur,Pod,892,1,0.0011
13,Faridabad,Pod,13112,1,0.0001
13,Mangaluru,Pod,21317,2,0.0001
13,Jodhpur,CX,1919,7,0.0036
13,Tirupati,WH,11377,6,0.0005
13,Kollam,Pod,8565,5,0.0006
13,Tumakuru,Pod,3268,5,0.0015
13,Patna,WH,15297,1,0.0001
13,Gorakhpur,Sourcing,2690,1,0.0004
13,Kollam,WH,8565,1,0.0001
13,Guwahati,Pod,9968,92,0.0092
13,Raipur,CX,4323,10,0.0023
13,Thrissur,Pod,22562,1,0
13,Kurnool,Sourcing,5777,7,0.0012
13,Vijayawada,Pod,18722,115,0.0061
13,Hyderabad,Sourcing,366337,105,0.0003
13,Dibrugarh,Pod,2784,30,0.0108
13,Warangal,Sourcing,8814,5,0.0006
13,Vellore,CX,6023,11,0.0018
13,Varanasi,Sourcing,10098,6,0.0006
13,Lonavla,Pod,853,4,0.0047
13,Meerut,Pod,5128,4,0.0008
13,Thrissur,Pod,22562,2,0.0001
13,Aurangabad,Sourcing,2850,1,0.0004
13,Nellore,Sourcing,4293,1,0.0002
13,Jamshedpur,Sourcing,3000,1,0.0003
13,Gorakhpur,WH,2690,1,0.0004
13,Nagpur,Sourcing,10893,3,0.0003
13,Tirunelveli,WH,5053,1,0.0002
13,Amritsar,Sourcing,2852,1,0.0004
13,Bhopal,WH,9425,3,0.0003
13,Belgaum,Sourcing,3551,1,0.0003
13,Kollam,Pod,8565,2,0.0002
13,Kollam,Sourcing,8565,11,0.0013
13,Ahmedabad,Sourcing,45491,27,0.0006
13,Pune,CX,184208,616,0.0033
14,Jodhpur,Sourcing,2218,1,0.0005
14,Kochi,CX,92699,99,0.0011
14,Mumbai,Sourcing,400078,427,0.0011
14,Ranchi,Sourcing,5820,9,0.0015
14,Udaipur,WH,5339,2,0.0004
14,Tirupur,CX,5877,11,0.0019
14,Cuttack,CX,2849,4,0.0014
14,Nanded,CX,754,4,0.0053
14,Thiruvananthapuram,Pod,44442,3,0.0001
14,Thrissur,WH,23426,4,0.0002
14,Khammam,Sourcing,4949,4,0.0008
14,Khammam,WH,4949,1,0.0002
14,Bangalore,Sourcing,693124,685,0.001
14,Meerut,Pod,4589,8,0.0017
14,Dehradun,Sourcing,10756,4,0.0004
14,Mysore,Sourcing,22017,21,0.001
14,Jamshedpur,Pod,3555,19,0.0053
14,Faridabad,Pod,14237,151,0.0106
14,Mysore,WH,22017,3,0.0001
14,Nagpur,Sourcing,10092,10,0.001
14,Eluru,CX,906,3,0.0033
14,Aurangabad,Sourcing,3140,1,0.0003
14,Gwalior,Sourcing,3739,1,0.0003
14,Anantapur,Pod,3586,1,0.0003
14,Manipal,Pod,7094,1,0.0001
14,Pune,Sourcing,182200,35,0.0002
14,Rajahmundry,Pod,4145,17,0.0041
14,Moradabad,Pod,2309,13,0.0056
14,Indore,WH,16272,5,0.0003
14,Chandigarh,Sourcing,44997,47,0.001
14,Chandigarh,WH,44997,5,0.0001
14,Vapi,Sourcing,3756,3,0.0008
14,Vizag,Pod,22263,5,0.0002
14,Salem,WH,7751,2,0.0003
14,Bareilly,Sourcing,1153,2,0.0017
14,Nellore,Pod,4789,1,0.0002
14,Cuttack,Sourcing,2849,1,0.0004
14,Varanasi,WH,9808,1,0.0001
14,Shivamogga,Pod,3811,1,0.0003
14,Ongole,WH,602,1,0.0017
14,Salem,Sourcing,7751,1,0.0001
14,Shivamogga,Sourcing,3811,1,0.0003
14,Kanpur,Sourcing,3651,1,0.0003
14,Rajkot,Sourcing,4176,2,0.0005
14,Sonipat,Sourcing,1128,3,0.0027
14,Vijayawada,Pod,19075,5,0.0003
14,Guwahati,Pod,9481,108,0.0114
14,Davanagere,CX,1590,6,0.0038
14,Pondicherry,Pod,12579,35,0.0028
14,Panipat,Sourcing,2504,7,0.0028
14,Thiruvallur,Sourcing,2485,2,0.0008
14,Chennai,WH,275810,23,0.0001
14,Bhubaneswar,WH,33179,6,0.0002
14,Muzaffarpur,Pod,1117,3,0.0027
14,Rajahmundry,Sourcing,4145,3,0.0007
14,Vizag,Pod,22263,133,0.006
14,Thiruvananthapuram,Sourcing,44442,42,0.0009
14,Faridabad,WH,14237,9,0.0006
14,Guntur,Sourcing,10935,6,0.0005
14,Surat,Sourcing,11410,1,0.0001
14,Karaikkudi,WH,2364,1,0.0004
14,Meerut,Pod,4589,35,0.0076
14,Mysore,WH,22017,16,0.0007
14,Warangal,Sourcing,8312,5,0.0006
14,Noida 1,Sourcing,74475,85,0.0011
14,Bangalore,Sourcing,693124,140,0.0002
14,Kolkata,WH,107968,20,0.0002
14,Chandigarh,Sourcing,44997,25,0.0006
14,Moradabad,CX,2309,9,0.0039
14,Kurnool,Pod,5545,2,0.0004
14,Gorakhpur,CX,2363,7,0.003
14,Jodhpur,Pod,2218,13,0.0059
14,Ajmer,Pod,1787,8,0.0045
14,Vadodara,Pod,9768,10,0.001
14,Guntur,WH,10935,3,0.0003
14,Surat,Sourcing,11410,5,0.0004
14,Kozhikode,WH,13407,5,0.0004
14,Central Goa,Sourcing,37434,20,0.0005
14,Jalandhar,Sourcing,1984,3,0.0015
14,Faridabad,Sourcing,14237,15,0.0011
14,Varanasi,WH,9808,2,0.0002
14,Sri Ganganagar,WH,2085,1,0.0005
14,Guntur,Pod,10935,2,0.0002
14,Kakinada,Sourcing,3470,1,0.0003
14,Bhimavaram,CX,820,1,0.0012
14,Rajkot,Sourcing,4176,1,0.0002
14,Bhilai,Pod,1020,1,0.001
14,Tumakuru,WH,3237,2,0.0006
14,Thanjavur,Sourcing,5417,1,0.0002
14,Meerut,Pod,4589,1,0.0002
14,Trichy,WH,9553,1,0.0001
14,Mumbai,CX,400078,1251,0.0031
14,Dehradun,Pod,10756,69,0.0064
14,Central Goa,Pod,37434,212,0.0057
14,Jaipur,CX,25598,68,0.0027
14,Guntur,CX,10935,39,0.0036
14,Hubli,CX,3187,7,0.0022
14,Vijayawada,WH,19075,29,0.0015
14,Patna,Sourcing,16709,19,0.0011
14,Thanjavur,WH,5417,4,0.0007
14,Rajahmundry,Sourcing,4145,5,0.0012
14,Bhimavaram,Pod,820,4,0.0049
14,Guwahati,Pod,9481,6,0.0006
14,Thiruvallur,Pod,2485,3,0.0012
14,Dehradun,CX,10756,34,0.0032
14,Pondicherry,CX,12579,19,0.0015
14,Agra,Pod,1819,16,0.0088
14,Varanasi,Sourcing,9808,4,0.0004
14,Moradabad,Pod,2309,3,0.0013
14,Coimbatore,WH,34521,31,0.0009
14,Kota,Pod,3600,18,0.005
14,Khammam,CX,4949,5,0.001
14,Kanpur,WH,3651,1,0.0003
14,Thrissur,Sourcing,23426,11,0.0005
14,Coimbatore,Pod,34521,1,0
14,Jamshedpur,WH,3555,1,0.0003
14,Manipal,Sourcing,7094,1,0.0001
14,Central Goa,Pod,37434,7,0.0002
14,Silchar,Sourcing,3697,3,0.0008
14,Erode,Sourcing,3864,1,0.0003
14,Tirupur,Sourcing,5877,2,0.0003
14,Kollam,WH,8864,1,0.0001
14,Bikaner,Sourcing,1232,1,0.0008
14,Belgaum,Pod,3573,2,0.0006
14,Indore,Sourcing,16272,2,0.0001
14,Vadodara,Sourcing,9768,1,0.0001
14,Kozhikode,Sourcing,13407,1,0.0001
14,Latur,Sourcing,851,1,0.0012
14,Bangalore,CX,693124,1877,0.0027
14,Nagpur,CX,10092,17,0.0017
14,Coimbatore,Sourcing,34521,20,0.0006
14,Vadodara,Sourcing,9768,16,0.0016
14,Nagpur,Sourcing,10092,5,0.0005
14,Lucknow,WH,17668,4,0.0002
14,Bangalore,Pod,693124,6,0
14,Rudrapur,Pod,1050,6,0.0057
14,Lucknow,Sourcing,17668,3,0.0002
14,Gurgaon,Sourcing,101125,77,0.0008
14,Thiruvananthapuram,Pod,44442,31,0.0007
14,Thiruvananthapuram,WH,44442,18,0.0004
14,Ongole,Pod,602,2,0.0033
14,Nashik,Pod,6952,1,0.0001
14,Raipur,Sourcing,4947,4,0.0008
14,Alappuzha,Sourcing,3939,2,0.0005
14,Faridabad,Sourcing,14237,3,0.0002
14,Bangalore,Sourcing,693124,513,0.0007
14,Noida 1,WH,74475,32,0.0004
14,Kolkata,CX,107968,242,0.0022
14,Madurai,Pod,10736,46,0.0043
14,Kolhapur,Pod,2114,9,0.0043
14,Mangaluru,WH,20763,8,0.0004
14,Kakinada,CX,3470,14,0.004
14,Thrissur,Sourcing,23426,4,0.0002
14,Mysore,Pod,22017,8,0.0004
14,Khammam,Pod,4949,1,0.0002
14,Latur,Pod,851,2,0.0024
14,Palakkad,Pod,3840,3,0.0008
14,Muzaffarpur,Sourcing,1117,1,0.0009
14,Dibrugarh,Pod,2471,2,0.0008
14,Thanjavur,Pod,5417,2,0.0004
14,Karaikkudi,Pod,2364,1,0.0004
14,Lucknow,Sourcing,17668,2,0.0001
14,Roorkee,CX,1258,1,0.0008
14,Tumakuru,Sourcing,3237,1,0.0003
14,Kota,Pod,3600,2,0.0006
14,Thiruvalla,WH,4148,1,0.0002
14,Central Goa,Sourcing,37434,4,0.0001
14,Tirunelveli,WH,5667,3,0.0005
14,Ludhiana,Sourcing,7899,14,0.0018
14,Trichy,Sourcing,9553,5,0.0005
14,Mumbai,Sourcing,400078,259,0.0006
14,Ahmedabad,Pod,43168,328,0.0076
14,Mangaluru,CX,20763,57,0.0027
14,Lucknow,Pod,17668,49,0.0028
14,Faridabad,CX,14237,40,0.0028
14,Siliguri,Pod,2791,24,0.0086
14,Karnal,Pod,1187,10,0.0084
14,Bhubaneswar,Sourcing,33179,7,0.0002
14,Siliguri,Sourcing,2791,4,0.0014
14,Central Goa,WH,37434,7,0.0002
14,Karimnagar,Sourcing,3508,3,0.0009
14,Kanpur,Pod,3651,7,0.0019
14,Panipat,Pod,2504,6,0.0024
14,Thiruvallur,CX,2485,13,0.0052
14,Noida,Sourcing,23824,5,0.0002
14,Bhilai,Sourcing,1020,2,0.002
14,Kozhikode,Sourcing,13407,6,0.0004
14,Chennai,Sourcing,275810,65,0.0002
14,Mangaluru,Pod,20763,1,0
14,Raipur,Pod,4947,1,0.0002
14,Kota,Sourcing,3600,8,0.0022
14,Rajkot,Sourcing,4176,4,0.001
14,Central Goa,Pod,37434,12,0.0003
14,Kanchipuram,Sourcing,3054,1,0.0003
14,Tirunelveli,Sourcing,5667,1,0.0002
14,Hyderabad,WH,371458,225,0.0006
14,Surat,Pod,11410,2,0.0002
14,Ranchi,Pod,5820,34,0.0058
14,Mumbai,Pod,400078,2827,0.0071
14,Kolkata,Pod,107968,198,0.0018
14,Patiala,Sourcing,3680,7,0.0019
14,Kurnool,Sourcing,5545,4,0.0007
14,Thiruvananthapuram,Pod,44442,190,0.0043
14,Aligarh,CX,1784,7,0.0039
14,Thoothukudi,CX,4999,8,0.0016
14,Kurnool,Pod,5545,27,0.0049
14,Meerut,Sourcing,4589,4,0.0009
14,Amritsar,Pod,3234,1,0.0003
14,Gorakhpur,Sourcing,2363,1,0.0004
14,Bhimavaram,WH,820,1,0.0012
14,Ludhiana,Pod,7899,19,0.0024
14,Meerut,Sourcing,4589,3,0.0007
14,Kota,Pod,3600,1,0.0003
14,Kottayam,Sourcing,5865,4,0.0007
14,Aligarh,Pod,1784,1,0.0006
14,Karimnagar,Sourcing,3508,1,0.0003
14,Noida 1,Pod,74475,1,0
14,Nellore,CX,4789,5,0.001
14,Mangaluru,Sourcing,20763,3,0.0001
14,Kurnool,Sourcing,5545,3,0.0005
14,Davanagere,Sourcing,1590,1,0.0006
14,Vizag,CX,22263,59,0.0027
14,Noida 1,Pod,74475,530,0.0071
14,Noida,CX,23824,92,0.0039
14,Vizag,WH,22263,7,0.0003
14,Udaipur,Sourcing,5339,8,0.0015
14,Palakkad,Sourcing,3840,3,0.0008
14,Karaikkudi,CX,2364,5,0.0021
14,Hyderabad,Pod,371458,83,0.0002
14,Kurnool,WH,5545,2,0.0004
14,Ujjain,Pod,2274,10,0.0044
14,Faridabad,WH,14237,4,0.0003
14,Pondicherry,Pod,12579,11,0.0009
14,Ranchi,Sourcing,5820,1,0.0002
14,Anantapur,CX,3586,16,0.0045
14,Delhi,Sourcing,196917,221,0.0011
14,Central Goa,Sourcing,37434,25,0.0007
14,Kurnool,WH,5545,2,0.0004
14,Jaipur,Sourcing,25598,4,0.0002
14,Mysore,Pod,22017,26,0.0012
14,Central Goa,WH,37434,7,0.0002
14,Mangaluru,Pod,20763,9,0.0004
14,Amritsar,CX,3234,2,0.0006
14,Mathura,Pod,1198,3,0.0025
14,Raipur,Sourcing,4947,1,0.0002
14,Muzaffarpur,CX,1117,4,0.0036
14,Nellore,Sourcing,4789,4,0.0008
14,Kanpur,CX,3651,4,0.0011
14,Pune,Sourcing,182200,125,0.0007
14,Ahmedabad,WH,43168,10,0.0002
14,Mangaluru,Sourcing,20763,13,0.0006
14,Hyderabad,Sourcing,371458,99,0.0003
14,Kurnool,CX,5545,27,0.0049
14,Hyderabad,Pod,371458,30,0.0001
14,Rajkot,Pod,4176,23,0.0055
14,Gurgaon,Sourcing,101125,68,0.0007
14,Nellore,Pod,4789,4,0.0008
14,Manipal,Sourcing,7094,3,0.0004
14,Gorakhpur,Sourcing,2363,1,0.0004
14,Bhilai,Sourcing,1020,1,0.001
14,Nellore,Sourcing,4789,1,0.0002
14,Bhubaneswar,Pod,33179,237,0.0071
14,Noida,Pod,23824,187,0.0078
14,Jabalpur,WH,2941,1,0.0003
14,Kurnool,Pod,5545,4,0.0007
14,Karimnagar,WH,3508,1,0.0003
14,Kanchipuram,WH,3054,1,0.0003
14,Siliguri,Sourcing,2791,1,0.0004
14,Vapi,CX,3756,6,0.0016
14,Thoothukudi,WH,4999,1,0.0002
14,Karur,Pod,2953,8,0.0027
14,Lucknow,Pod,17668,14,0.0008
14,Pune,Pod,182200,1690,0.0093
14,Hyderabad,Pod,371458,3522,0.0095
14,Coimbatore,Pod,34521,198,0.0057
14,Warangal,Pod,8312,81,0.0097
14,Dibrugarh,Pod,2471,18,0.0073
14,Mysore,Sourcing,22017,25,0.0011
14,Patna,WH,16709,3,0.0002
14,Bhubaneswar,WH,33179,3,0.0001
14,Kottayam,CX,5865,2,0.0003
14,Mathura,CX,1198,2,0.0017
14,Kozhikode,Pod,13407,8,0.0006
14,Madurai,Sourcing,10736,3,0.0003
14,Surat,Pod,11410,11,0.001
14,Vellore,Pod,6671,2,0.0003
14,Nagercoil,WH,3889,1,0.0003
14,Erode,CX,3864,11,0.0028
14,Bathinda,Sourcing,1010,1,0.001
14,Delhi,Sourcing,196917,161,0.0008
14,Ludhiana,CX,7899,12,0.0015
14,Bhopal,WH,9367,5,0.0005
14,Ambala,Pod,1853,12,0.0065
14,Delhi,WH,196917,62,0.0003
14,Lucknow,CX,17668,14,0.0008
14,Trichy,WH,9553,6,0.0006
14,Thiruvananthapuram,Sourcing,44442,6,0.0001
14,Ongole,Pod,602,2,0.0033
14,Jalandhar,Pod,1984,7,0.0035
14,Nagercoil,CX,3889,3,0.0008
14,Jaipur,Sourcing,25598,5,0.0002
14,Thoothukudi,WH,4999,2,0.0004
14,Kollam,Sourcing,8864,3,0.0003
14,Gwalior,Pod,3739,1,0.0003
14,Latur,CX,851,1,0.0012
14,Nanded,Sourcing,754,1,0.0013
14,Faridabad,Pod,14237,1,0.0001
14,Allahabad,Pod,1674,1,0.0006
14,Lucknow,Pod,17668,1,0.0001
14,Ajmer,Sourcing,1787,1,0.0006
14,Vizag,Sourcing,22263,1,0
14,Vijayawada,Sourcing,19075,1,0.0001
14,Mumbai,WH,400078,233,0.0006
14,Vijayawada,Pod,19075,102,0.0053
14,Surat,WH,11410,9,0.0008
14,Bhubaneswar,Sourcing,33179,13,0.0004
14,Madurai,WH,10736,11,0.001
14,Kota,Sourcing,3600,3,0.0008
14,Allahabad,CX,1674,11,0.0066
14,Faridabad,Sourcing,14237,9,0.0006
14,Nanded,Pod,754,2,0.0027
14,Tirupati,CX,11303,28,0.0025
14,Jaipur,WH,25598,8,0.0003
14,Ludhiana,Sourcing,7899,6,0.0008
14,Davanagere,Pod,1590,7,0.0044
14,Aurangabad,CX,3140,5,0.0016
14,Hubli,Sourcing,3187,1,0.0003
14,Kollam,Sourcing,8864,3,0.0003
14,Gurgaon,Pod,101125,3,0
14,Manipal,Pod,7094,4,0.0006
14,Tirupur,WH,5877,2,0.0003
14,Dehradun,Pod,10756,1,0.0001
14,Nizamabad,Pod,799,1,0.0013
14,Thrissur,Sourcing,23426,1,0
14,Latur,Pod,851,2,0.0024
14,Ujjain,WH,2274,2,0.0009
14,Mysore,CX,22017,44,0.002
14,Noida,WH,23824,9,0.0004
14,Belgaum,Pod,3573,13,0.0036
14,Kolkata,WH,107968,3,0
14,Chandigarh,WH,44997,13,0.0003
14,Chandigarh,Pod,44997,22,0.0005
14,Patna,WH,16709,3,0.0002
14,Thiruvalla,Pod,4148,1,0.0002
14,Chandigarh,Pod,44997,308,0.0068
14,Bhubaneswar,Pod,33179,4,0.0001
14,Bhubaneswar,Pod,33179,22,0.0007
14,Varanasi,Pod,9808,4,0.0004
14,Moradabad,Sourcing,2309,3,0.0013
14,Gurgaon,WH,101125,34,0.0003
14,Gorakhpur,Pod,2363,10,0.0042
14,Pondicherry,Sourcing,12579,4,0.0003
14,Vizag,Sourcing,22263,8,0.0004
14,Indore,Pod,16272,10,0.0006
14,Shivamogga,CX,3811,13,0.0034
14,Thiruvananthapuram,Pod,44442,4,0.0001
14,Kolkata,Sourcing,107968,126,0.0012
14,Madurai,Sourcing,10736,3,0.0003
14,Noida,Sourcing,23824,39,0.0016
14,Bhilai,Pod,1020,9,0.0088
14,Aurangabad,Pod,3140,17,0.0054
14,Noida,Pod,23824,5,0.0002
14,Vijayawada,Sourcing,19075,12,0.0006
14,Panipat,CX,2504,8,0.0032
14,Ujjain,CX,2274,9,0.004
14,Amravati,Sourcing,932,2,0.0021
14,Ranchi,WH,5820,3,0.0005
14,Ujjain,WH,2274,2,0.0009
14,Ludhiana,Pod,7899,1,0.0001
14,Vellore,Sourcing,6671,2,0.0003
14,Noida 1,Pod,74475,46,0.0006
14,Noida 1,Sourcing,74475,70,0.0009
14,Vapi,Pod,3756,2,0.0005
14,Tumakuru,Sourcing,3237,1,0.0003
14,Ludhiana,Pod,7899,11,0.0014
14,Kochi,Sourcing,92699,1,0
14,Allahabad,Sourcing,1674,1,0.0006
14,Bilaspur,Pod,1217,1,0.0008
14,Jaipur,Sourcing,25598,24,0.0009
14,Pondicherry,Pod,12579,1,0.0001
14,Udaipur,Pod,5339,40,0.0075
14,Salem,Sourcing,7751,4,0.0005
14,Gurgaon,Pod,101125,1013,0.01
14,Nellore,Sourcing,4789,7,0.0015
14,Mumbai,Sourcing,400078,333,0.0008
14,Delhi,Pod,196917,144,0.0007
14,Bhopal,CX,9367,26,0.0028
14,Kozhikode,CX,13407,8,0.0006
14,Tirupati,Pod,11303,13,0.0012
14,Chandigarh,Sourcing,44997,10,0.0002
14,Tirupur,Pod,5877,27,0.0046
14,Thanjavur,CX,5417,12,0.0022
14,Raipur,CX,4947,7,0.0014
14,Ahmedabad,Sourcing,43168,14,0.0003
14,Kota,CX,3600,8,0.0022
14,Meerut,CX,4589,19,0.0041
14,Shivamogga,Pod,3811,21,0.0055
14,Manipal,WH,7094,3,0.0004
14,Patiala,Pod,3680,5,0.0014
14,Vizag,Sourcing,22263,31,0.0014
14,Bhubaneswar,Sourcing,33179,9,0.0003
14,Rohtak,WH,2741,1,0.0004
14,Manipal,Sourcing,7094,1,0.0001
14,Muzaffarpur,WH,1117,1,0.0009
14,Bilaspur,WH,1217,1,0.0008
14,Kochi,WH,92699,9,0.0001
14,Hyderabad,WH,371458,83,0.0002
14,Gwalior,Pod,3739,14,0.0037
14,Anantapur,Pod,3586,23,0.0064
14,Indore,Pod,16272,145,0.0089
14,Pondicherry,WH,12579,11,0.0009
14,Tirupati,WH,11303,3,0.0003
14,Dibrugarh,CX,2471,10,0.004
14,Ahmedabad,Pod,43168,25,0.0006
14,Salem,CX,7751,6,0.0008
14,Coimbatore,Sourcing,34521,9,0.0003
14,Thrissur,Sourcing,23426,2,0.0001
14,Guntur,Pod,10935,1,0.0001
14,Surat,WH,11410,1,0.0001
14,Thiruvalla,Sourcing,4148,1,0.0002
14,Sonipat,CX,1128,1,0.0009
14,Amritsar,Sourcing,3234,2,0.0006
14,Silchar,Sourcing,3697,1,0.0003
14,Tirupur,Sourcing,5877,1,0.0002
14,Mysore,Pod,22017,83,0.0038
14,Warangal,Sourcing,8312,9,0.0011
14,Lucknow,WH,17668,3,0.0002
14,Nagpur,Sourcing,10092,5,0.0005
14,Pune,Sourcing,182200,44,0.0002
14,Gurgaon,Pod,101125,13,0.0001
14,Tirupati,Sourcing,11303,6,0.0005
14,Khammam,WH,4949,2,0.0004
14,Madurai,Pod,10736,14,0.0013
14,Palakkad,Sourcing,3840,2,0.0005
14,Delhi,WH,196917,74,0.0004
14,Pondicherry,Sourcing,12579,6,0.0005
14,Agra,CX,1819,5,0.0027
14,Tirupur,Sourcing,5877,5,0.0009
14,Nagercoil,Pod,3889,3,0.0008
14,Dehradun,Sourcing,10756,3,0.0003
14,Varanasi,Sourcing,9808,3,0.0003
14,Shivamogga,Sourcing,3811,4,0.0011
14,Kollam,Pod,8864,10,0.0011
14,Kochi,Pod,92699,10,0.0001
14,Thrissur,WH,23426,6,0.0003
14,Bhopal,Pod,9367,3,0.0003
14,Nagpur,WH,10092,1,0.0001
14,Latur,Sourcing,851,1,0.0012
14,Moradabad,WH,2309,1,0.0004
14,Dehradun,Pod,10756,1,0.0001
14,Jodhpur,Sourcing,2218,1,0.0005
14,Bangalore,Sourcing,693124,698,0.001
14,Nellore,Pod,4789,21,0.0044
14,Saharanpur,Pod,665,3,0.0045
14,Ahmedabad,Sourcing,43168,22,0.0005
14,Thiruvallur,Sourcing,2485,3,0.0012
14,Hubli,Sourcing,3187,2,0.0006
14,Sonipat,Pod,1128,2,0.0018
14,Meerut,Sourcing,4589,3,0.0007
14,Patiala,Sourcing,3680,4,0.0011
14,Aligarh,Pod,1784,1,0.0006
14,Vizianagaram,CX,708,1,0.0014
14,Tumakuru,Sourcing,3237,1,0.0003
14,Hyderabad,Sourcing,371458,13,0
14,Bikaner,Pod,1232,1,0.0008
14,Guntur,Pod,10935,1,0.0001
14,Vadodara,WH,9768,2,0.0002
14,Dibrugarh,WH,2471,1,0.0004
14,Shivamogga,Sourcing,3811,1,0.0003
14,Ajmer,Pod,1787,1,0.0006
14,Ujjain,Sourcing,2274,1,0.0004
14,Faridabad,Pod,14237,4,0.0003
14,Bangalore,Pod,693124,1090,0.0016
14,Rajahmundry,CX,4145,7,0.0017
14,Khammam,Pod,4949,21,0.0042
14,Delhi,Pod,196917,1750,0.0089
14,Tirupati,Sourcing,11303,7,0.0006
14,Rajkot,Pod,4176,3,0.0007
14,Thiruvananthapuram,CX,44442,59,0.0013
14,Raipur,Pod,4947,5,0.001
14,Madurai,WH,10736,2,0.0002
14,Siliguri,CX,2791,4,0.0014
14,Mumbai,Pod,400078,168,0.0004
14,Thanjavur,WH,5417,1,0.0002
14,Central Goa,Sourcing,37434,9,0.0002
14,Allahabad,Sourcing,1674,1,0.0006
14,Raipur,Sourcing,4947,2,0.0004
14,Kannur,Sourcing,1937,1,0.0005
14,Kozhikode,Pod,13407,1,0.0001
14,Siliguri,Pod,2791,5,0.0018
14,Gorakhpur,Sourcing,2363,2,0.0008
14,Kolkata,Sourcing,107968,57,0.0005
14,Kottayam,WH,5865,1,0.0002
14,Kakinada,Pod,3470,22,0.0063
14,Coimbatore,Pod,34521,13,0.0004
14,Nashik,CX,6952,9,0.0013
14,Rajkot,CX,4176,12,0.0029
14,Silchar,Pod,3697,4,0.0011
14,Kozhikode,Sourcing,13407,7,0.0005
14,Karur,CX,2953,2,0.0007
14,Anand,CX,768,2,0.0026
14,Bangalore,Pod,693124,3744,0.0054
14,Indore,CX,16272,77,0.0047
14,Noida 1,CX,74475,260,0.0035
14,Warangal,Sourcing,8312,9,0.0011
14,Vijayawada,CX,19075,55,0.0029
14,Jaipur,WH,25598,6,0.0002
14,Manipal,CX,7094,19,0.0027
14,Nizamabad,Pod,799,3,0.0038
14,Rohtak,Sourcing,2741,5,0.0018
14,Jodhpur,CX,2218,6,0.0027
14,Kollam,Pod,8864,2,0.0002
14,Erode,Pod,3864,1,0.0003
14,Lonavla,Pod,963,2,0.0021
14,Vellore,WH,6671,2,0.0003
14,Ranchi,Pod,5820,2,0.0003
14,Rohtak,WH,2741,1,0.0004
14,Moradabad,Sourcing,2309,1,0.0004
14,Silchar,WH,3697,1,0.0003
14,Guntur,Sourcing,10935,2,0.0002
14,Thiruvananthapuram,Sourcing,44442,1,0
14,Vapi,Sourcing,3756,1,0.0003
14,Agra,Pod,1819,2,0.0011
14,Patna,Pod,16709,30,0.0018
14,Noida,Pod,23824,54,0.0023
14,Guntur,Pod,10935,93,0.0085
14,Kanchipuram,Pod,3054,20,0.0065
14,Guntur,Sourcing,10935,4,0.0004
14,Anand,Pod,768,3,0.0039
14,Thanjavur,Sourcing,5417,3,0.0006
14,Ujjain,Pod,2274,3,0.0013
14,Tumakuru,Pod,3237,7,0.0022
14,Sri Ganganagar,CX,2085,3,0.0014
14,Allahabad,Pod,1674,2,0.0012
14,Salem,Pod,7751,2,0.0003
14,Mumbai,Pod,400078,32,0.0001
14,Thrissur,CX,23426,17,0.0007
14,Aligarh,Sourcing,1784,4,0.0022
14,Patna,Sourcing,16709,9,0.0005
14,Surat,Sourcing,11410,19,0.0017
14,Coimbatore,WH,34521,10,0.0003
14,Guntur,Sourcing,10935,7,0.0006
14,Chennai,CX,275810,880,0.0032
14,Karimnagar,CX,3508,25,0.0071
14,Chennai,Sourcing,275810,52,0.0002
14,Delhi,Pod,196917,36,0.0002
14,Surat,Pod,11410,60,0.0053
14,Rohtak,Pod,2741,19,0.0069
14,Ludhiana,WH,7899,2,0.0003
14,Lucknow,Sourcing,17668,8,0.0005
14,Kakinada,Sourcing,3470,6,0.0017
14,Erode,Sourcing,3864,3,0.0008
14,Kochi,Sourcing,92699,24,0.0003
14,Nagpur,Pod,10092,8,0.0008
14,Thoothukudi,Pod,4999,2,0.0004
14,Silchar,WH,3697,2,0.0005
14,Siliguri,Sourcing,2791,2,0.0007
14,Aurangabad,Sourcing,3140,1,0.0003
14,Karur,Sourcing,2953,1,0.0003
14,Shivamogga,WH,3811,2,0.0005
14,Jabalpur,Pod,2941,1,0.0003
14,Tirunelveli,WH,5667,1,0.0002
14,Bhopal,Pod,9367,2,0.0002
14,Tirupur,WH,5877,2,0.0003
14,Bangalore,WH,693124,162,0.0002
14,Thanjavur,Pod,5417,21,0.0039
14,Roorkee,Pod,1258,7,0.0056
14,Manipal,Sourcing,7094,3,0.0004
14,Rajkot,WH,4176,2,0.0005
14,Palakkad,WH,3840,3,0.0008
14,Nagpur,WH,10092,2,0.0002
14,Kochi,Pod,92699,296,0.0032
14,Kottayam,Pod,5865,9,0.0015
14,Nashik,Pod,6952,22,0.0032
14,Thiruvallur,Pod,2485,23,0.0093
14,Manipal,Pod,7094,23,0.0032
14,Kurnool,Sourcing,5545,6,0.0011
14,Guntur,WH,10935,8,0.0007
14,Chennai,Sourcing,275810,275,0.001
14,Udaipur,Pod,5339,3,0.0006
14,Dehradun,Sourcing,10756,2,0.0002
14,Meerut,WH,4589,3,0.0007
14,Bathinda,CX,1010,4,0.004
14,Jalandhar,CX,1984,5,0.0025
14,Palakkad,CX,3840,5,0.0013
14,Bareilly,CX,1153,2,0.0017
14,Amravati,WH,932,1,0.0011
14,Delhi,CX,196917,629,0.0032
14,Kolkata,Sourcing,107968,7,0.0001
14,Jabalpur,Sourcing,2941,2,0.0007
14,Muzaffarpur,Pod,1117,15,0.0134
14,Jaipur,Pod,25598,4,0.0002
14,Ambala,Sourcing,1853,1,0.0005
14,Pondicherry,Sourcing,12579,12,0.001
14,Mysore,Sourcing,22017,7,0.0003
14,Patna,Sourcing,16709,7,0.0004
14,Ajmer,CX,1787,3,0.0017
14,Palakkad,Pod,3840,5,0.0013
14,Lonavla,WH,963,1,0.001
14,Bilaspur,WH,1217,1,0.0008
14,Tirupur,Pod,5877,1,0.0002
14,Salem,Pod,7751,32,0.0041
14,Hyderabad,Pod,371458,17,0
14,Mumbai,Pod,400078,63,0.0002
14,Noida,Sourcing,23824,30,0.0013
14,Karimnagar,Pod,3508,31,0.0088
14,Belgaum,Sourcing,3573,6,0.0017
14,Nashik,Sourcing,6952,12,0.0017
14,Karaikkudi,Pod,2364,10,0.0042
14,Delhi,Pod,196917,6,0
14,Madurai,Sourcing,10736,11,0.001
14,Dehradun,Pod,10756,3,0.0003
14,Jaipur,Pod,25598,169,0.0066
14,Gurgaon,WH,101125,22,0.0002
14,Palakkad,Sourcing,3840,2,0.0005
14,Ujjain,Sourcing,2274,2,0.0009
14,Bhopal,Pod,9367,4,0.0004
14,Meerut,WH,4589,2,0.0004
14,Nashik,WH,6952,2,0.0003
14,Kanchipuram,CX,3054,6,0.002
14,Varanasi,Pod,9808,71,0.0072
14,Madurai,CX,10736,32,0.003
14,Guwahati,CX,9481,35,0.0037
14,Meerut,Sourcing,4589,11,0.0024
14,Ambala,CX,1853,3,0.0016
14,Ludhiana,Sourcing,7899,7,0.0009
14,Ahmedabad,WH,43168,15,0.0003
14,Patiala,WH,3680,1,0.0003
14,Nizamabad,Sourcing,799,1,0.0013
14,Thrissur,Pod,23426,3,0.0001
14,Nanded,WH,754,1,0.0013
14,Kollam,CX,8864,3,0.0003
14,Amritsar,Sourcing,3234,2,0.0006
14,Kanchipuram,Pod,3054,1,0.0003
14,Raipur,WH,4947,1,0.0002
14,Thiruvallur,WH,2485,1,0.0004
14,Gorakhpur,Sourcing,2363,1,0.0004
14,Kottayam,Pod,5865,2,0.0003
14,Tirupati,Pod,11303,2,0.0002
14,Saharanpur,CX,665,4,0.006
14,Vijayawada,WH,19075,3,0.0002
14,Thiruvallur,Sourcing,2485,3,0.0012
14,Rajahmundry,WH,4145,1,0.0002
14,Anantapur,Sourcing,3586,1,0.0003
14,Bangalore,Pod,693124,164,0.0002
14,Vellore,Sourcing,6671,7,0.001
14,Gurgaon,Sourcing,101125,127,0.0013
14,Kolkata,Pod,107968,462,0.0043
14,Coimbatore,Sourcing,34521,9,0.0003
14,Kozhikode,Pod,13407,30,0.0022
14,Vapi,WH,3756,4,0.0011
14,Thoothukudi,Sourcing,4999,3,0.0006
14,Silchar,CX,3697,4,0.0011
14,Guwahati,Sourcing,9481,3,0.0003
14,Moradabad,Pod,2309,2,0.0009
14,Rajahmundry,Sourcing,4145,3,0.0007
14,Noida 1,Sourcing,74475,134,0.0018
14,Mangaluru,Pod,20763,30,0.0014
14,Delhi,Sourcing,196917,12,0.0001
14,Anand,Sourcing,768,1,0.0013
14,Vizianagaram,Pod,708,4,0.0057
14,Nashik,Sourcing,6952,8,0.0012
14,Pondicherry,Pod,12579,3,0.0002
14,Berhampur,Pod,1332,4,0.003
14,Nellore,WH,4789,3,0.0006
14,Tirunelveli,Pod,5667,2,0.0004
14,Kanchipuram,Sourcing,3054,1,0.0003
14,Tirupur,Pod,5877,1,0.0002
14,Coimbatore,CX,34521,100,0.0029
14,Trichy,CX,9553,17,0.0018
14,Cuttack,Pod,2849,12,0.0042
14,Patna,CX,16709,50,0.003
14,Indore,Sourcing,16272,16,0.001
14,Nagercoil,Pod,3889,4,0.001
14,Bhopal,Sourcing,9367,5,0.0005
14,Tirunelveli,Pod,5667,13,0.0023
14,Mangaluru,Sourcing,20763,23,0.0011
14,Nashik,Pod,6952,6,0.0009
14,Vijayawada,Sourcing,19075,3,0.0002
14,Vizag,WH,22263,17,0.0008
14,Khammam,Sourcing,4949,4,0.0008
14,Chennai,Pod,275810,2228,0.0081
14,Ahmedabad,CX,43168,133,0.0031
14,Aligarh,Pod,1784,17,0.0095
14,Muzaffarpur,Sourcing,1117,1,0.0009
14,Chennai,Pod,275810,73,0.0003
14,Vijayawada,Pod,19075,2,0.0001
14,Raipur,Sourcing,4947,2,0.0004
14,Nashik,Sourcing,6952,7,0.001
14,Tirunelveli,CX,5667,11,0.0019
14,Udaipur,Sourcing,5339,6,0.0011
14,Siliguri,WH,2791,2,0.0007
14,Thrissur,Pod,23426,2,0.0001
14,Panipat,Sourcing,2504,3,0.0012
14,Kottayam,Sourcing,5865,1,0.0002
14,Ahmedabad,Pod,43168,1,0
14,Amravati,Sourcing,932,1,0.0011
14,Kanchipuram,WH,3054,1,0.0003
14,Nanded,Sourcing,754,2,0.0027
14,Gurgaon,CX,101125,290,0.0029
14,Warangal,CX,8312,41,0.0049
14,Delhi,Sourcing,196917,243,0.0012
14,Patna,Sourcing,16709,15,0.0009
14,Kannur,CX,1937,3,0.0015
14,Tirupati,Sourcing,11303,10,0.0009
14,Bhopal,Sourcing,9367,5,0.0005
14,Ranchi,Pod,5820,7,0.0012
14,Rajahmundry,WH,4145,4,0.001
14,Amravati,CX,932,3,0.0032
14,Panipat,Sourcing,2504,4,0.0016
14,Jamshedpur,CX,3555,3,0.0008
14,Pune,Pod,182200,6,0
14,Raipur,Pod,4947,24,0.0049
14,Gurgaon,Pod,101125,27,0.0003
14,Vapi,WH,3756,1,0.0003
14,Chennai,Sourcing,275810,12,0
14,Kochi,Pod,92699,3,0
14,Panipat,Sourcing,2504,2,0.0008
14,Tirunelveli,Sourcing,5667,1,0.0002
14,Jabalpur,Sourcing,2941,2,0.0007
14,Dibrugarh,Sourcing,2471,1,0.0004
14,Mathura,Pod,1198,1,0.0008
14,Vizag,Sourcing,22263,33,0.0015
14,Vapi,Pod,3756,19,0.0051
14,Alappuzha,Pod,3939,6,0.0015
14,Vadodara,Sourcing,9768,7,0.0007
14,Eluru,Pod,906,4,0.0044
14,Nagercoil,Sourcing,3889,1,0.0003
14,Pune,Pod,182200,7,0
14,Bhimavaram,Sourcing,820,1,0.0012
14,Sonipat,Pod,1128,3,0.0027
14,Jalandhar,WH,1984,2,0.001
14,Dehradun,Sourcing,10756,1,0.0001
14,Karur,Pod,2953,1,0.0003
14,Karaikkudi,Sourcing,2364,1,0.0004
14,Kochi,Sourcing,92699,47,0.0005
14,Silchar,Pod,3697,24,0.0065
14,Kolkata,Sourcing,107968,71,0.0007
14,Bangalore,WH,693124,454,0.0007
14,Central Goa,CX,37434,76,0.002
14,Hubli,Pod,3187,18,0.0056
14,Chandigarh,Pod,44997,6,0.0001
14,Kochi,WH,92699,10,0.0001
14,Rohtak,Sourcing,2741,6,0.0022
14,Bikaner,CX,1232,3,0.0024
14,Bhopal,WH,9367,3,0.0003
14,Vadodara,CX,9768,28,0.0029
14,Nagercoil,Sourcing,3889,4,0.001
14,Kollam,Pod,8864,1,0.0001
14,Thiruvalla,Sourcing,4148,4,0.001
14,Surat,Sourcing,11410,8,0.0007
14,Warangal,Sourcing,8312,1,0.0001
14,Gorakhpur,WH,2363,1,0.0004
14,Jabalpur,Sourcing,2941,1,0.0003
14,Warangal,Pod,8312,1,0.0001
14,Guwahati,Sourcing,9481,1,0.0001
14,Coimbatore,Pod,34521,1,0
14,Karnal,CX,1187,1,0.0008
14,Ajmer,WH,1787,1,0.0006
14,Jalandhar,Sourcing,1984,1,0.0005
14,Noida 1,Pod,74475,171,0.0023
14,Vijayawada,Sourcing,19075,27,0.0014
14,Kollam,WH,8864,5,0.0006
14,Tirupati,Pod,11303,80,0.0071
14,Mangaluru,WH,20763,3,0.0001
14,Pune,WH,182200,33,0.0002
14,Mysore,Sourcing,22017,17,0.0008
14,Thanjavur,Sourcing,5417,4,0.0007
14,Nagpur,Pod,10092,6,0.0006
14,Vellore,CX,6671,5,0.0008
14,Trichy,Pod,9553,2,0.0002
14,Thrissur,Pod,23426,48,0.002
14,Tumakuru,WH,3237,1,0.0003
14,Nanded,Pod,754,4,0.0053
14,Erode,Pod,3864,10,0.0026
14,Guwahati,Pod,9481,1,0.0001
14,Thiruvalla,Pod,4148,7,0.0017
14,Ranchi,WH,5820,1,0.0002
14,Jaipur,Sourcing,25598,1,0
14,Trichy,Sourcing,9553,1,0.0001
14,Pondicherry,WH,12579,3,0.0002
14,Indore,Sourcing,16272,7,0.0004
14,Jabalpur,Pod,2941,15,0.0051
14,Belgaum,Sourcing,3573,4,0.0011
14,Sri Ganganagar,Pod,2085,7,0.0034
14,Thiruvananthapuram,WH,44442,7,0.0002
14,Noida,WH,23824,11,0.0005
14,Gwalior,CX,3739,14,0.0037
14,Varanasi,Sourcing,9808,16,0.0016
14,Ahmedabad,Sourcing,43168,27,0.0006
14,Surat,CX,11410,32,0.0028
14,Udaipur,CX,5339,19,0.0036
14,Belgaum,CX,3573,14,0.0039
14,Nizamabad,CX,799,3,0.0038
14,Vapi,Sourcing,3756,4,0.0011
14,Pune,Pod,182200,6,0
14,Jamshedpur,Sourcing,3555,1,0.0003
14,Lonavla,Sourcing,963,1,0.001
14,Jamshedpur,Sourcing,3555,1,0.0003
14,Kolhapur,Pod,2114,1,0.0005
14,Aurangabad,WH,3140,2,0.0006
14,Chandigarh,Pod,44997,1,0
14,Rohtak,Pod,2741,1,0.0004
14,Salem,Sourcing,7751,2,0.0003
14,Shivamogga,Pod,3811,1,0.0003
14,Indore,Pod,16272,1,0.0001
14,Rohtak,Sourcing,2741,1,0.0004
14,Hyderabad,Sourcing,371458,136,0.0004
14,Vadodara,Pod,9768,66,0.0068
14,Pune,WH,182200,74,0.0004
14,Noida,Sourcing,23824,31,0.0013
14,Gwalior,Sourcing,3739,2,0.0005
14,Warangal,Pod,8312,9,0.0011
14,Madurai,Sourcing,10736,8,0.0007
14,Mangaluru,Sourcing,20763,8,0.0004
14,Patiala,CX,3680,4,0.0011
14,Rajkot,WH,4176,3,0.0007
14,Aurangabad,Sourcing,3140,3,0.001
14,Thiruvallur,Sourcing,2485,1,0.0004
14,Kota,WH,3600,1,0.0003
14,Kolkata,Pod,107968,23,0.0002
14,Bhopal,Pod,9367,50,0.0053
14,Aurangabad,Sourcing,3140,1,0.0003
14,Kannur,Pod,1937,1,0.0005
14,Varanasi,CX,9808,24,0.0024
14,Patna,Pod,16709,85,0.0051
14,Ranchi,Sourcing,5820,1,0.0002
14,Bhubaneswar,CX,33179,85,0.0026
14,Rohtak,CX,2741,9,0.0033
14,Kochi,Pod,92699,6,0.0001
14,Lonavla,CX,963,3,0.0031
14,Vapi,Sourcing,3756,2,0.0005
14,Kozhikode,Sourcing,13407,1,0.0001
14,Vadodara,Pod,9768,1,0.0001
14,Ongole,WH,602,1,0.0017
14,Hyderabad,Sourcing,371458,334,0.0009
14,Chennai,WH,275810,118,0.0004
14,Bhopal,Sourcing,9367,10,0.0011
14,Noida 1,Sourcing,74475,13,0.0002
14,Ranchi,CX,5820,17,0.0029
14,Vadodara,WH,9768,4,0.0004
14,Vellore,Pod,6671,14,0.0021
14,Jabalpur,CX,2941,8,0.0027
14,Amravati,Pod,932,4,0.0043
14,Guwahati,WH,9481,3,0.0003
14,Vellore,WH,6671,1,0.0002
14,Mumbai,Sourcing,400078,3,0
14,Thoothukudi,Pod,4999,18,0.0036
14,Erode,WH,3864,1,0.0003
14,Nagpur,Pod,10092,27,0.0027
14,Ahmedabad,Pod,43168,5,0.0001
14,Indore,WH,16272,5,0.0003
14,Bhilai,CX,1020,6,0.0059
14,Patiala,Pod,3680,9,0.0024
14,Anantapur,Sourcing,3586,5,0.0014
14,Bilaspur,Pod,1217,12,0.0099
14,Udaipur,Pod,5339,2,0.0004
14,Tirupur,Pod,5877,3,0.0005
14,Kozhikode,WH,13407,3,0.0002
14,Ludhiana,Sourcing,7899,2,0.0003
14,Bathinda,Pod,1010,2,0.002
14,Patna,Pod,16709,1,0.0001
14,Kottayam,Pod,5865,1,0.0002
14,Ujjain,Sourcing,2274,1,0.0004
14,Ongole,CX,602,1,0.0017
14,Anantapur,WH,3586,1,0.0003
14,Rajahmundry,Sourcing,4145,1,0.0002
14,Sri Ganganagar,Pod,2085,1,0.0005
14,Khammam,Sourcing,4949,1,0.0002
14,Hyderabad,CX,371458,1641,0.0044
14,Mangaluru,Pod,20763,83,0.004
14,Pune,CX,182200,641,0.0035
14,Chandigarh,CX,44997,120,0.0027
14,Trichy,Pod,9553,31,0.0032
14,Noida 1,WH,74475,25,0.0003
14,Chennai,Pod,275810,8,0
14,Trichy,Sourcing,9553,7,0.0007
14,Thiruvananthapuram,Sourcing,44442,14,0.0003
14,Chennai,Pod,275810,15,0.0001
14,Tirupati,WH,11303,10,0.0009
14,Gwalior,Sourcing,3739,1,0.0003
14,Kota,Sourcing,3600,1,0.0003
14,Ajmer,WH,1787,1,0.0006
14,Kota,Sourcing,3600,11,0.0031
14,Amritsar,Pod,3234,10,0.0031
14,Lonavla,Pod,963,9,0.0093
14,Vizag,Pod,22263,15,0.0007
14,Mumbai,WH,400078,116,0.0003
14,Warangal,WH,8312,10,0.0012
14,Lucknow,Sourcing,17668,7,0.0004
14,Warangal,WH,8312,5,0.0006
14,Indore,Sourcing,16272,11,0.0007
14,Bareilly,Pod,1153,4,0.0035
14,Kochi,Sourcing,92699,15,0.0002
14,Nellore,WH,4789,2,0.0004
14,Karimnagar,Sourcing,3508,2,0.0006
14,Berhampur,CX,1332,2,0.0015
14,Kakinada,Sourcing,3470,2,0.0006
15,Bhimavaram,Pod,813,2,0.0025
15,Kottayam,Pod,5445,3,0.0006
15,Sonipat,WH,1141,1,0.0009
15,Vellore,Sourcing,6487,1,0.0002
15,Jaipur,Pod,25520,1,0
15,Amravati,Sourcing,874,1,0.0011
15,Vellore,Pod,6487,17,0.0026
15,Roorkee,Sourcing,1320,1,0.0008
15,Faridabad,Sourcing,13191,9,0.0007
15,Erode,Pod,3997,2,0.0005
15,Noida,Pod,21695,4,0.0002
15,Chennai,CX,268178,930,0.0035
15,Pune,Sourcing,179619,40,0.0002
15,Warangal,CX,8287,33,0.004
15,Kozhikode,Pod,13664,12,0.0009
15,Ujjain,Pod,2059,11,0.0053
15,Mysore,WH,20073,21,0.001
15,Manipal,Pod,6774,21,0.0031
15,Trichy,Pod,9815,10,0.001
15,Varanasi,WH,9454,4,0.0004
15,Bilaspur,Pod,1252,8,0.0064
15,Karaikkudi,WH,2397,2,0.0008
15,Vapi,Sourcing,3655,2,0.0005
15,Manipal,Sourcing,6774,1,0.0001
15,Eluru,WH,1072,1,0.0009
15,Vellore,Pod,6487,1,0.0002
15,Vizianagaram,WH,835,1,0.0012
15,Siliguri,Pod,3111,13,0.0042
15,Delhi,Pod,187837,119,0.0006
15,Raipur,Sourcing,4739,3,0.0006
15,Noida,Pod,21695,48,0.0022
15,Manipal,CX,6774,13,0.0019
15,Rudrapur,Pod,1095,4,0.0037
15,Sri Ganganagar,Pod,2025,5,0.0025
15,Bhopal,Sourcing,8982,4,0.0004
15,Dehradun,Pod,10622,1,0.0001
15,Thiruvananthapuram,CX,42681,68,0.0016
15,Thiruvananthapuram,Pod,42681,3,0.0001
15,Nellore,Sourcing,5587,4,0.0007
15,Mysore,Sourcing,20073,19,0.0009
15,Karaikkudi,CX,2397,4,0.0017
15,Moradabad,CX,2271,5,0.0022
15,Chennai,Pod,268178,2455,0.0092
15,Varanasi,WH,9454,3,0.0003
15,Kollam,CX,8804,6,0.0007
15,Ongole,CX,781,3,0.0038
15,Gurgaon,Pod,97275,863,0.0089
15,Noida,Sourcing,21695,43,0.002
15,Chandigarh,WH,43780,5,0.0001
15,Mysore,Sourcing,20073,10,0.0005
15,Muzaffarpur,Pod,1061,8,0.0075
15,Moradabad,Pod,2271,4,0.0018
15,Jaipur,Sourcing,25520,9,0.0004
15,Kozhikode,CX,13664,9,0.0007
15,Tirupur,Sourcing,5834,4,0.0007
15,Vijayawada,Sourcing,19282,3,0.0002
15,Bangalore,WH,675849,468,0.0007
15,Thiruvananthapuram,Pod,42681,194,0.0045
15,Hyderabad,WH,369174,110,0.0003
15,Trichy,Sourcing,9815,9,0.0009
15,Jaipur,Pod,25520,8,0.0003
15,Rajahmundry,Pod,4221,9,0.0021
15,Ambala,Sourcing,1909,2,0.001
15,Kollam,Sourcing,8804,1,0.0001
15,Shivamogga,Sourcing,3458,1,0.0003
15,Bhilai,Sourcing,974,1,0.001
15,Jalandhar,Sourcing,2099,1,0.0005
15,Kozhikode,Pod,13664,1,0.0001
15,Rohtak,WH,2641,1,0.0004
15,Gurgaon,Pod,97275,32,0.0003
15,Karnal,CX,1174,2,0.0017
15,Delhi,CX,187837,476,0.0025
15,Aurangabad,Sourcing,3283,6,0.0018
15,Nagercoil,Pod,3544,2,0.0006
15,Gurgaon,CX,97275,259,0.0027
15,Noida,Sourcing,21695,30,0.0014
15,Central Goa,Pod,37288,193,0.0052
15,Tirupati,Sourcing,11427,3,0.0003
15,Patna,CX,14674,50,0.0034
15,Mathura,CX,1243,7,0.0056
15,Chandigarh,Sourcing,43780,30,0.0007
15,Vizag,WH,22677,15,0.0007
15,Anantapur,Pod,3621,21,0.0058
15,Jaipur,Sourcing,25520,22,0.0009
15,Kolhapur,CX,1984,5,0.0025
15,Aligarh,CX,2174,5,0.0023
15,Rajahmundry,CX,4221,11,0.0026
15,Erode,CX,3997,12,0.003
15,Kochi,Pod,90158,6,0.0001
15,Faridabad,Pod,13191,3,0.0002
15,Thiruvalla,Sourcing,4103,1,0.0002
15,Kota,Sourcing,3094,1,0.0003
15,Jabalpur,Sourcing,2729,1,0.0004
15,Bangalore,Pod,675849,3463,0.0051
15,Kolkata,WH,110805,19,0.0002
15,Trichy,WH,9815,2,0.0002
15,Dibrugarh,Pod,2283,2,0.0009
15,Vizag,Sourcing,22677,3,0.0001
15,Kochi,Sourcing,90158,1,0
15,Bangalore,Pod,675849,1087,0.0016
15,Nagpur,CX,9518,21,0.0022
15,Surat,Pod,11403,66,0.0058
15,Guntur,CX,10746,47,0.0044
15,Pondicherry,Pod,13145,4,0.0003
15,Thoothukudi,Pod,5081,1,0.0002
15,Gorakhpur,CX,2344,4,0.0017
15,Kozhikode,Sourcing,13664,9,0.0007
15,Allahabad,Pod,1931,7,0.0036
15,Kolkata,Sourcing,110805,80,0.0007
15,Gurgaon,Sourcing,97275,60,0.0006
15,Chennai,WH,268178,27,0.0001
15,Gurgaon,Pod,97275,8,0.0001
15,Nashik,Sourcing,6824,7,0.001
15,Ahmedabad,Sourcing,41191,25,0.0006
15,Jalandhar,CX,2099,5,0.0024
15,Anand,Sourcing,880,2,0.0023
15,Gwalior,Sourcing,3711,2,0.0005
15,Bareilly,Sourcing,1224,2,0.0016
15,Madurai,WH,10785,6,0.0006
15,Rajkot,CX,4052,3,0.0007
15,Udaipur,Sourcing,5402,1,0.0002
15,Rajkot,Sourcing,4052,1,0.0002
15,Jalandhar,Sourcing,2099,1,0.0005
15,Varanasi,Pod,9454,2,0.0002
15,Jaipur,Pod,25520,128,0.005
15,Bhubaneswar,CX,34171,68,0.002
15,Tirupur,Pod,5834,25,0.0043
15,Bhubaneswar,Sourcing,34171,15,0.0004
15,Nellore,CX,5587,10,0.0018
15,Jamshedpur,Sourcing,3507,1,0.0003
15,Cuttack,WH,3207,1,0.0003
15,Thiruvalla,Pod,4103,2,0.0005
15,Kolhapur,Pod,1984,11,0.0055
15,Lonavla,Pod,770,1,0.0013
15,Anantapur,Sourcing,3621,3,0.0008
15,Panipat,Pod,2726,18,0.0066
15,Thrissur,Pod,23135,4,0.0002
15,Kollam,Pod,8804,1,0.0001
15,Tirupati,CX,11427,23,0.002
15,Mathura,Pod,1243,4,0.0032
15,Tumakuru,Pod,3119,11,0.0035
15,Nashik,Sourcing,6824,7,0.001
15,Silchar,Sourcing,3690,6,0.0016
15,Pondicherry,Pod,13145,14,0.0011
15,Vijayawada,Sourcing,19282,23,0.0012
15,Shivamogga,Sourcing,3458,3,0.0009
15,Aurangabad,Pod,3283,1,0.0003
15,Ongole,Sourcing,781,1,0.0013
15,Varanasi,Pod,9454,1,0.0001
15,Khammam,Pod,5122,2,0.0004
15,Karur,Sourcing,2982,2,0.0007
15,Patna,Sourcing,14674,8,0.0005
15,Nagpur,Sourcing,9518,8,0.0008
15,Chandigarh,Pod,43780,4,0.0001
15,Palakkad,WH,4093,1,0.0002
15,Bangalore,Pod,675849,27,0
15,Sri Ganganagar,Pod,2025,1,0.0005
15,Nanded,Pod,855,3,0.0035
15,Amritsar,Pod,3162,17,0.0054
15,Vadodara,WH,9511,2,0.0002
15,Kottayam,Pod,5445,4,0.0007
15,Ambala,WH,1909,1,0.0005
15,Meerut,WH,4232,1,0.0002
15,Bilaspur,Pod,1252,1,0.0008
15,Chennai,Sourcing,268178,76,0.0003
15,Khammam,CX,5122,8,0.0016
15,Tirunelveli,Pod,5437,16,0.0029
15,Kolkata,Pod,110805,25,0.0002
15,Latur,Pod,928,3,0.0032
15,Berhampur,Pod,1300,4,0.0031
15,Tirunelveli,CX,5437,11,0.002
15,Raipur,WH,4739,7,0.0015
15,Hubli,Sourcing,3425,2,0.0006
15,Pondicherry,CX,13145,27,0.0021
15,Nagercoil,Sourcing,3544,1,0.0003
15,Anantapur,CX,3621,10,0.0028
15,Karimnagar,Sourcing,3573,1,0.0003
15,Sonipat,Sourcing,1141,1,0.0009
15,Ajmer,Sourcing,1855,1,0.0005
15,Patiala,Pod,2769,12,0.0043
15,Patna,Pod,14674,89,0.0061
15,Lucknow,Sourcing,14646,22,0.0015
15,Manipal,Sourcing,6774,2,0.0003
15,Thanjavur,Sourcing,5445,3,0.0006
15,Bangalore,Sourcing,675849,708,0.001
15,Chandigarh,CX,43780,123,0.0028
15,Surat,WH,11403,9,0.0008
15,Ahmedabad,Pod,41191,4,0.0001
15,Vellore,Sourcing,6487,3,0.0005
15,Thiruvananthapuram,Sourcing,42681,9,0.0002
15,Gorakhpur,WH,2344,1,0.0004
15,Rohtak,Pod,2641,1,0.0004
15,Belgaum,Pod,3255,8,0.0025
15,Kurnool,Sourcing,5858,6,0.001
15,Mumbai,Sourcing,374081,1,0
15,Mysore,Pod,20073,2,0.0001
15,Vijayawada,Pod,19282,3,0.0002
15,Ajmer,WH,1855,1,0.0005
15,Kota,Pod,3094,27,0.0087
15,Vapi,Pod,3655,15,0.0041
15,Cuttack,Pod,3207,8,0.0025
15,Hubli,CX,3425,7,0.002
15,Mysore,CX,20073,37,0.0018
15,Vijayawada,Pod,19282,9,0.0005
15,Gurgaon,Sourcing,97275,78,0.0008
15,Nagpur,WH,9518,8,0.0008
15,Vizag,Pod,22677,11,0.0005
15,Tirupati,WH,11427,6,0.0005
15,Aligarh,Sourcing,2174,2,0.0009
15,Karur,Sourcing,2982,2,0.0007
15,Moradabad,Sourcing,2271,1,0.0004
15,Kollam,WH,8804,1,0.0001
15,Surat,Pod,11403,2,0.0002
15,Thoothukudi,Sourcing,5081,3,0.0006
15,Karimnagar,Sourcing,3573,1,0.0003
15,Hyderabad,Pod,369174,3705,0.01
15,Bangalore,Pod,675849,157,0.0002
15,Lucknow,Sourcing,14646,1,0.0001
15,Kota,CX,3094,10,0.0032
15,Hyderabad,Sourcing,369174,120,0.0003
15,Patiala,WH,2769,1,0.0004
15,Khammam,Sourcing,5122,1,0.0002
15,Ahmedabad,WH,41191,9,0.0002
15,Thiruvalla,CX,4103,3,0.0007
15,Karnal,Pod,1174,8,0.0068
15,Surat,Sourcing,11403,2,0.0002
15,Pondicherry,Sourcing,13145,2,0.0002
15,Thanjavur,CX,5445,19,0.0035
15,Udaipur,CX,5402,17,0.0031
15,Nellore,Pod,5587,21,0.0038
15,Palakkad,Pod,4093,14,0.0034
15,Thrissur,Pod,23135,2,0.0001
15,Siliguri,CX,3111,3,0.001
15,Rohtak,Sourcing,2641,2,0.0008
15,Raipur,Pod,4739,1,0.0002
15,Rajahmundry,WH,4221,1,0.0002
15,Kota,Sourcing,3094,3,0.001
15,Kochi,Pod,90158,387,0.0043
15,Coimbatore,Sourcing,34090,23,0.0007
15,Lucknow,CX,14646,14,0.001
15,Delhi,Sourcing,187837,189,0.001
15,Ludhiana,Sourcing,6076,2,0.0003
15,Jodhpur,CX,1939,4,0.0021
15,Udaipur,Pod,5402,33,0.0061
15,Allahabad,CX,1931,10,0.0052
15,Ludhiana,CX,6076,26,0.0043
15,Amritsar,Sourcing,3162,6,0.0019
15,Kolhapur,Sourcing,1984,3,0.0015
15,Aligarh,Pod,2174,18,0.0083
15,Muzaffarpur,CX,1061,4,0.0038
15,Tirupur,WH,5834,1,0.0002
15,Thiruvananthapuram,WH,42681,6,0.0001
15,Mangaluru,Sourcing,19193,1,0.0001
15,Dehradun,Sourcing,10622,1,0.0001
15,Tirupati,WH,11427,6,0.0005
15,Nagercoil,Sourcing,3544,2,0.0006
15,Coimbatore,Pod,34090,1,0
15,Pune,CX,179619,631,0.0035
15,Coimbatore,WH,34090,12,0.0004
15,Cuttack,CX,3207,2,0.0006
15,Kanpur,WH,3853,2,0.0005
15,Kakinada,Sourcing,3655,2,0.0005
15,Lucknow,WH,14646,3,0.0002
15,Thiruvallur,Pod,2315,2,0.0009
15,Nashik,CX,6824,14,0.0021
15,Noida 1,Pod,70175,468,0.0067
15,Thiruvananthapuram,Sourcing,42681,47,0.0011
15,Nizamabad,Pod,804,5,0.0062
15,Kurnool,WH,5858,2,0.0003
15,Vadodara,WH,9511,10,0.0011
15,Muzaffarpur,WH,1061,1,0.0009
15,Kollam,Sourcing,8804,1,0.0001
15,Pondicherry,Pod,13145,1,0.0001
15,Gwalior,Pod,3711,23,0.0062
15,Jaipur,WH,25520,6,0.0002
15,Bhopal,WH,8982,4,0.0004
15,Trichy,CX,9815,22,0.0022
15,Kurnool,Pod,5858,26,0.0044
15,Lonavla,Pod,770,9,0.0117
15,Bilaspur,CX,1252,12,0.0096
15,Dehradun,Sourcing,10622,4,0.0004
15,Vellore,Sourcing,6487,1,0.0002
15,Ujjain,Pod,2059,3,0.0015
15,Indore,Pod,15398,1,0.0001
15,Thrissur,Pod,23135,52,0.0022
15,Alappuzha,Pod,3763,1,0.0003
15,Nagpur,Sourcing,9518,1,0.0001
15,Patiala,Sourcing,2769,1,0.0004
15,Eluru,Sourcing,1072,1,0.0009
15,Bareilly,Sourcing,1224,1,0.0008
15,Thanjavur,Sourcing,5445,1,0.0002
15,Erode,Sourcing,3997,1,0.0003
15,Vizag,Sourcing,22677,13,0.0006
15,Lonavla,WH,770,1,0.0013
15,Gwalior,Pod,3711,1,0.0003
15,Hyderabad,Pod,369174,32,0.0001
15,Ranchi,WH,5116,7,0.0014
15,Rohtak,Pod,2641,16,0.0061
15,Roorkee,Pod,1320,5,0.0038
15,Mumbai,WH,374081,158,0.0004
15,Tirupati,Sourcing,11427,1,0.0001
15,Kurnool,Sourcing,5858,2,0.0003
15,Shivamogga,Pod,3458,14,0.004
15,Muzaffarpur,Pod,1061,3,0.0028
15,Patna,Sourcing,14674,30,0.002
15,Kolkata,Sourcing,110805,10,0.0001
15,Surat,Pod,11403,11,0.001
15,Thrissur,Pod,23135,7,0.0003
15,Kottayam,Sourcing,5445,2,0.0004
15,Ongole,Pod,781,5,0.0064
15,Bikaner,CX,1202,3,0.0025
15,Bhubaneswar,WH,34171,5,0.0001
15,Kolhapur,Sourcing,1984,1,0.0005
15,Rudrapur,Pod,1095,1,0.0009
15,Tirunelveli,Pod,5437,1,0.0002
15,Vizag,Pod,22677,1,0
15,Delhi,Pod,187837,20,0.0001
15,Panipat,CX,2726,4,0.0015
15,Nashik,Sourcing,6824,9,0.0013
15,Vizag,Pod,22677,3,0.0001
15,Ahmedabad,Sourcing,41191,3,0.0001
15,Mathura,Sourcing,1243,2,0.0016
15,Berhampur,CX,1300,1,0.0008
15,Chandigarh,Pod,43780,2,0
15,Nanded,Sourcing,855,1,0.0012
15,Kannur,Sourcing,1964,1,0.0005
15,Patna,Pod,14674,1,0.0001
15,Noida 1,Pod,70175,161,0.0023
15,Guwahati,CX,10423,25,0.0024
15,Noida,Pod,21695,157,0.0072
15,Dehradun,CX,10622,41,0.0039
15,Thiruvananthapuram,Pod,42681,26,0.0006
15,Thiruvananthapuram,Sourcing,42681,26,0.0006
15,Tirupur,Pod,5834,5,0.0009
15,Trichy,Sourcing,9815,5,0.0005
15,Rohtak,CX,2641,7,0.0027
15,Coimbatore,Sourcing,34090,11,0.0003
15,Nizamabad,Pod,804,2,0.0025
15,Kochi,Sourcing,90158,4,0
15,Bathinda,Pod,1022,4,0.0039
15,Kozhikode,Sourcing,13664,5,0.0004
15,Ahmedabad,Pod,41191,19,0.0005
15,Kozhikode,Pod,13664,2,0.0001
15,Nanded,Pod,855,2,0.0023
15,Coimbatore,Pod,34090,1,0
15,Nellore,Sourcing,5587,1,0.0002
15,Latur,Sourcing,928,1,0.0011
15,Kottayam,Sourcing,5445,2,0.0004
15,Ludhiana,Sourcing,6076,3,0.0005
15,Nanded,CX,855,1,0.0012
15,Mumbai,WH,374081,91,0.0002
15,Noida 1,CX,70175,212,0.003
15,Rajkot,Pod,4052,15,0.0037
15,Kochi,Pod,90158,5,0.0001
15,Central Goa,Pod,37288,2,0.0001
15,Mangaluru,CX,19193,55,0.0029
15,Ranchi,Sourcing,5116,5,0.001
15,Varanasi,Sourcing,9454,2,0.0002
15,Kolhapur,Sourcing,1984,3,0.0015
15,Amritsar,Sourcing,3162,2,0.0006
15,Mangaluru,WH,19193,10,0.0005
15,Pune,Pod,179619,24,0.0001
15,Central Goa,WH,37288,1,0
15,Khammam,Sourcing,5122,1,0.0002
15,Salem,WH,7502,1,0.0001
15,Nizamabad,WH,804,1,0.0012
15,Moradabad,Pod,2271,1,0.0004
15,Madurai,WH,10785,3,0.0003
15,Warangal,Pod,8287,1,0.0001
15,Sri Ganganagar,WH,2025,1,0.0005
15,Sri Ganganagar,Sourcing,2025,3,0.0015
15,Cuttack,Sourcing,3207,1,0.0003
15,Vizag,Pod,22677,140,0.0062
15,Bhopal,Pod,8982,54,0.006
15,Ranchi,CX,5116,15,0.0029
15,Hyderabad,Sourcing,369174,90,0.0002
15,Chandigarh,WH,43780,18,0.0004
15,Lucknow,Pod,14646,15,0.001
15,Coimbatore,CX,34090,123,0.0036
15,Bhubaneswar,Pod,34171,6,0.0002
15,Lucknow,Pod,14646,42,0.0029
15,Patna,Sourcing,14674,8,0.0005
15,Moradabad,Pod,2271,13,0.0057
15,Kanpur,Sourcing,3853,2,0.0005
15,Gurgaon,Pod,97275,6,0.0001
15,Thrissur,Sourcing,23135,7,0.0003
15,Ongole,Pod,781,4,0.0051
15,Saharanpur,CX,667,1,0.0015
15,Erode,WH,3997,1,0.0003
15,Gorakhpur,Sourcing,2344,3,0.0013
15,Coimbatore,Pod,34090,7,0.0002
15,Bilaspur,WH,1252,1,0.0008
15,Kanpur,Sourcing,3853,1,0.0003
15,Vijayawada,Pod,19282,1,0.0001
15,Jodhpur,Sourcing,1939,2,0.001
15,Latur,Sourcing,928,1,0.0011
15,Mumbai,Pod,374081,72,0.0002
15,Ajmer,WH,1855,1,0.0005
15,Roorkee,Pod,1320,1,0.0008
15,Karimnagar,Sourcing,3573,1,0.0003
15,Mumbai,Pod,374081,2159,0.0058
15,Guntur,Pod,10746,2,0.0002
15,Nizamabad,Sourcing,804,1,0.0012
15,Delhi,Pod,187837,1593,0.0085
15,Indore,Pod,15398,157,0.0102
15,Madurai,Pod,10785,21,0.0019
15,Ahmedabad,Sourcing,41191,37,0.0009
15,Pune,Pod,179619,21,0.0001
15,Kochi,WH,90158,16,0.0002
15,Thoothukudi,CX,5081,11,0.0022
15,Panipat,Pod,2726,4,0.0015
15,Kollam,Pod,8804,6,0.0007
15,Chennai,Sourcing,268178,290,0.0011
15,Vizag,CX,22677,54,0.0024
15,Kozhikode,WH,13664,4,0.0003
15,Ahmedabad,WH,41191,1,0
15,Nanded,Sourcing,855,1,0.0012
15,Vadodara,Sourcing,9511,14,0.0015
15,Warangal,Pod,8287,4,0.0005
15,Nizamabad,Sourcing,804,1,0.0012
15,Nagpur,Pod,9518,1,0.0001
15,Saharanpur,Pod,667,2,0.003
15,Guwahati,Sourcing,10423,1,0.0001
15,Thiruvallur,Pod,2315,1,0.0004
15,Moradabad,Sourcing,2271,1,0.0004
15,Ludhiana,Sourcing,6076,1,0.0002
15,Tumakuru,Sourcing,3119,2,0.0006
15,Coimbatore,Pod,34090,265,0.0078
15,Pondicherry,Pod,13145,54,0.0041
15,Bhopal,Sourcing,8982,14,0.0016
15,Varanasi,Sourcing,9454,7,0.0007
15,Bikaner,Pod,1202,7,0.0058
15,Bhubaneswar,Sourcing,34171,19,0.0006
15,Chandigarh,Pod,43780,22,0.0005
15,Faridabad,Sourcing,13191,3,0.0002
15,Vadodara,CX,9511,40,0.0042
15,Dehradun,Pod,10622,1,0.0001
15,Anantapur,WH,3621,1,0.0003
15,Thiruvallur,Sourcing,2315,1,0.0004
15,Meerut,Pod,4232,24,0.0057
15,Allahabad,WH,1931,1,0.0005
15,Karnal,WH,1174,1,0.0009
15,Chennai,WH,268178,133,0.0005
15,Surat,CX,11403,19,0.0017
15,Pune,Sourcing,179619,178,0.001
15,Raipur,Pod,4739,34,0.0072
15,Madurai,Sourcing,10785,7,0.0006
15,Dibrugarh,CX,2283,15,0.0066
15,Warangal,Sourcing,8287,11,0.0013
15,Jodhpur,Pod,1939,11,0.0057
15,Nellore,Pod,5587,2,0.0004
15,Ajmer,CX,1855,7,0.0038
15,Meerut,CX,4232,8,0.0019
15,Indore,WH,15398,6,0.0004
15,Faridabad,Sourcing,13191,20,0.0015
15,Madurai,Sourcing,10785,13,0.0012
15,Indore,Sourcing,15398,11,0.0007
15,Madurai,Pod,10785,2,0.0002
15,Mysore,WH,20073,7,0.0003
15,Guntur,Sourcing,10746,5,0.0005
15,Salem,Sourcing,7502,3,0.0004
15,Thiruvalla,Pod,4103,6,0.0015
15,Warangal,Pod,8287,2,0.0002
15,Tirupur,Sourcing,5834,1,0.0002
15,Agra,WH,1808,1,0.0006
15,Khammam,Pod,5122,1,0.0002
15,Bhubaneswar,Pod,34171,1,0
15,Kochi,Sourcing,90158,34,0.0004
15,Faridabad,CX,13191,31,0.0024
15,Raipur,CX,4739,15,0.0032
15,Pune,Sourcing,179619,50,0.0003
15,Central Goa,WH,37288,9,0.0002
15,Vellore,CX,6487,8,0.0012
15,Jaipur,CX,25520,64,0.0025
15,Vijayawada,WH,19282,2,0.0001
15,Nagercoil,Pod,3544,5,0.0014
15,Bareilly,Pod,1224,2,0.0016
15,Pondicherry,WH,13145,9,0.0007
15,Bhubaneswar,Sourcing,34171,7,0.0002
15,Mangaluru,Sourcing,19193,12,0.0006
15,Sonipat,Pod,1141,7,0.0061
15,Varanasi,Pod,9454,58,0.0061
15,Rajahmundry,WH,4221,2,0.0005
15,Anantapur,Sourcing,3621,1,0.0003
15,Jamshedpur,Sourcing,3507,1,0.0003
15,Jodhpur,Pod,1939,1,0.0005
15,Tirupur,Pod,5834,1,0.0002
15,Meerut,Sourcing,4232,4,0.0009
15,Vapi,Sourcing,3655,2,0.0005
15,Kolkata,Pod,110805,458,0.0041
15,Sonipat,CX,1141,4,0.0035
15,Central Goa,Sourcing,37288,20,0.0005
15,Delhi,Sourcing,187837,113,0.0006
15,Thrissur,WH,23135,6,0.0003
15,Eluru,Pod,1072,5,0.0047
15,Kurnool,Sourcing,5858,6,0.001
15,Guwahati,Sourcing,10423,3,0.0003
15,Surat,Sourcing,11403,10,0.0009
15,Mangaluru,Sourcing,19193,14,0.0007
15,Alappuzha,Pod,3763,4,0.0011
15,Ujjain,CX,2059,10,0.0049
15,Vellore,WH,6487,3,0.0005
15,Rajahmundry,Sourcing,4221,4,0.0009
15,Thoothukudi,Sourcing,5081,4,0.0008
15,Bhimavaram,CX,813,3,0.0037
15,Patiala,Pod,2769,1,0.0004
15,Surat,Sourcing,11403,2,0.0002
15,Tirunelveli,Sourcing,5437,1,0.0002
15,Hubli,Sourcing,3425,1,0.0003
15,Bikaner,Pod,1202,1,0.0008
15,Tumakuru,WH,3119,1,0.0003
15,Mumbai,CX,374081,994,0.0027
15,Jamshedpur,Pod,3507,28,0.008
15,Indore,Sourcing,15398,13,0.0008
15,Noida 1,Sourcing,70175,129,0.0018
15,Raipur,Sourcing,4739,4,0.0008
15,Faridabad,Pod,13191,118,0.0089
15,Warangal,Sourcing,8287,11,0.0013
15,Vijayawada,Sourcing,19282,6,0.0003
15,Erode,Sourcing,3997,3,0.0008
15,Noida,WH,21695,4,0.0002
15,Bhopal,WH,8982,3,0.0003
15,Kochi,WH,90158,4,0
15,Allahabad,Pod,1931,1,0.0005
15,Nashik,Sourcing,6824,1,0.0001
15,Hubli,Pod,3425,19,0.0055
15,Ujjain,WH,2059,1,0.0005
15,Lonavla,Sourcing,770,1,0.0013
15,Ongole,WH,781,1,0.0013
15,Rudrapur,Sourcing,1095,1,0.0009
15,Siliguri,WH,3111,1,0.0003
15,Bangalore,CX,675849,1963,0.0029
15,Kolkata,WH,110805,23,0.0002
15,Tirupati,Pod,11427,53,0.0046
15,Panipat,Sourcing,2726,13,0.0048
15,Varanasi,Pod,9454,7,0.0007
15,Aurangabad,Sourcing,3283,2,0.0006
15,Thoothukudi,Pod,5081,23,0.0045
15,Bhilai,Pod,974,1,0.001
15,Davanagere,Pod,1601,1,0.0006
15,Bhopal,Pod,8982,2,0.0002
15,Lucknow,Pod,14646,2,0.0001
15,Davanagere,Pod,1601,8,0.005
15,Patiala,Sourcing,2769,1,0.0004
15,Surat,WH,11403,1,0.0001
15,Ahmedabad,Pod,41191,1,0
15,Agra,Sourcing,1808,1,0.0006
15,Ujjain,Sourcing,2059,1,0.0005
15,Jabalpur,CX,2729,3,0.0011
15,Kottayam,Sourcing,5445,2,0.0004
15,Meerut,Pod,4232,1,0.0002
15,Nashik,WH,6824,1,0.0001
15,Latur,WH,928,1,0.0011
15,Guwahati,Pod,10423,100,0.0096
15,Gorakhpur,Pod,2344,9,0.0038
15,Indore,CX,15398,68,0.0044
15,Madurai,Sourcing,10785,7,0.0006
15,Chandigarh,Sourcing,43780,32,0.0007
15,Jabalpur,Pod,2729,10,0.0037
15,Belgaum,Sourcing,3255,4,0.0012
15,Bhilai,Sourcing,974,2,0.0021
15,Noida,Sourcing,21695,9,0.0004
15,Meerut,Pod,4232,4,0.0009
15,Bangalore,WH,675849,218,0.0003
15,Ranchi,Pod,5116,35,0.0068
15,Coimbatore,Sourcing,34090,5,0.0001
15,Rajahmundry,Sourcing,4221,2,0.0005
15,Erode,Sourcing,3997,1,0.0003
15,Rajkot,Sourcing,4052,2,0.0005
15,Hyderabad,Sourcing,369174,10,0
15,Faridabad,Pod,13191,10,0.0008
15,Alappuzha,CX,3763,1,0.0003
15,Mumbai,Sourcing,374081,378,0.001
15,Trichy,Pod,9815,58,0.0059
15,Mysore,Pod,20073,65,0.0032
15,Noida 1,Sourcing,70175,19,0.0003
15,Gurgaon,WH,97275,27,0.0003
15,Pune,WH,179619,34,0.0002
15,Chennai,Pod,268178,11,0
15,Bhilai,CX,974,2,0.0021
15,Pondicherry,Sourcing,13145,13,0.001
15,Udaipur,Sourcing,5402,3,0.0006
15,Vadodara,Pod,9511,54,0.0057
15,Jamshedpur,CX,3507,12,0.0034
15,Udaipur,Sourcing,5402,8,0.0015
15,Thiruvallur,CX,2315,3,0.0013
15,Kozhikode,WH,13664,3,0.0002
15,Kakinada,Sourcing,3655,1,0.0003
15,Raipur,Pod,4739,1,0.0002
15,Mangaluru,Sourcing,19193,4,0.0002
15,Delhi,Sourcing,187837,11,0.0001
15,Bathinda,CX,1022,1,0.001
15,Kurnool,Pod,5858,2,0.0003
15,Shivamogga,Sourcing,3458,1,0.0003
15,Siliguri,Sourcing,3111,1,0.0003
15,Nellore,WH,5587,1,0.0002
15,Mangaluru,Pod,19193,1,0.0001
15,Latur,CX,928,5,0.0054
15,Kurnool,Pod,5858,12,0.002
15,Vijayawada,Sourcing,19282,17,0.0009
15,Nagpur,Sourcing,9518,9,0.0009
15,Nagercoil,Sourcing,3544,6,0.0017
15,Bhopal,CX,8982,25,0.0028
15,Nashik,Pod,6824,8,0.0012
15,Vadodara,Sourcing,9511,8,0.0008
15,Thiruvallur,WH,2315,3,0.0013
15,Panipat,Sourcing,2726,2,0.0007
15,Manipal,Sourcing,6774,1,0.0001
15,Alappuzha,WH,3763,1,0.0003
15,Davanagere,WH,1601,2,0.0012
15,Hubli,Sourcing,3425,1,0.0003
15,Guntur,Pod,10746,81,0.0075
15,Bangalore,Sourcing,675849,568,0.0008
15,Central Goa,CX,37288,83,0.0022
15,Ludhiana,Pod,6076,26,0.0043
15,Gurgaon,Sourcing,97275,193,0.002
15,Nashik,Pod,6824,27,0.004
15,Patiala,CX,2769,9,0.0033
15,Chandigarh,Sourcing,43780,25,0.0006
15,Rajahmundry,Pod,4221,3,0.0007
15,Roorkee,CX,1320,5,0.0038
15,Pondicherry,Sourcing,13145,10,0.0008
15,Agra,CX,1808,4,0.0022
15,Ambala,CX,1909,3,0.0016
15,Thanjavur,Pod,5445,5,0.0009
15,Kannur,Pod,1964,2,0.001
15,Central Goa,Pod,37288,7,0.0002
15,Jodhpur,Pod,1939,3,0.0015
15,Amravati,Pod,874,1,0.0011
15,Bhopal,Sourcing,8982,1,0.0001
15,Ongole,Sourcing,781,1,0.0013
15,Jabalpur,Sourcing,2729,1,0.0004
15,Tumakuru,Pod,3119,1,0.0003
15,Kanchipuram,Sourcing,2931,1,0.0003
15,Palakkad,WH,4093,1,0.0002
15,Kochi,CX,90158,96,0.0011
15,Kolkata,Sourcing,110805,72,0.0007
15,Aurangabad,CX,3283,2,0.0006
15,Noida,CX,21695,70,0.0032
15,Thrissur,Sourcing,23135,12,0.0005
15,Kanchipuram,Sourcing,2931,3,0.001
15,Kozhikode,Sourcing,13664,6,0.0004
15,Saharanpur,Pod,667,4,0.006
15,Aligarh,Pod,2174,1,0.0005
15,Shivamogga,WH,3458,1,0.0003
15,Bangalore,Sourcing,675849,625,0.0009
15,Coimbatore,WH,34090,23,0.0007
15,Thanjavur,WH,5445,3,0.0006
15,Ujjain,WH,2059,1,0.0005
15,Vizag,Sourcing,22677,23,0.001
15,Thoothukudi,Sourcing,5081,3,0.0006
15,Mathura,Sourcing,1243,1,0.0008
15,Nizamabad,Sourcing,804,1,0.0012
15,Mumbai,Pod,374081,122,0.0003
15,Noida 1,Sourcing,70175,61,0.0009
15,Noida 1,Sourcing,70175,95,0.0014
15,Noida,Sourcing,21695,25,0.0012
15,Pune,Pod,179619,9,0.0001
15,Mumbai,Pod,374081,31,0.0001
15,Noida 1,WH,70175,22,0.0003
15,Vadodara,Pod,9511,6,0.0006
15,Belgaum,CX,3255,6,0.0018
15,Noida,WH,21695,8,0.0004
15,Mathura,Pod,1243,2,0.0016
15,Pune,WH,179619,58,0.0003
15,Meerut,Sourcing,4232,14,0.0033
15,Ajmer,Pod,1855,4,0.0022
15,Jaipur,Sourcing,25520,9,0.0004
15,Kanchipuram,WH,2931,2,0.0007
15,Kochi,Pod,90158,12,0.0001
15,Jalandhar,Sourcing,2099,2,0.001
15,Gorakhpur,WH,2344,1,0.0004
15,Nizamabad,WH,804,1,0.0012
15,Jabalpur,WH,2729,1,0.0004
15,Guntur,Sourcing,10746,2,0.0002
15,Hyderabad,Pod,369174,38,0.0001
15,Belgaum,Sourcing,3255,3,0.0009
15,Palakkad,Sourcing,4093,5,0.0012
15,Vapi,CX,3655,11,0.003
15,Siliguri,Pod,3111,2,0.0006
15,Aurangabad,Pod,3283,10,0.003
15,Bangalore,Sourcing,675849,149,0.0002
15,Kolkata,Sourcing,110805,87,0.0008
15,Patna,Pod,14674,30,0.002
15,Nagpur,Pod,9518,36,0.0038
15,Salem,Sourcing,7502,8,0.0011
15,Delhi,WH,187837,71,0.0004
15,Nellore,Sourcing,5587,3,0.0005
15,Gurgaon,WH,97275,29,0.0003
15,Varanasi,CX,9454,33,0.0035
15,Tirupati,Sourcing,11427,5,0.0004
15,Warangal,WH,8287,11,0.0013
15,Nellore,Sourcing,5587,8,0.0014
15,Aurangabad,Sourcing,3283,1,0.0003
15,Thiruvananthapuram,Sourcing,42681,1,0
15,Raipur,Pod,4739,1,0.0002
15,Hyderabad,CX,369174,1608,0.0044
15,Vijayawada,Pod,19282,114,0.0059
15,Karimnagar,Pod,3573,27,0.0076
15,Dibrugarh,Pod,2283,27,0.0118
15,Noida 1,WH,70175,29,0.0004
15,Guntur,Sourcing,10746,11,0.001
15,Nagpur,Sourcing,9518,10,0.0011
15,Madurai,Pod,10785,53,0.0049
15,Kanpur,Pod,3853,12,0.0031
15,Vizag,Sourcing,22677,24,0.0011
15,Mangaluru,Pod,19193,63,0.0033
15,Shivamogga,CX,3458,4,0.0012
15,Amritsar,CX,3162,9,0.0028
15,Karur,CX,2982,6,0.002
15,Sri Ganganagar,Pod,2025,3,0.0015
15,Gorakhpur,Pod,2344,1,0.0004
15,Kollam,Sourcing,8804,2,0.0002
15,Kanpur,CX,3853,4,0.001
15,Aligarh,Sourcing,2174,3,0.0014
15,Vapi,Pod,3655,1,0.0003
15,Mysore,Pod,20073,2,0.0001
15,Shivamogga,Pod,3458,1,0.0003
15,Nagercoil,CX,3544,1,0.0003
15,Nizamabad,CX,804,2,0.0025
15,Nagercoil,Pod,3544,1,0.0003
15,Belgaum,Pod,3255,1,0.0003
15,Kota,WH,3094,1,0.0003
15,Kakinada,Pod,3655,27,0.0074
15,Delhi,WH,187837,60,0.0003
15,Kollam,Pod,8804,11,0.0012
15,Manipal,Pod,6774,6,0.0009
15,Indore,Sourcing,15398,12,0.0008
15,Kota,Pod,3094,10,0.0032
15,Kurnool,CX,5858,15,0.0026
15,Agra,Pod,1808,10,0.0055
15,Pondicherry,WH,13145,2,0.0002
15,Kurnool,Sourcing,5858,6,0.001
15,Amravati,Pod,874,3,0.0034
15,Central Goa,Pod,37288,6,0.0002
15,Panipat,WH,2726,3,0.0011
15,Jabalpur,Sourcing,2729,2,0.0007
15,Kolkata,Pod,110805,188,0.0017
15,Ahmedabad,Pod,41191,250,0.0061
15,Central Goa,Sourcing,37288,12,0.0003
15,Chennai,Pod,268178,23,0.0001
15,Dehradun,Pod,10622,54,0.0051
15,Mangaluru,Pod,19193,38,0.002
15,Thanjavur,Pod,5445,23,0.0042
15,Salem,Pod,7502,16,0.0021
15,Guntur,WH,10746,7,0.0007
15,Madurai,CX,10785,25,0.0023
15,Salem,CX,7502,7,0.0009
15,Guwahati,Sourcing,10423,7,0.0007
15,Ludhiana,Pod,6076,4,0.0007
15,Thrissur,Sourcing,23135,3,0.0001
15,Muzaffarpur,Sourcing,1061,1,0.0009
15,Thanjavur,WH,5445,3,0.0006
15,Tumakuru,Pod,3119,2,0.0006
15,Jaipur,Pod,25520,9,0.0004
15,Salem,Pod,7502,1,0.0001
15,Udaipur,WH,5402,1,0.0002
15,Vizianagaram,Sourcing,835,1,0.0012
15,Tirupur,Sourcing,5834,1,0.0002
15,Pune,Pod,179619,1500,0.0084
15,Chandigarh,Pod,43780,291,0.0066
15,Central Goa,Sourcing,37288,11,0.0003
15,Vizianagaram,Pod,835,9,0.0108
15,Tirunelveli,Pod,5437,3,0.0006
15,Kota,Sourcing,3094,10,0.0032
15,Thiruvallur,Sourcing,2315,4,0.0017
15,Patiala,Sourcing,2769,6,0.0022
15,Chennai,Pod,268178,87,0.0003
15,Kota,Pod,3094,3,0.001
15,Kanpur,Sourcing,3853,2,0.0005
15,Aligarh,Sourcing,2174,2,0.0009
15,Guntur,WH,10746,2,0.0002
15,Bhimavaram,Sourcing,813,1,0.0012
15,Guntur,Pod,10746,3,0.0003
15,Hyderabad,WH,369174,242,0.0007
15,Udaipur,Pod,5402,4,0.0007
15,Ranchi,Pod,5116,4,0.0008
15,Ambala,Pod,1909,5,0.0026
15,Ludhiana,WH,6076,7,0.0012
15,Pondicherry,Sourcing,13145,8,0.0006
15,Kanchipuram,CX,2931,13,0.0044
15,Bareilly,CX,1224,3,0.0025
15,Tirupur,Sourcing,5834,5,0.0009
15,Patna,WH,14674,1,0.0001
15,Davanagere,CX,1601,3,0.0019
15,Patna,WH,14674,2,0.0001
15,Guwahati,Pod,10423,8,0.0008
15,Manipal,WH,6774,2,0.0003
15,Rajahmundry,Sourcing,4221,1,0.0002
15,Indore,Pod,15398,2,0.0001
15,Vizianagaram,WH,835,1,0.0012
15,Ranchi,WH,5116,1,0.0002
15,Berhampur,WH,1300,1,0.0008
15,Indore,WH,15398,4,0.0003
15,Aligarh,WH,2174,1,0.0005
15,Vizianagaram,CX,835,1,0.0012
15,Chandigarh,Sourcing,43780,5,0.0001
15,Lonavla,CX,770,2,0.0026
15,Jamshedpur,Sourcing,3507,1,0.0003
15,Palakkad,CX,4093,2,0.0005
15,Kakinada,Sourcing,3655,2,0.0005
15,Silchar,Pod,3690,1,0.0003
15,Jabalpur,Pod,2729,1,0.0004
15,Hyderabad,Sourcing,369174,362,0.001
15,Rajkot,Sourcing,4052,4,0.001
15,Chennai,Sourcing,268178,86,0.0003
15,Khammam,Pod,5122,28,0.0055
15,Hyderabad,Pod,369174,39,0.0001
15,Kanchipuram,Pod,2931,25,0.0085
15,Jalandhar,Pod,2099,7,0.0033
15,Patna,Sourcing,14674,5,0.0003
15,Guwahati,WH,10423,3,0.0003
15,Surat,Sourcing,11403,9,0.0008
15,Moradabad,Sourcing,2271,2,0.0009
15,Rohtak,Sourcing,2641,2,0.0008
15,Chennai,Sourcing,268178,16,0.0001
15,Saharanpur,Sourcing,667,1,0.0015
15,Silchar,Sourcing,3690,1,0.0003
15,Rajkot,WH,4052,2,0.0005
15,Lucknow,Sourcing,14646,1,0.0001
15,Agra,Sourcing,1808,1,0.0006
15,Palakkad,Pod,4093,1,0.0002
15,Mumbai,Sourcing,374081,273,0.0007
15,Erode,Pod,3997,13,0.0033
15,Gwalior,CX,3711,13,0.0035
15,Mumbai,Sourcing,374081,197,0.0005
15,Mysore,Sourcing,20073,3,0.0001
15,Kakinada,CX,3655,19,0.0052
15,Varanasi,Sourcing,9454,4,0.0004
15,Thiruvallur,Pod,2315,5,0.0022
15,Latur,Pod,928,2,0.0022
15,Salem,WH,7502,3,0.0004
15,Thiruvananthapuram,WH,42681,14,0.0003
15,Silchar,Pod,3690,25,0.0068
15,Thiruvallur,Pod,2315,15,0.0065
15,Tumakuru,Sourcing,3119,2,0.0006
15,Jaipur,WH,25520,5,0.0002
15,Karaikkudi,Sourcing,2397,2,0.0008
15,Jamshedpur,Pod,3507,1,0.0003
15,Sonipat,Sourcing,1141,2,0.0018
15,Thoothukudi,WH,5081,2,0.0004
15,Vadodara,Pod,9511,1,0.0001
15,Kolhapur,Pod,1984,1,0.0005
15,Udaipur,WH,5402,1,0.0002
15,Ranchi,Pod,5116,1,0.0002
15,Tumakuru,CX,3119,3,0.001
15,Kolkata,CX,110805,242,0.0022
15,Vijayawada,CX,19282,58,0.003
15,Warangal,Sourcing,8287,4,0.0005
15,Ranchi,Sourcing,5116,5,0.001
15,Tirupur,CX,5834,9,0.0015
15,Ahmedabad,CX,41191,81,0.002
15,Lucknow,Sourcing,14646,11,0.0008
15,Manipal,Sourcing,6774,3,0.0004
15,Karaikkudi,Pod,2397,16,0.0067
15,Faridabad,WH,13191,10,0.0008
15,Meerut,WH,4232,4,0.0009
15,Rajkot,Pod,4052,3,0.0007
15,Kurnool,WH,5858,2,0.0003
15,Anantapur,WH,3621,1,0.0003
15,Thanjavur,Pod,5445,1,0.0002
15,Tumakuru,WH,3119,1,0.0003
15,Thanjavur,Pod,5445,1,0.0002
15,Noida 1,Pod,70175,9,0.0001
15,Bhilai,Pod,974,9,0.0092
15,Delhi,Pod,187837,8,0
15,Vijayawada,WH,19282,22,0.0011
15,Mangaluru,Pod,19193,3,0.0002
15,Gwalior,WH,3711,3,0.0008
15,Mysore,Sourcing,20073,17,0.0008
15,Tirupati,Sourcing,11427,9,0.0008
15,Kochi,Sourcing,90158,12,0.0001
15,Ranchi,Sourcing,5116,3,0.0006
15,Vellore,Pod,6487,3,0.0005
15,Warangal,WH,8287,3,0.0004
15,Kota,Sourcing,3094,3,0.001
15,Siliguri,Sourcing,3111,2,0.0006
15,Nashik,Pod,6824,1,0.0001
15,Khammam,WH,5122,1,0.0002
15,Thoothukudi,Pod,5081,2,0.0004
15,Eluru,WH,1072,1,0.0009
15,Tirupati,Pod,11427,1,0.0001
15,Bhubaneswar,WH,34171,12,0.0004
15,Thanjavur,Sourcing,5445,1,0.0002
15,Anantapur,Sourcing,3621,1,0.0003
15,Mangaluru,WH,19193,4,0.0002
15,Sri Ganganagar,CX,2025,4,0.002
15,Bhubaneswar,Pod,34171,171,0.005
15,Mysore,Pod,20073,27,0.0013
15,Karur,Pod,2982,9,0.003
15,Nagpur,Pod,9518,12,0.0013
15,Thrissur,CX,23135,25,0.0011
15,Silchar,CX,3690,8,0.0022
15,Thrissur,WH,23135,7,0.0003
15,Anantapur,Sourcing,3621,6,0.0017
15,Madurai,Sourcing,10785,3,0.0003
15,Ludhiana,Sourcing,6076,4,0.0007
15,Nagpur,WH,9518,2,0.0002
15,Kurnool,Pod,5858,1,0.0002
15,Rohtak,Sourcing,2641,4,0.0015
15,Dehradun,WH,10622,1,0.0001
15,Bhubaneswar,Pod,34171,5,0.0001
15,Belgaum,Pod,3255,2,0.0006
15,Ujjain,Sourcing,2059,2,0.001
15,Ambala,Sourcing,1909,2,0.001
15,Central Goa,Sourcing,37288,2,0.0001
15,Trichy,WH,9815,3,0.0003
15,Nellore,Pod,5587,1,0.0002
15,Jamshedpur,WH,3507,1,0.0003
15,Sonipat,Pod,1141,1,0.0009
15,Kozhikode,Pod,13664,20,0.0015
15,Tirupati,Pod,11427,7,0.0006
15,Delhi,Sourcing,187837,287,0.0015
15,Warangal,Pod,8287,69,0.0083
15,Ahmedabad,Sourcing,41191,17,0.0004
15,Karimnagar,CX,3573,11,0.0031
15,Vizag,WH,22677,6,0.0003
16,Gorakhpur,Pod,2712,12,0.0044
16,Chandigarh,Pod,46726,9,0.0002
16,Bhubaneswar,WH,35429,2,0.0001
16,Patna,Sourcing,15191,8,0.0005
16,Thoothukudi,Sourcing,5001,4,0.0008
16,Alappuzha,CX,3953,3,0.0008
16,Kolhapur,Sourcing,2123,3,0.0014
16,Bareilly,CX,1186,3,0.0025
16,Bhimavaram,Sourcing,770,1,0.0013
16,Silchar,WH,3679,1,0.0003
16,Mumbai,Pod,373688,74,0.0002
16,Kozhikode,Sourcing,14297,5,0.0004
16,Rudrapur,Sourcing,1105,1,0.0009
16,Noida 1,Pod,69129,432,0.0062
16,Bhopal,WH,10420,1,0.0001
16,Rohtak,Sourcing,2650,1,0.0004
16,Pune,WH,186301,65,0.0003
16,Vellore,WH,6914,3,0.0004
16,Indore,Pod,16978,3,0.0002
16,Jodhpur,Pod,1793,20,0.0112
16,Patna,Pod,15191,96,0.0063
16,Karnal,Pod,1250,1,0.0008
16,Alappuzha,WH,3953,2,0.0005
16,Guwahati,Pod,10052,2,0.0002
16,Mysore,Pod,21587,29,0.0013
16,Vijayawada,CX,18920,58,0.0031
16,Latur,WH,1053,1,0.001
16,Ludhiana,WH,8064,5,0.0006
16,Hyderabad,Sourcing,368241,13,0
16,Nizamabad,Sourcing,795,1,0.0013
16,Kochi,Sourcing,92577,18,0.0002
16,Karaikkudi,CX,2516,3,0.0012
16,Nellore,Pod,5739,3,0.0005
16,Thrissur,Sourcing,23146,7,0.0003
16,Warangal,WH,8849,4,0.0005
16,Rajkot,WH,4667,1,0.0002
16,Pondicherry,WH,11996,1,0.0001
16,Delhi,Pod,179694,189,0.0011
16,Ludhiana,Pod,8064,30,0.0037
16,Gorakhpur,CX,2712,8,0.003
16,Mangaluru,Pod,20172,54,0.0027
16,Varanasi,Pod,10477,62,0.0059
16,Palakkad,Pod,4296,3,0.0007
16,Bareilly,Sourcing,1186,1,0.0008
16,Mathura,CX,1230,2,0.0016
16,Aurangabad,WH,3458,1,0.0003
16,Bangalore,CX,667035,1687,0.0025
16,Thiruvalla,Sourcing,4192,3,0.0007
16,Anantapur,Pod,4136,22,0.0053
16,Trichy,Sourcing,10126,1,0.0001
16,Mumbai,Sourcing,373688,420,0.0011
16,Gurgaon,Pod,93380,883,0.0095
16,Salem,CX,7608,8,0.0011
16,Lucknow,Sourcing,16046,13,0.0008
16,Khammam,CX,5349,16,0.003
16,Ranchi,CX,6026,10,0.0017
16,Vizag,Pod,24802,3,0.0001
16,Ahmedabad,CX,40916,125,0.0031
16,Kannur,Pod,1915,6,0.0031
16,Jabalpur,Sourcing,2965,4,0.0013
16,Hyderabad,Sourcing,368241,134,0.0004
16,Nagpur,Sourcing,10895,13,0.0012
16,Sonipat,Pod,1269,1,0.0008
16,Bareilly,Pod,1186,4,0.0034
16,Cuttack,Sourcing,4014,1,0.0002
16,Central Goa,Sourcing,37500,14,0.0004
16,Bilaspur,Sourcing,1135,1,0.0009
16,Anantapur,WH,4136,1,0.0002
16,Anantapur,Sourcing,4136,1,0.0002
16,Vizag,Sourcing,24802,21,0.0008
16,Jaipur,Pod,26635,187,0.007
16,Karaikkudi,Sourcing,2516,2,0.0008
16,Pondicherry,CX,11996,44,0.0037
16,Central Goa,WH,37500,9,0.0002
16,Udaipur,CX,5493,16,0.0029
16,Chennai,Sourcing,271821,54,0.0002
16,Karimnagar,Sourcing,3651,3,0.0008
16,Amritsar,Pod,3126,22,0.007
16,Patna,WH,15191,3,0.0002
16,Latur,CX,1053,3,0.0028
16,Bikaner,CX,1276,1,0.0008
16,Sri Ganganagar,Pod,2241,2,0.0009
16,Thrissur,Pod,23146,1,0
16,Tirunelveli,Pod,5428,1,0.0002
16,Sonipat,WH,1269,1,0.0008
16,Kota,Pod,3117,1,0.0003
16,Palakkad,WH,4296,1,0.0002
16,Muzaffarpur,CX,886,1,0.0011
16,Kanpur,WH,3316,1,0.0003
16,Berhampur,CX,1538,3,0.002
16,Tumakuru,Pod,3230,1,0.0003
16,Dehradun,CX,11068,31,0.0028
16,Pune,WH,186301,79,0.0004
16,Delhi,Sourcing,179694,189,0.0011
16,Meerut,Pod,5477,37,0.0068
16,Ahmedabad,Sourcing,40916,45,0.0011
16,Thiruvananthapuram,Sourcing,44378,42,0.0009
16,Thiruvananthapuram,WH,44378,10,0.0002
16,Lucknow,Pod,16046,17,0.0011
16,Kottayam,WH,5807,2,0.0003
16,Nashik,Sourcing,7499,9,0.0012
16,Bhopal,Sourcing,10420,15,0.0014
16,Palakkad,Pod,4296,12,0.0028
16,Kottayam,Pod,5807,6,0.001
16,Thiruvalla,Pod,4192,10,0.0024
16,Vadodara,Pod,10595,7,0.0007
16,Kottayam,Sourcing,5807,3,0.0005
16,Tirupur,Pod,5904,3,0.0005
16,Dibrugarh,WH,2587,1,0.0004
16,Meerut,WH,5477,1,0.0002
16,Surat,Sourcing,12678,1,0.0001
16,Mumbai,Pod,373688,172,0.0005
16,Moradabad,Pod,2221,6,0.0027
16,Pondicherry,WH,11996,4,0.0003
16,Delhi,WH,179694,98,0.0005
16,Aligarh,CX,2273,7,0.0031
16,Mumbai,WH,373688,129,0.0003
16,Muzaffarpur,Pod,886,6,0.0068
16,Berhampur,Pod,1538,5,0.0033
16,Karnal,CX,1250,4,0.0032
16,Coimbatore,WH,35960,24,0.0007
16,Ongole,Pod,1030,7,0.0068
16,Thrissur,Sourcing,23146,10,0.0004
16,Kozhikode,CX,14297,18,0.0013
16,Karaikkudi,Pod,2516,2,0.0008
16,Karur,CX,3013,4,0.0013
16,Erode,WH,4215,2,0.0005
16,Jabalpur,Sourcing,2965,5,0.0017
16,Rajahmundry,Pod,4149,4,0.001
16,Thanjavur,Pod,5612,4,0.0007
16,Thanjavur,Sourcing,5612,2,0.0004
16,Amravati,WH,983,1,0.001
16,Anand,CX,961,1,0.001
16,Sri Ganganagar,WH,2241,1,0.0004
16,Belgaum,Sourcing,3518,1,0.0003
16,Kollam,Sourcing,9236,1,0.0001
16,Kakinada,WH,3855,1,0.0003
16,Vadodara,Sourcing,10595,19,0.0018
16,Noida 1,WH,69129,28,0.0004
16,Vijayawada,Pod,18920,98,0.0052
16,Noida 1,CX,69129,196,0.0028
16,Gurgaon,Sourcing,93380,55,0.0006
16,Warangal,CX,8849,43,0.0049
16,Kozhikode,Pod,14297,3,0.0002
16,Surat,WH,12678,5,0.0004
16,Guntur,Sourcing,11250,9,0.0008
16,Siliguri,Sourcing,3534,3,0.0008
16,Nashik,Sourcing,7499,11,0.0015
16,Allahabad,CX,2509,3,0.0012
16,Kurnool,Pod,6468,22,0.0034
16,Mathura,Pod,1230,7,0.0057
16,Latur,Pod,1053,6,0.0057
16,Patna,Pod,15191,5,0.0003
16,Patna,Pod,15191,1,0.0001
16,Kottayam,Pod,5807,1,0.0002
16,Anantapur,Sourcing,4136,2,0.0005
16,Ludhiana,Sourcing,8064,2,0.0002
16,Patiala,WH,3605,1,0.0003
16,Ambala,WH,2024,1,0.0005
16,Cuttack,WH,4014,1,0.0002
16,Guntur,WH,11250,6,0.0005
16,Trichy,Sourcing,10126,9,0.0009
16,Chennai,WH,271821,133,0.0005
16,Patna,Sourcing,15191,24,0.0016
16,Indore,Pod,16978,143,0.0084
16,Tirupati,Pod,11755,64,0.0054
16,Noida,Sourcing,22686,45,0.002
16,Lucknow,CX,16046,14,0.0009
16,Kolkata,Sourcing,109402,104,0.001
16,Rajkot,CX,4667,11,0.0024
16,Kozhikode,Sourcing,14297,11,0.0008
16,Udaipur,WH,5493,3,0.0005
16,Noida 1,Pod,69129,138,0.002
16,Guntur,WH,11250,10,0.0009
16,Bhubaneswar,Sourcing,35429,8,0.0002
16,Pondicherry,Sourcing,11996,7,0.0006
16,Rajkot,Sourcing,4667,1,0.0002
16,Nanded,Pod,915,1,0.0011
16,Mathura,Sourcing,1230,1,0.0008
16,Amravati,Pod,983,1,0.001
16,Khammam,Pod,5349,1,0.0002
16,Panipat,Sourcing,2932,1,0.0003
16,Davanagere,CX,1670,2,0.0012
16,Mumbai,Pod,373688,2707,0.0072
16,Hyderabad,Pod,368241,3808,0.0103
16,Kochi,CX,92577,122,0.0013
16,Pune,Sourcing,186301,92,0.0005
16,Patna,Pod,15191,28,0.0018
16,Noida 1,Sourcing,69129,162,0.0023
16,Warangal,Pod,8849,13,0.0015
16,Bhubaneswar,CX,35429,51,0.0014
16,Central Goa,Pod,37500,11,0.0003
16,Gurgaon,Pod,93380,49,0.0005
16,Jaipur,WH,26635,6,0.0002
16,Varanasi,WH,10477,6,0.0006
16,Ajmer,CX,1761,7,0.004
16,Rajahmundry,Pod,4149,18,0.0043
16,Patna,WH,15191,7,0.0005
16,Surat,Pod,12678,5,0.0004
16,Bhubaneswar,Sourcing,35429,9,0.0003
16,Shivamogga,CX,3541,8,0.0023
16,Nashik,Sourcing,7499,11,0.0015
16,Nellore,Pod,5739,10,0.0017
16,Nagpur,WH,10895,2,0.0002
16,Trichy,WH,10126,3,0.0003
16,Surat,Pod,12678,3,0.0002
16,Jalandhar,CX,2142,3,0.0014
16,Coimbatore,Sourcing,35960,1,0
16,Karimnagar,Pod,3651,1,0.0003
16,Tumakuru,Pod,3230,1,0.0003
16,Indore,Pod,16978,4,0.0002
16,Cuttack,Sourcing,4014,1,0.0002
16,Jamshedpur,Pod,3609,1,0.0003
16,Pondicherry,Sourcing,11996,2,0.0002
16,Bareilly,Sourcing,1186,1,0.0008
16,Ongole,Sourcing,1030,1,0.001
16,Rohtak,Pod,2650,1,0.0004
16,Panipat,Pod,2932,11,0.0038
16,Mumbai,CX,373688,1029,0.0028
16,Bangalore,WH,667035,189,0.0003
16,Mangaluru,Sourcing,20172,10,0.0005
16,Rajahmundry,CX,4149,12,0.0029
16,Pondicherry,Pod,11996,31,0.0026
16,Kanchipuram,Pod,2920,27,0.0092
16,Mangaluru,Pod,20172,74,0.0037
16,Davanagere,Pod,1670,10,0.006
16,Nashik,WH,7499,3,0.0004
16,Belgaum,Pod,3518,16,0.0045
16,Cuttack,Sourcing,4014,3,0.0007
16,Manipal,Sourcing,6573,5,0.0008
16,Thiruvallur,Pod,2335,5,0.0021
16,Tumakuru,CX,3230,5,0.0015
16,Trichy,Pod,10126,6,0.0006
16,Raipur,Sourcing,5165,3,0.0006
16,Hubli,Sourcing,3334,4,0.0012
16,Salem,Sourcing,7608,1,0.0001
16,Amritsar,Sourcing,3126,1,0.0003
16,Moradabad,WH,2221,1,0.0005
16,Latur,WH,1053,1,0.001
16,Kanchipuram,Sourcing,2920,1,0.0003
16,Ujjain,Sourcing,2065,1,0.0005
16,Kanchipuram,CX,2920,1,0.0003
16,Ujjain,Pod,2065,1,0.0005
16,Hubli,WH,3334,1,0.0003
16,Mangaluru,CX,20172,51,0.0025
16,Chennai,CX,271821,854,0.0031
16,Mysore,Sourcing,21587,25,0.0012
16,Vizag,CX,24802,50,0.002
16,Bhopal,CX,10420,30,0.0029
16,Mysore,Pod,21587,8,0.0004
16,Salem,WH,7608,4,0.0005
16,Tirunelveli,Sourcing,5428,3,0.0006
16,Amritsar,Sourcing,3126,5,0.0016
16,Meerut,Sourcing,5477,17,0.0031
16,Patiala,Sourcing,3605,5,0.0014
16,Mangaluru,Sourcing,20172,2,0.0001
16,Karur,Pod,3013,11,0.0037
16,Bhopal,WH,10420,3,0.0003
16,Nagpur,Sourcing,10895,8,0.0007
16,Patiala,Sourcing,3605,2,0.0006
16,Ongole,Pod,1030,2,0.0019
16,Kurnool,Pod,6468,3,0.0005
16,Tumakuru,Sourcing,3230,1,0.0003
16,Bhimavaram,Pod,770,1,0.0013
16,Rudrapur,CX,1105,2,0.0018
16,Aligarh,Sourcing,2273,1,0.0004
16,Rajkot,Pod,4667,1,0.0002
16,Madurai,Sourcing,11626,1,0.0001
16,Pune,Pod,186301,1828,0.0098
16,Nashik,CX,7499,21,0.0028
16,Pune,Sourcing,186301,2,0
16,Coimbatore,CX,35960,126,0.0035
16,Hyderabad,Sourcing,368241,96,0.0003
16,Hubli,CX,3334,12,0.0036
16,Ludhiana,Sourcing,8064,9,0.0011
16,Madurai,Sourcing,11626,8,0.0007
16,Meerut,Pod,5477,11,0.002
16,Tirupur,Sourcing,5904,4,0.0007
16,Sonipat,Sourcing,1269,2,0.0016
16,Ahmedabad,Sourcing,40916,14,0.0003
16,Panipat,Sourcing,2932,14,0.0048
16,Vijayawada,WH,18920,17,0.0009
16,Rajkot,Sourcing,4667,5,0.0011
16,Nellore,Sourcing,5739,9,0.0016
16,Patiala,Sourcing,3605,10,0.0028
16,Ujjain,Pod,2065,8,0.0039
16,Ongole,CX,1030,3,0.0029
16,Aurangabad,Sourcing,3458,3,0.0009
16,Kollam,CX,9236,3,0.0003
16,Jodhpur,Sourcing,1793,2,0.0011
16,Rajkot,Pod,4667,1,0.0002
16,Dibrugarh,Pod,2587,2,0.0008
16,Karimnagar,Sourcing,3651,1,0.0003
16,Muzaffarpur,Pod,886,1,0.0011
16,Jamshedpur,Pod,3609,1,0.0003
16,Tirupur,WH,5904,2,0.0003
16,Gurgaon,WH,93380,52,0.0006
16,Coimbatore,WH,35960,11,0.0003
16,Bhubaneswar,Pod,35429,198,0.0056
16,Central Goa,CX,37500,77,0.0021
16,Ajmer,Pod,1761,13,0.0074
16,Kochi,Pod,92577,24,0.0003
16,Kurnool,Sourcing,6468,8,0.0012
16,Bhubaneswar,Pod,35429,11,0.0003
16,Agra,Pod,1821,16,0.0088
16,Faridabad,Pod,13022,5,0.0004
16,Varanasi,WH,10477,2,0.0002
16,Noida,Pod,22686,52,0.0023
16,Kota,Sourcing,3117,11,0.0035
16,Lucknow,Sourcing,16046,21,0.0013
16,Ahmedabad,WH,40916,6,0.0001
16,Aligarh,Pod,2273,19,0.0084
16,Warangal,Sourcing,8849,7,0.0008
16,Bathinda,Pod,1095,7,0.0064
16,Manipal,Sourcing,6573,6,0.0009
16,Chandigarh,Sourcing,46726,2,0
16,Kannur,Sourcing,1915,1,0.0005
16,Gorakhpur,Sourcing,2712,1,0.0004
16,Gwalior,WH,3570,1,0.0003
16,Tirunelveli,WH,5428,1,0.0002
16,Mathura,Sourcing,1230,1,0.0008
16,Thanjavur,Pod,5612,28,0.005
16,Bangalore,Sourcing,667035,643,0.001
16,Faridabad,Pod,13022,142,0.0109
16,Lucknow,WH,16046,6,0.0004
16,Manipal,CX,6573,13,0.002
16,Mysore,CX,21587,41,0.0019
16,Chandigarh,Sourcing,46726,21,0.0004
16,Coimbatore,Sourcing,35960,47,0.0013
16,Ranchi,Sourcing,6026,9,0.0015
16,Ludhiana,CX,8064,22,0.0027
16,Kota,Sourcing,3117,2,0.0006
16,Thiruvananthapuram,WH,44378,8,0.0002
16,Belgaum,Sourcing,3518,1,0.0003
16,Dehradun,Pod,11068,1,0.0001
16,Faridabad,WH,13022,1,0.0001
16,Ahmedabad,Pod,40916,2,0
16,Ujjain,WH,2065,2,0.001
16,Meerut,WH,5477,1,0.0002
16,Tumakuru,Sourcing,3230,1,0.0003
16,Indore,CX,16978,78,0.0046
16,Vadodara,Sourcing,10595,8,0.0008
16,Nagpur,CX,10895,34,0.0031
16,Kozhikode,Pod,14297,35,0.0024
16,Vizag,Sourcing,24802,22,0.0009
16,Noida,WH,22686,4,0.0002
16,Chennai,Pod,271821,26,0.0001
16,Delhi,Sourcing,179694,11,0.0001
16,Mangaluru,WH,20172,6,0.0003
16,Thrissur,WH,23146,7,0.0003
16,Vellore,Sourcing,6914,4,0.0006
16,Tirupati,WH,11755,7,0.0006
16,Karimnagar,CX,3651,11,0.003
16,Aurangabad,CX,3458,7,0.002
16,Kurnool,WH,6468,4,0.0006
16,Roorkee,CX,1277,3,0.0023
16,Trichy,Pod,10126,3,0.0003
16,Gorakhpur,Sourcing,2712,2,0.0007
16,Ujjain,WH,2065,1,0.0005
16,Vapi,WH,3828,1,0.0003
16,Kannur,Sourcing,1915,1,0.0005
16,Bhopal,Pod,10420,2,0.0002
16,Ahmedabad,Pod,40916,1,0
16,Nellore,Sourcing,5739,2,0.0003
16,Thiruvallur,Sourcing,2335,2,0.0009
16,Indore,Pod,16978,1,0.0001
16,Mumbai,WH,373688,186,0.0005
16,Kanpur,CX,3316,5,0.0015
16,Mumbai,Sourcing,373688,387,0.001
16,Kota,Pod,3117,15,0.0048
16,Hyderabad,WH,368241,88,0.0002
16,Pondicherry,Sourcing,11996,14,0.0012
16,Chandigarh,WH,46726,11,0.0002
16,Kurnool,Pod,6468,7,0.0011
16,Gurgaon,Pod,93380,11,0.0001
16,Amravati,Pod,983,6,0.0061
16,Patna,Sourcing,15191,5,0.0003
16,Lucknow,Sourcing,16046,13,0.0008
16,Nellore,CX,5739,8,0.0014
16,Vapi,Sourcing,3828,7,0.0018
16,Kollam,Sourcing,9236,3,0.0003
16,Mysore,WH,21587,4,0.0002
16,Rohtak,Sourcing,2650,2,0.0008
16,Salem,WH,7608,1,0.0001
16,Thanjavur,Sourcing,5612,7,0.0012
16,Jodhpur,WH,1793,1,0.0006
16,Amritsar,Pod,3126,2,0.0006
16,Kakinada,Sourcing,3855,1,0.0003
16,Alappuzha,Sourcing,3953,1,0.0003
16,Lonavla,Sourcing,756,1,0.0013
16,Aurangabad,Pod,3458,16,0.0046
16,Chennai,Sourcing,271821,72,0.0003
16,Vapi,CX,3828,21,0.0055
16,Kakinada,Pod,3855,16,0.0042
16,Mysore,Pod,21587,76,0.0035
16,Pune,Sourcing,186301,239,0.0013
16,Faridabad,Sourcing,13022,18,0.0014
16,Vijayawada,Pod,18920,12,0.0006
16,Roorkee,Pod,1277,9,0.007
16,Thrissur,CX,23146,30,0.0013
16,Lonavla,Sourcing,756,2,0.0026
16,Manipal,WH,6573,4,0.0006
16,Hyderabad,Pod,368241,6,0
16,Siliguri,Pod,3534,2,0.0006
16,Latur,Pod,1053,3,0.0028
16,Surat,WH,12678,4,0.0003
16,Trichy,Sourcing,10126,4,0.0004
16,Patiala,WH,3605,3,0.0008
16,Vellore,Pod,6914,2,0.0003
16,Panipat,WH,2932,2,0.0007
16,Warangal,Pod,8849,2,0.0002
16,Gurgaon,Pod,93380,2,0
16,Kota,Sourcing,3117,2,0.0006
16,Anand,Pod,961,1,0.001
16,Siliguri,Sourcing,3534,1,0.0003
16,Patiala,CX,3605,1,0.0003
16,Guwahati,WH,10052,1,0.0001
16,Chennai,Pod,271821,2588,0.0095
16,Bangalore,Pod,667035,3423,0.0051
16,Chandigarh,Pod,46726,384,0.0082
16,Mumbai,Sourcing,373688,215,0.0006
16,Pune,CX,186301,706,0.0038
16,Vadodara,Pod,10595,59,0.0056
16,Vijayawada,Sourcing,18920,18,0.001
16,Nagpur,Pod,10895,23,0.0021
16,Hubli,Pod,3334,18,0.0054
16,Meerut,CX,5477,7,0.0013
16,Pondicherry,Pod,11996,56,0.0047
16,Madurai,Sourcing,11626,6,0.0005
16,Noida 1,Pod,69129,14,0.0002
16,Kollam,WH,9236,2,0.0002
16,Aligarh,Sourcing,2273,3,0.0013
16,Kota,WH,3117,3,0.001
16,Tumakuru,Sourcing,3230,3,0.0009
16,Coimbatore,Sourcing,35960,8,0.0002
16,Pondicherry,Sourcing,11996,7,0.0006
16,Nagercoil,Sourcing,3794,3,0.0008
16,Eluru,CX,1250,3,0.0024
16,Kanchipuram,WH,2920,2,0.0007
16,Thrissur,Pod,23146,2,0.0001
16,Nizamabad,CX,795,2,0.0025
16,Rajkot,WH,4667,2,0.0004
16,Thoothukudi,Pod,5001,1,0.0002
16,Aligarh,WH,2273,1,0.0004
16,Sri Ganganagar,Sourcing,2241,1,0.0004
16,Nizamabad,WH,795,1,0.0013
16,Amritsar,WH,3126,1,0.0003
16,Indore,Sourcing,16978,1,0.0001
16,Panipat,Pod,2932,1,0.0003
16,Kannur,CX,1915,2,0.001
16,Thoothukudi,Sourcing,5001,1,0.0002
16,Chennai,Sourcing,271821,13,0
16,Kakinada,Sourcing,3855,3,0.0008
16,Ongole,WH,1030,1,0.001
16,Agra,Sourcing,1821,1,0.0005
16,Indore,WH,16978,4,0.0002
16,Rohtak,Pod,2650,2,0.0008
16,Kurnool,Sourcing,6468,1,0.0002
16,Rajahmundry,WH,4149,1,0.0002
16,Khammam,Pod,5349,37,0.0069
16,Thiruvananthapuram,CX,44378,71,0.0016
16,Delhi,Pod,179694,16,0.0001
16,Bhopal,Pod,10420,3,0.0003
16,Warangal,Sourcing,8849,11,0.0012
16,Panipat,Sourcing,2932,4,0.0014
16,Rajkot,Pod,4667,7,0.0015
16,Siliguri,CX,3534,3,0.0008
16,Central Goa,Sourcing,37500,14,0.0004
16,Thanjavur,CX,5612,12,0.0021
16,Bikaner,Pod,1276,5,0.0039
16,Jaipur,Sourcing,26635,10,0.0004
16,Ahmedabad,WH,40916,8,0.0002
16,Chennai,Pod,271821,93,0.0003
16,Delhi,Pod,179694,4,0
16,Gwalior,CX,3570,4,0.0011
16,Kanchipuram,Sourcing,2920,3,0.001
16,Nanded,Sourcing,915,2,0.0022
16,Mangaluru,Pod,20172,1,0.0001
16,Bathinda,Sourcing,1095,1,0.0009
16,Allahabad,Pod,2509,1,0.0004
16,Thiruvalla,Pod,4192,2,0.0005
16,Vellore,Sourcing,6914,2,0.0003
16,Aurangabad,Sourcing,3458,2,0.0006
16,Ambala,Sourcing,2024,1,0.0005
16,Roorkee,WH,1277,1,0.0008
16,Nizamabad,Sourcing,795,1,0.0013
16,Berhampur,Sourcing,1538,1,0.0007
16,Bangalore,Sourcing,667035,830,0.0012
16,Delhi,Sourcing,179694,365,0.002
16,Bangalore,Pod,667035,189,0.0003
16,Faridabad,Sourcing,13022,28,0.0022
16,Moradabad,CX,2221,4,0.0018
16,Noida 1,Sourcing,69129,7,0.0001
16,Vapi,Pod,3828,22,0.0057
16,Alappuzha,Pod,3953,6,0.0015
16,Bilaspur,Pod,1135,14,0.0123
16,Bhilai,Sourcing,940,3,0.0032
16,Noida,Sourcing,22686,2,0.0001
16,Vadodara,Sourcing,10595,4,0.0004
16,Nizamabad,Pod,795,2,0.0025
16,Dehradun,Pod,11068,2,0.0002
16,Thanjavur,WH,5612,1,0.0002
16,Vadodara,Pod,10595,1,0.0001
16,Chandigarh,Pod,46726,1,0
16,Jalandhar,Sourcing,2142,2,0.0009
16,Kottayam,Sourcing,5807,2,0.0003
16,Patna,CX,15191,31,0.002
16,Thiruvananthapuram,Pod,44378,209,0.0047
16,Tirupati,CX,11755,35,0.003
16,Ahmedabad,Pod,40916,11,0.0003
16,Gwalior,Pod,3570,31,0.0087
16,Indore,Sourcing,16978,10,0.0006
16,Surat,Sourcing,12678,20,0.0016
16,Kanpur,Pod,3316,20,0.006
16,Surat,CX,12678,17,0.0013
16,Central Goa,Sourcing,37500,25,0.0007
16,Ludhiana,Sourcing,8064,15,0.0019
16,Erode,Sourcing,4215,5,0.0012
16,Jaipur,Sourcing,26635,10,0.0004
16,Dehradun,Sourcing,11068,10,0.0009
16,Kanpur,Sourcing,3316,2,0.0006
16,Nagercoil,Sourcing,3794,3,0.0008
16,Rajahmundry,Sourcing,4149,3,0.0007
16,Moradabad,Sourcing,2221,3,0.0014
16,Ludhiana,WH,8064,2,0.0002
16,Alappuzha,Sourcing,3953,1,0.0003
16,Bathinda,Sourcing,1095,1,0.0009
16,Thiruvananthapuram,Sourcing,44378,2,0
16,Karur,Sourcing,3013,3,0.001
16,Belgaum,CX,3518,4,0.0011
16,Cuttack,Pod,4014,1,0.0002
16,Mangaluru,WH,20172,1,0.0001
16,Amravati,Sourcing,983,1,0.001
16,Bangalore,Sourcing,667035,749,0.0011
16,Noida,Pod,22686,167,0.0074
16,Bangalore,WH,667035,579,0.0009
16,Bhubaneswar,Sourcing,35429,23,0.0006
16,Trichy,Pod,10126,51,0.005
16,Rajkot,Sourcing,4667,7,0.0015
16,Noida 1,Sourcing,69129,114,0.0016
16,Vellore,Pod,6914,16,0.0023
16,Guwahati,CX,10052,25,0.0025
16,Vadodara,CX,10595,23,0.0022
16,Mysore,Sourcing,21587,18,0.0008
16,Kolkata,Pod,109402,26,0.0002
16,Kottayam,Pod,5807,11,0.0019
16,Tirupur,CX,5904,14,0.0024
16,Madurai,Pod,11626,51,0.0044
16,Tirupati,Sourcing,11755,8,0.0007
16,Central Goa,WH,37500,9,0.0002
16,Palakkad,CX,4296,5,0.0012
16,Kottayam,CX,5807,5,0.0009
16,Jodhpur,CX,1793,15,0.0084
16,Kozhikode,Pod,14297,8,0.0006
16,Ambala,Pod,2024,9,0.0044
16,Coimbatore,Sourcing,35960,5,0.0001
16,Tirupur,Sourcing,5904,5,0.0008
16,Sri Ganganagar,CX,2241,11,0.0049
16,Berhampur,Sourcing,1538,2,0.0013
16,Nellore,Sourcing,5739,4,0.0007
16,Kolhapur,Sourcing,2123,3,0.0014
16,Pondicherry,Pod,11996,2,0.0002
16,Faridabad,Sourcing,13022,3,0.0002
16,Vizianagaram,CX,1048,1,0.001
16,Nellore,WH,5739,2,0.0003
16,Jodhpur,Pod,1793,1,0.0006
16,Kanpur,Sourcing,3316,1,0.0003
16,Faridabad,WH,13022,2,0.0002
16,Delhi,CX,179694,520,0.0029
16,Bhopal,Pod,10420,92,0.0088
16,Madurai,CX,11626,25,0.0022
16,Varanasi,CX,10477,17,0.0016
16,Meerut,Sourcing,5477,15,0.0027
16,Nagpur,Pod,10895,12,0.0011
16,Kolhapur,Pod,2123,22,0.0104
16,Kozhikode,Sourcing,14297,12,0.0008
16,Bhopal,Sourcing,10420,4,0.0004
16,Ahmedabad,Sourcing,40916,7,0.0002
16,Mumbai,Sourcing,373688,6,0
16,Bhimavaram,Pod,770,10,0.013
16,Patiala,Pod,3605,9,0.0025
16,Vizianagaram,Sourcing,1048,3,0.0029
16,Gwalior,Sourcing,3570,1,0.0003
16,Thrissur,Sourcing,23146,1,0
16,Jamshedpur,Sourcing,3609,2,0.0006
16,Lonavla,CX,756,2,0.0026
16,Kollam,Pod,9236,5,0.0005
16,Nanded,Sourcing,915,1,0.0011
16,Guwahati,WH,10052,2,0.0002
16,Hubli,Sourcing,3334,1,0.0003
16,Manipal,Sourcing,6573,1,0.0002
16,Warangal,Sourcing,8849,2,0.0002
16,Kottayam,Sourcing,5807,1,0.0002
16,Dehradun,Pod,11068,74,0.0067
16,Jaipur,CX,26635,76,0.0029
16,Gurgaon,CX,93380,285,0.0031
16,Pune,Pod,186301,9,0
16,Raipur,CX,5165,17,0.0033
16,Warangal,Sourcing,8849,24,0.0027
16,Tirupati,Sourcing,11755,5,0.0004
16,Jaipur,Sourcing,26635,42,0.0016
16,Dibrugarh,CX,2587,14,0.0054
16,Thiruvallur,Sourcing,2335,3,0.0013
16,Dehradun,Sourcing,11068,5,0.0005
16,Nanded,Pod,915,3,0.0033
16,Ranchi,Pod,6026,4,0.0007
16,Thiruvalla,Sourcing,4192,1,0.0002
16,Vapi,Pod,3828,1,0.0003
16,Tirupati,Sourcing,11755,1,0.0001
16,Roorkee,Pod,1277,1,0.0008
16,Thoothukudi,WH,5001,1,0.0002
16,Thanjavur,Pod,5612,1,0.0002
16,Karaikkudi,Pod,2516,1,0.0004
16,Nashik,Pod,7499,38,0.0051
16,Mysore,Sourcing,21587,19,0.0009
16,Noida,Sourcing,22686,58,0.0026
16,Indore,Sourcing,16978,20,0.0012
16,Nashik,Pod,7499,10,0.0013
16,Vizag,Sourcing,24802,7,0.0003
16,Ludhiana,Pod,8064,13,0.0016
16,Vizag,Pod,24802,14,0.0006
16,Raipur,Pod,5165,4,0.0008
16,Kakinada,WH,3855,2,0.0005
16,Kolkata,Sourcing,109402,11,0.0001
16,Varanasi,Pod,10477,5,0.0005
16,Rajahmundry,Sourcing,4149,2,0.0005
16,Udaipur,Sourcing,5493,6,0.0011
16,Karimnagar,Sourcing,3651,1,0.0003
16,Ongole,WH,1030,1,0.001
16,Anand,Pod,961,1,0.001
16,Jalandhar,Sourcing,2142,2,0.0009
16,Amritsar,Sourcing,3126,1,0.0003
16,Mumbai,Pod,373688,32,0.0001
16,Chennai,Sourcing,271821,332,0.0012
16,Tirunelveli,CX,5428,8,0.0015
16,Warangal,Pod,8849,59,0.0067
16,Agra,CX,1821,6,0.0033
16,Kurnool,CX,6468,24,0.0037
16,Patna,Sourcing,15191,26,0.0017
16,Karaikkudi,Pod,2516,12,0.0048
16,Vellore,CX,6914,6,0.0009
16,Bhilai,Pod,940,16,0.017
16,Kolkata,Pod,109402,228,0.0021
16,Noida,Pod,22686,4,0.0002
16,Shivamogga,Pod,3541,14,0.004
16,Thiruvananthapuram,Sourcing,44378,6,0.0001
16,Kochi,Pod,92577,5,0.0001
16,Gorakhpur,Sourcing,2712,5,0.0018
16,Vizag,Pod,24802,4,0.0002
16,Coimbatore,Pod,35960,2,0.0001
16,Kota,Pod,3117,4,0.0013
16,Vadodara,WH,10595,3,0.0003
16,Eluru,Sourcing,1250,3,0.0024
16,Guntur,Pod,11250,1,0.0001
16,Nashik,Sourcing,7499,1,0.0001
16,Thiruvalla,Pod,4192,1,0.0002
16,Nizamabad,Sourcing,795,2,0.0025
16,Delhi,Sourcing,179694,207,0.0012
16,Delhi,Pod,179694,1609,0.009
16,Guntur,Pod,11250,90,0.008
16,Kochi,Pod,92577,446,0.0048
16,Noida,CX,22686,78,0.0034
16,Trichy,CX,10126,21,0.0021
16,Anantapur,CX,4136,8,0.0019
16,Surat,Sourcing,12678,5,0.0004
16,Kurnool,Sourcing,6468,12,0.0019
16,Thiruvallur,Pod,2335,17,0.0073
16,Ranchi,WH,6026,4,0.0007
16,Vijayawada,WH,18920,12,0.0006
16,Shivamogga,Sourcing,3541,3,0.0008
16,Hyderabad,Pod,368241,42,0.0001
16,Tirupur,WH,5904,6,0.001
16,Nashik,Pod,7499,3,0.0004
16,Bangalore,Pod,667035,11,0
16,Siliguri,Sourcing,3534,1,0.0003
16,Latur,Sourcing,1053,1,0.001
16,Belgaum,WH,3518,1,0.0003
16,Jaipur,Pod,26635,1,0
16,Guntur,Sourcing,11250,4,0.0004
16,Vizag,Sourcing,24802,1,0
16,Ambala,Pod,2024,1,0.0005
16,Coimbatore,Pod,35960,15,0.0004
16,Delhi,WH,179694,55,0.0003
16,Coimbatore,Pod,35960,229,0.0064
16,Kolkata,CX,109402,212,0.0019
16,Thiruvananthapuram,Sourcing,44378,35,0.0008
16,Manipal,Pod,6573,19,0.0029
16,Mangaluru,Sourcing,20172,23,0.0011
16,Rohtak,Pod,2650,21,0.0079
16,Kolkata,Sourcing,109402,117,0.0011
16,Ludhiana,Sourcing,8064,10,0.0012
16,Thoothukudi,Pod,5001,19,0.0038
16,Cuttack,Pod,4014,11,0.0027
16,Kolkata,WH,109402,30,0.0003
16,Madurai,Pod,11626,11,0.0009
16,Jabalpur,Pod,2965,11,0.0037
16,Mysore,WH,21587,11,0.0005
16,Davanagere,Sourcing,1670,2,0.0012
16,Kottayam,WH,5807,2,0.0003
16,Madurai,Sourcing,11626,3,0.0003
16,Allahabad,Sourcing,2509,1,0.0004
16,Thiruvallur,Sourcing,2335,1,0.0004
16,Raipur,Sourcing,5165,1,0.0002
16,Vapi,Sourcing,3828,2,0.0005
16,Ajmer,Pod,1761,1,0.0006
16,Mathura,Sourcing,1230,1,0.0008
16,Gurgaon,Sourcing,93380,71,0.0008
16,Kolkata,Pod,109402,497,0.0045
16,Ahmedabad,Pod,40916,307,0.0075
16,Kochi,Sourcing,92577,94,0.001
16,Faridabad,CX,13022,54,0.0041
16,Raipur,Pod,5165,45,0.0087
16,Karimnagar,Pod,3651,29,0.0079
16,Guwahati,Pod,10052,97,0.0097
16,Palakkad,Sourcing,4296,4,0.0009
16,Noida 1,Sourcing,69129,95,0.0014
16,Udaipur,Pod,5493,33,0.006
16,Vellore,Sourcing,6914,4,0.0006
16,Indore,WH,16978,11,0.0006
16,Silchar,Pod,3679,21,0.0057
16,Udaipur,Pod,5493,7,0.0013
16,Bangalore,Sourcing,667035,147,0.0002
16,Raipur,WH,5165,3,0.0006
16,Rudrapur,Pod,1105,5,0.0045
16,Vellore,WH,6914,5,0.0007
16,Silchar,CX,3679,7,0.0019
16,Rohtak,CX,2650,6,0.0023
16,Madurai,WH,11626,9,0.0008
16,Bilaspur,CX,1135,3,0.0026
16,Saharanpur,Pod,686,2,0.0029
16,Nagpur,Sourcing,10895,2,0.0002
16,Davanagere,Sourcing,1670,1,0.0006
16,Eluru,Pod,1250,2,0.0016
16,Vadodara,WH,10595,4,0.0004
16,Kanchipuram,Sourcing,2920,1,0.0003
16,Bhubaneswar,Sourcing,35429,1,0
16,Sri Ganganagar,Pod,2241,1,0.0004
16,Muzaffarpur,WH,886,1,0.0011
16,Meerut,Pod,5477,1,0.0002
16,Ranchi,Pod,6026,42,0.007
16,Hyderabad,WH,368241,180,0.0005
16,Bangalore,Pod,667035,1047,0.0016
16,Madurai,Pod,11626,7,0.0006
16,Vizag,WH,24802,14,0.0006
16,Tirupur,Pod,5904,24,0.0041
16,Salem,Pod,7608,22,0.0029
16,Kollam,Pod,9236,22,0.0024
16,Amritsar,CX,3126,8,0.0026
16,Sri Ganganagar,Pod,2241,17,0.0076
16,Jaipur,WH,26635,6,0.0002
16,Panipat,CX,2932,10,0.0034
16,Shivamogga,Sourcing,3541,5,0.0014
16,Sonipat,Pod,1269,4,0.0032
16,Khammam,Sourcing,5349,3,0.0006
16,Bhimavaram,CX,770,3,0.0039
16,Vijayawada,Pod,18920,4,0.0002
16,Thanjavur,Pod,5612,2,0.0004
16,Panipat,Sourcing,2932,3,0.001
16,Udaipur,Sourcing,5493,4,0.0007
16,Thoothukudi,Pod,5001,2,0.0004
16,Vizianagaram,Pod,1048,1,0.001
16,Raipur,Sourcing,5165,1,0.0002
16,Nagpur,Pod,10895,2,0.0002
16,Bhopal,Sourcing,10420,1,0.0001
16,Jabalpur,Sourcing,2965,1,0.0003
16,Aligarh,Sourcing,2273,1,0.0004
16,Gurgaon,Sourcing,93380,224,0.0024
16,Thoothukudi,CX,5001,8,0.0016
16,Rohtak,Sourcing,2650,8,0.003
16,Jamshedpur,Pod,3609,26,0.0072
16,Thiruvalla,WH,4192,2,0.0005
16,Noida,WH,22686,16,0.0007
16,Tumakuru,Pod,3230,7,0.0022
16,Ranchi,Sourcing,6026,5,0.0008
16,Kozhikode,WH,14297,9,0.0006
16,Thiruvallur,CX,2335,6,0.0026
16,Ongole,Sourcing,1030,3,0.0029
16,Thrissur,Pod,23146,8,0.0003
16,Kakinada,Pod,3855,3,0.0008
16,Jaipur,Sourcing,26635,1,0
16,Palakkad,Sourcing,4296,2,0.0005
16,Aligarh,Pod,2273,2,0.0009
16,Nellore,WH,5739,1,0.0002
16,Chandigarh,CX,46726,180,0.0039
16,Hyderabad,CX,368241,1532,0.0042
16,Kolkata,Sourcing,109402,88,0.0008
16,Mangaluru,Sourcing,20172,16,0.0008
16,Jalandhar,Pod,2142,13,0.0061
16,Gurgaon,WH,93380,38,0.0004
16,Central Goa,Pod,37500,12,0.0003
16,Guntur,Sourcing,11250,10,0.0009
16,Rajkot,Pod,4667,29,0.0062
16,Chandigarh,Pod,46726,28,0.0006
16,Kochi,Sourcing,92577,9,0.0001
16,Jamshedpur,CX,3609,8,0.0022
16,Vijayawada,Sourcing,18920,23,0.0012
16,Noida 1,WH,69129,21,0.0003
16,Vijayawada,Sourcing,18920,13,0.0007
16,Kollam,Sourcing,9236,6,0.0007
16,Vapi,Sourcing,3828,3,0.0008
16,Raipur,WH,5165,8,0.0015
16,Ranchi,Pod,6026,4,0.0007
16,Nagpur,WH,10895,5,0.0005
16,Cuttack,CX,4014,2,0.0005
16,Kota,CX,3117,6,0.0019
16,Chennai,Pod,271821,6,0
16,Saharanpur,Pod,686,2,0.0029
16,Patiala,Sourcing,3605,1,0.0003
16,Moradabad,Sourcing,2221,2,0.0009
16,Kochi,Pod,92577,2,0
16,Lonavla,Pod,756,1,0.0013
16,Karaikkudi,WH,2516,1,0.0004
16,Nagercoil,Pod,3794,1,0.0003
16,Nellore,Sourcing,5739,1,0.0002
16,Kurnool,WH,6468,1,0.0002
16,Vapi,WH,3828,1,0.0003
16,Lucknow,Sourcing,16046,1,0.0001
16,Mathura,WH,1230,1,0.0008
16,Kozhikode,Sourcing,14297,1,0.0001
16,Dehradun,WH,11068,2,0.0002
16,Panipat,Pod,2932,22,0.0075
16,Raipur,Sourcing,5165,12,0.0023
16,Thiruvananthapuram,Pod,44378,46,0.001
16,Allahabad,Pod,2509,13,0.0052
16,Tirunelveli,Pod,5428,19,0.0035
16,Kakinada,CX,3855,10,0.0026
16,Manipal,Pod,6573,7,0.0011
16,Indore,Sourcing,16978,13,0.0008
16,Erode,Pod,4215,16,0.0038
16,Varanasi,Sourcing,10477,10,0.001
16,Kurnool,Sourcing,6468,12,0.0019
16,Ranchi,Sourcing,6026,4,0.0007
16,Kolhapur,CX,2123,5,0.0024
16,Lucknow,WH,16046,6,0.0004
16,Bhubaneswar,WH,35429,3,0.0001
16,Nagercoil,Sourcing,3794,3,0.0008
16,Thoothukudi,Sourcing,5001,8,0.0016
16,Thiruvananthapuram,Pod,44378,4,0.0001
16,Jabalpur,WH,2965,2,0.0007
16,Bathinda,CX,1095,3,0.0027
16,Manipal,Pod,6573,1,0.0002
16,Anand,WH,961,1,0.001
16,Dehradun,Sourcing,11068,1,0.0001
16,Ongole,Sourcing,1030,1,0.001
16,Ujjain,Sourcing,2065,1,0.0005
16,Rajahmundry,Sourcing,4149,1,0.0002
16,Sri Ganganagar,Sourcing,2241,1,0.0004
16,Manipal,WH,6573,1,0.0002
16,Jodhpur,Pod,1793,1,0.0006
16,Hubli,Sourcing,3334,1,0.0003
16,Hyderabad,Sourcing,368241,660,0.0018
16,Thrissur,Pod,23146,36,0.0016
16,Warangal,WH,8849,5,0.0006
16,Central Goa,Pod,37500,239,0.0064
16,Vizag,WH,24802,4,0.0002
16,Kozhikode,WH,14297,5,0.0004
16,Nellore,Pod,5739,30,0.0052
16,Kolkata,WH,109402,16,0.0001
16,Madurai,WH,11626,4,0.0003
16,Ranchi,Pod,6026,2,0.0003
16,Chandigarh,Sourcing,46726,14,0.0003
16,Dibrugarh,Pod,2587,3,0.0012
16,Mysore,Sourcing,21587,3,0.0001
16,Hyderabad,Pod,368241,90,0.0002
16,Noida,Sourcing,22686,26,0.0011
16,Bilaspur,Sourcing,1135,2,0.0018
16,Bhubaneswar,Pod,35429,4,0.0001
16,Tirupati,Pod,11755,5,0.0004
16,Nagpur,Sourcing,10895,12,0.0011
16,Surat,Sourcing,12678,6,0.0005
16,Meerut,Sourcing,5477,3,0.0005
16,Bhilai,Sourcing,940,1,0.0011
16,Pune,Pod,186301,2,0
16,Manipal,Pod,6573,1,0.0002
16,Dehradun,Pod,11068,1,0.0001
16,Meerut,Sourcing,5477,1,0.0002
16,Kannur,Pod,1915,1,0.0005
16,Aurangabad,WH,3458,1,0.0003
16,Siliguri,WH,3534,1,0.0003
16,Anantapur,Sourcing,4136,1,0.0002
16,Chandigarh,WH,46726,14,0.0003
16,Vizag,Pod,24802,121,0.0049
16,Jabalpur,CX,2965,5,0.0017
16,Pune,Pod,186301,23,0.0001
16,Trichy,WH,10126,5,0.0005
16,Chandigarh,Sourcing,46726,62,0.0013
16,Karnal,Pod,1250,16,0.0128
16,Udaipur,WH,5493,6,0.0011
16,Varanasi,Sourcing,10477,4,0.0004
16,Varanasi,Sourcing,10477,7,0.0007
16,Tirupati,Sourcing,11755,18,0.0015
16,Khammam,Sourcing,5349,6,0.0011
16,Guwahati,Sourcing,10052,3,0.0003
16,Siliguri,Pod,3534,13,0.0037
16,Nagercoil,Pod,3794,12,0.0032
16,Chennai,WH,271821,45,0.0002
16,Silchar,Pod,3679,4,0.0011
16,Warangal,Pod,8849,2,0.0002
16,Jaipur,Pod,26635,3,0.0001
16,Muzaffarpur,Sourcing,886,3,0.0034
16,Lonavla,Pod,756,4,0.0053
16,Jamshedpur,Sourcing,3609,2,0.0006
16,Tumakuru,WH,3230,1,0.0003
16,Thiruvalla,CX,4192,1,0.0002
16,Silchar,Sourcing,3679,1,0.0003
16,Ajmer,Sourcing,1761,1,0.0006
16,Salem,Pod,7608,2,0.0003
16,Nagercoil,WH,3794,1,0.0003
16,Faridabad,Sourcing,13022,2,0.0002
16,Lucknow,Pod,16046,1,0.0001
16,Lucknow,Pod,16046,50,0.0031
16,Pune,Sourcing,186301,70,0.0004
16,Surat,Pod,12678,56,0.0044
16,Aurangabad,Sourcing,3458,3,0.0009
16,Kochi,WH,92577,19,0.0002
16,Dehradun,WH,11068,5,0.0005
16,Eluru,Pod,1250,19,0.0152
16,Guntur,CX,11250,36,0.0032
16,Dibrugarh,Pod,2587,21,0.0081
16,Salem,Sourcing,7608,4,0.0005
16,Kochi,WH,92577,8,0.0001
16,Patiala,Pod,3605,15,0.0042
16,Thrissur,WH,23146,3,0.0001
16,Mangaluru,Pod,20172,8,0.0004
16,Gwalior,Sourcing,3570,4,0.0011
16,Erode,CX,4215,7,0.0017
16,Salem,Sourcing,7608,3,0.0004
17,Ludhiana,WH,9973,2,0.0002
17,Palakkad,WH,4497,1,0.0002
17,Saharanpur,Sourcing,671,1,0.0015
17,Ongole,WH,1320,1,0.0008
17,Siliguri,Sourcing,3805,2,0.0005
17,Tirunelveli,Pod,5593,1,0.0002
17,Berhampur,CX,1744,1,0.0006
17,Bilaspur,Sourcing,1262,1,0.0008
17,Central Goa,Pod,36317,268,0.0074
17,Mumbai,Pod,349401,68,0.0002
17,Thrissur,Pod,23979,38,0.0016
17,Bhopal,Pod,10167,90,0.0089
17,Mysore,Pod,22220,36,0.0016
17,Tirupati,Pod,12149,15,0.0012
17,Sonipat,Pod,1264,4,0.0032
17,Manipal,Pod,7185,10,0.0014
17,Trichy,WH,10165,8,0.0008
17,Panipat,Sourcing,3246,3,0.0009
17,Hyderabad,Sourcing,348218,23,0.0001
17,Kollam,CX,9257,2,0.0002
17,Nagpur,Pod,11053,5,0.0005
17,Raipur,Pod,5235,3,0.0006
17,Trichy,Pod,10165,9,0.0009
17,Gorakhpur,Sourcing,2946,1,0.0003
17,Nizamabad,WH,795,1,0.0013
17,Kakinada,Pod,3759,1,0.0003
17,Lonavla,WH,719,1,0.0014
17,Kollam,WH,9257,1,0.0001
17,Indore,Pod,17318,1,0.0001
17,Guwahati,Pod,9883,114,0.0115
17,Gurgaon,Pod,94130,67,0.0007
17,Delhi,WH,181120,86,0.0005
17,Vijayawada,Pod,18099,96,0.0053
17,Gurgaon,WH,94130,42,0.0004
17,Agra,CX,2010,5,0.0025
17,Meerut,Pod,5216,37,0.0071
17,Mangaluru,Sourcing,19899,22,0.0011
17,Ranchi,CX,7671,21,0.0027
17,Mangaluru,Pod,19899,80,0.004
17,Jaipur,Sourcing,27201,70,0.0026
17,Udaipur,WH,5568,5,0.0009
17,Dehradun,Pod,11690,2,0.0002
17,Coimbatore,Sourcing,32933,7,0.0002
17,Bhimavaram,CX,710,2,0.0028
17,Aurangabad,CX,3175,4,0.0013
17,Kakinada,WH,3759,3,0.0008
17,Davanagere,CX,1855,9,0.0049
17,Jaipur,Sourcing,27201,5,0.0002
17,Shivamogga,WH,3494,3,0.0009
17,Lucknow,Sourcing,20105,3,0.0001
17,Thanjavur,Pod,6014,2,0.0003
17,Moradabad,WH,2798,1,0.0004
17,Rudrapur,Sourcing,1202,1,0.0008
17,Hubli,Sourcing,3358,1,0.0003
17,Chennai,Pod,251331,48,0.0002
17,Siliguri,Sourcing,3805,1,0.0003
17,Agra,Pod,2010,1,0.0005
17,Rudrapur,Sourcing,1202,1,0.0008
17,Kolkata,Pod,99720,436,0.0044
17,Allahabad,Pod,2293,25,0.0109
17,Chennai,WH,251331,92,0.0004
17,Chandigarh,WH,46077,15,0.0003
17,Bhubaneswar,CX,33441,51,0.0015
17,Kakinada,CX,3759,12,0.0032
17,Madurai,Pod,11439,8,0.0007
17,Vellore,Pod,7949,21,0.0026
17,Vizag,CX,22086,54,0.0024
17,Vizag,Sourcing,22086,17,0.0008
17,Nellore,Sourcing,5542,2,0.0004
17,Lucknow,Pod,20105,4,0.0002
17,Nashik,Sourcing,5979,2,0.0003
17,Kozhikode,Sourcing,14658,3,0.0002
17,Ongole,Sourcing,1320,2,0.0015
17,Coimbatore,Pod,32933,1,0
17,Sonipat,WH,1264,1,0.0008
17,Bhimavaram,WH,710,1,0.0014
17,Karaikkudi,Sourcing,2644,1,0.0004
17,Patiala,Sourcing,4316,1,0.0002
17,Muzaffarpur,WH,870,1,0.0011
17,Bathinda,CX,1106,1,0.0009
17,Shivamogga,Sourcing,3494,1,0.0003
17,Meerut,Sourcing,5216,1,0.0002
17,Mumbai,Sourcing,349401,394,0.0011
17,Pune,CX,172244,635,0.0037
17,Jaipur,CX,27201,118,0.0043
17,Karimnagar,Pod,3454,14,0.0041
17,Mangaluru,Pod,19899,39,0.002
17,Ranchi,Pod,7671,68,0.0089
17,Pune,Sourcing,172244,267,0.0016
17,Bangalore,Sourcing,624776,122,0.0002
17,Bhopal,WH,10167,7,0.0007
17,Mysore,Sourcing,22220,17,0.0008
17,Gwalior,Sourcing,4058,7,0.0017
17,Saharanpur,Pod,671,4,0.006
17,Surat,WH,12429,7,0.0006
17,Jaipur,WH,27201,11,0.0004
17,Thiruvananthapuram,Pod,45061,7,0.0002
17,Vapi,Sourcing,3792,5,0.0013
17,Aligarh,Sourcing,2768,3,0.0011
17,Patiala,Sourcing,4316,6,0.0014
17,Roorkee,Sourcing,1283,4,0.0031
17,Latur,Pod,990,1,0.001
17,Bikaner,CX,1297,2,0.0015
17,Hyderabad,Pod,348218,3687,0.0106
17,Mysore,Sourcing,22220,26,0.0012
17,Noida 1,Pod,71252,172,0.0024
17,Vijayawada,Sourcing,18099,10,0.0006
17,Nagpur,Pod,11053,60,0.0054
17,Mathura,Sourcing,1373,4,0.0029
17,Gorakhpur,Pod,2946,22,0.0075
17,Chennai,Sourcing,251331,66,0.0003
17,Amritsar,Sourcing,3541,7,0.002
17,Latur,Pod,990,7,0.0071
17,Karnal,Pod,1275,15,0.0118
17,Alappuzha,Sourcing,3835,3,0.0008
17,Thrissur,CX,23979,11,0.0005
17,Latur,Sourcing,990,3,0.003
17,Kakinada,Sourcing,3759,2,0.0005
17,Rajahmundry,Sourcing,4114,6,0.0015
17,Lonavla,Pod,719,2,0.0028
17,Bilaspur,CX,1262,1,0.0008
17,Ajmer,Sourcing,1905,1,0.0005
17,Latur,Sourcing,990,1,0.001
17,Gorakhpur,WH,2946,1,0.0003
17,Kurnool,Pod,6062,1,0.0002
17,Faridabad,Pod,12006,1,0.0001
17,Guntur,Sourcing,11050,2,0.0002
17,Lonavla,Sourcing,719,1,0.0014
17,Dehradun,Sourcing,11690,1,0.0001
17,Chennai,CX,251331,955,0.0038
17,Bangalore,Pod,624776,162,0.0003
17,Faridabad,Pod,12006,174,0.0145
17,Mysore,Pod,22220,90,0.0041
17,Faridabad,CX,12006,61,0.0051
17,Ongole,Pod,1320,5,0.0038
17,Manipal,Pod,7185,31,0.0043
17,Karur,Pod,3244,16,0.0049
17,Noida,WH,23231,4,0.0002
17,Faridabad,Sourcing,12006,30,0.0025
17,Bhopal,Sourcing,10167,6,0.0006
17,Vizag,Sourcing,22086,26,0.0012
17,Moradabad,Sourcing,2798,7,0.0025
17,Ranchi,WH,7671,4,0.0005
17,Tirupur,Pod,6318,5,0.0008
17,Vellore,Sourcing,7949,2,0.0003
17,Sri Ganganagar,Sourcing,2260,3,0.0013
17,Trichy,Sourcing,10165,4,0.0004
17,Thoothukudi,Sourcing,5144,4,0.0008
17,Thanjavur,Pod,6014,1,0.0002
17,Allahabad,Pod,2293,2,0.0009
17,Raipur,Sourcing,5235,2,0.0004
17,Jamshedpur,Sourcing,3760,2,0.0005
17,Silchar,Sourcing,3594,1,0.0003
17,Alappuzha,Pod,3835,1,0.0003
17,Alappuzha,Sourcing,3835,1,0.0003
17,Pune,Sourcing,172244,53,0.0003
17,Guntur,WH,11050,5,0.0005
17,Anand,Pod,914,8,0.0088
17,Warangal,WH,8782,7,0.0008
17,Gwalior,Pod,4058,35,0.0086
17,Vizag,WH,22086,7,0.0003
17,Kolkata,Pod,99720,20,0.0002
17,Noida 1,Pod,71252,18,0.0003
17,Tumakuru,CX,3411,5,0.0015
17,Bhubaneswar,Pod,33441,3,0.0001
17,Jodhpur,CX,1790,7,0.0039
17,Bikaner,Pod,1297,2,0.0015
17,Tirupur,Sourcing,6318,2,0.0003
17,Vellore,WH,7949,1,0.0001
17,Shivamogga,Pod,3494,1,0.0003
17,Allahabad,Sourcing,2293,1,0.0004
17,Mysore,CX,22220,51,0.0023
17,Bangalore,WH,624776,481,0.0008
17,Mumbai,Sourcing,349401,425,0.0012
17,Pune,Sourcing,172244,36,0.0002
17,Lucknow,CX,20105,16,0.0008
17,Thanjavur,Pod,6014,19,0.0032
17,Kakinada,Sourcing,3759,5,0.0013
17,Patna,Sourcing,19297,5,0.0003
17,Nagpur,Pod,11053,20,0.0018
17,Kanchipuram,WH,3119,2,0.0006
17,Thiruvalla,Sourcing,4073,6,0.0015
17,Bathinda,Sourcing,1106,7,0.0063
17,Karnal,Sourcing,1275,3,0.0024
17,Sonipat,Sourcing,1264,4,0.0032
17,Rohtak,Pod,2812,1,0.0004
17,Thiruvalla,Sourcing,4073,1,0.0002
17,Pune,Sourcing,172244,1,0
17,Guwahati,Sourcing,9883,1,0.0001
17,Tirupur,Sourcing,6318,2,0.0003
17,Ahmedabad,Pod,38005,337,0.0089
17,Vapi,CX,3792,20,0.0053
17,Chennai,Pod,251331,26,0.0001
17,Vadodara,Pod,10228,8,0.0008
17,Madurai,Sourcing,11439,4,0.0004
17,Ambala,Sourcing,2037,2,0.001
17,Dehradun,Sourcing,11690,3,0.0003
17,Tirupur,Sourcing,6318,2,0.0003
17,Ujjain,Sourcing,2179,5,0.0023
17,Salem,Pod,7054,1,0.0001
17,Tirunelveli,WH,5593,1,0.0002
17,Thoothukudi,Pod,5144,1,0.0002
17,Manipal,WH,7185,2,0.0003
17,Dehradun,CX,11690,46,0.0039
17,Warangal,Pod,8782,79,0.009
17,Berhampur,Pod,1744,12,0.0069
17,Noida,CX,23231,88,0.0038
17,Rajahmundry,Pod,4114,12,0.0029
17,Mysore,WH,22220,15,0.0007
17,Thoothukudi,WH,5144,6,0.0012
17,Nellore,Pod,5542,37,0.0067
17,Kottayam,Sourcing,5793,5,0.0009
17,Salem,Sourcing,7054,7,0.001
17,Jaipur,WH,27201,5,0.0002
17,Kollam,Pod,9257,6,0.0006
17,Mathura,Pod,1373,2,0.0015
17,Berhampur,Sourcing,1744,2,0.0011
17,Guntur,WH,11050,2,0.0002
17,Sonipat,Pod,1264,3,0.0024
17,Belgaum,Pod,4006,1,0.0003
17,Rajkot,Pod,4431,2,0.0005
17,Aurangabad,WH,3175,1,0.0003
17,Moradabad,Pod,2798,14,0.005
17,Pondicherry,CX,12174,36,0.003
17,Lucknow,Sourcing,20105,17,0.0008
17,Aurangabad,Pod,3175,30,0.0094
17,Ongole,Sourcing,1320,3,0.0023
17,Ludhiana,Sourcing,9973,9,0.0009
17,Kollam,Pod,9257,13,0.0014
17,Gurgaon,Pod,94130,21,0.0002
17,Kurnool,CX,6062,17,0.0028
17,Jabalpur,Sourcing,3417,5,0.0015
17,Kanpur,Sourcing,3840,2,0.0005
17,Gwalior,Sourcing,4058,3,0.0007
17,Jabalpur,WH,3417,3,0.0009
17,Surat,WH,12429,3,0.0002
17,Bilaspur,Pod,1262,10,0.0079
17,Udaipur,Sourcing,5568,2,0.0004
17,Madurai,WH,11439,2,0.0002
17,Salem,WH,7054,1,0.0001
17,Jaipur,Sourcing,27201,1,0
17,Karur,WH,3244,1,0.0003
17,Mumbai,CX,349401,879,0.0025
17,Noida 1,Sourcing,71252,140,0.002
17,Madurai,Pod,11439,44,0.0038
17,Shivamogga,CX,3494,18,0.0052
17,Vizag,Pod,22086,17,0.0008
17,Indore,Sourcing,17318,45,0.0026
17,Vadodara,Pod,10228,76,0.0074
17,Kurnool,Pod,6062,29,0.0048
17,Warangal,CX,8782,42,0.0048
17,Chennai,WH,251331,32,0.0001
17,Vellore,Sourcing,7949,8,0.001
17,Bhimavaram,Pod,710,6,0.0085
17,Aligarh,WH,2768,3,0.0011
17,Eluru,Pod,1140,10,0.0088
17,Thrissur,WH,23979,5,0.0002
17,Sri Ganganagar,Pod,2260,21,0.0093
17,Kochi,Sourcing,92770,22,0.0002
17,Rajahmundry,WH,4114,2,0.0005
17,Meerut,Sourcing,5216,17,0.0033
17,Belgaum,Sourcing,4006,2,0.0005
17,Nanded,Pod,896,2,0.0022
17,Lonavla,Sourcing,719,1,0.0014
17,Patiala,Pod,4316,1,0.0002
17,Khammam,Sourcing,5314,1,0.0002
17,Eluru,Sourcing,1140,1,0.0009
17,Bhopal,Sourcing,10167,5,0.0005
17,Kottayam,WH,5793,1,0.0002
17,Surat,Sourcing,12429,1,0.0001
17,Aligarh,Pod,2768,63,0.0228
17,Tirupati,CX,12149,38,0.0031
17,Khammam,CX,5314,13,0.0024
17,Udaipur,Pod,5568,40,0.0072
17,Tirupur,WH,6318,8,0.0013
17,Nagpur,CX,11053,37,0.0033
17,Thiruvallur,Sourcing,2542,6,0.0024
17,Thanjavur,WH,6014,8,0.0013
17,Ongole,CX,1320,4,0.003
17,Davanagere,Pod,1855,11,0.0059
17,Mathura,CX,1373,20,0.0146
17,Nizamabad,CX,795,3,0.0038
17,Kozhikode,CX,14658,11,0.0008
17,Thiruvalla,WH,4073,2,0.0005
17,Ranchi,Pod,7671,5,0.0007
17,Salem,Pod,7054,4,0.0006
17,Kota,Sourcing,3408,5,0.0015
17,Sri Ganganagar,Sourcing,2260,2,0.0009
17,Muzaffarpur,Sourcing,870,1,0.0011
17,Moradabad,Sourcing,2798,2,0.0007
17,Raipur,WH,5235,1,0.0002
17,Cuttack,Pod,3796,1,0.0003
17,Pune,Pod,172244,1883,0.0109
17,Pondicherry,Pod,12174,73,0.006
17,Ajmer,Pod,1905,12,0.0063
17,Gorakhpur,CX,2946,9,0.0031
17,Chennai,Sourcing,251331,68,0.0003
17,Salem,CX,7054,7,0.001
17,Dehradun,Sourcing,11690,13,0.0011
17,Bhubaneswar,WH,33441,8,0.0002
17,Guwahati,Sourcing,9883,10,0.001
17,Coimbatore,WH,32933,7,0.0002
17,Thiruvananthapuram,Pod,45061,37,0.0008
17,Chandigarh,WH,46077,3,0.0001
17,Guwahati,Sourcing,9883,3,0.0003
17,Ahmedabad,WH,38005,9,0.0002
17,Siliguri,CX,3805,5,0.0013
17,Tumakuru,WH,3411,2,0.0006
17,Mangaluru,Sourcing,19899,1,0.0001
17,Amravati,Pod,1008,1,0.001
17,Guntur,Pod,11050,3,0.0003
17,Eluru,CX,1140,5,0.0044
17,Erode,Sourcing,4326,1,0.0002
17,Nashik,WH,5979,1,0.0002
17,Rajkot,WH,4431,1,0.0002
17,Moradabad,WH,2798,1,0.0004
17,Rudrapur,CX,1202,1,0.0008
17,Thiruvananthapuram,Sourcing,45061,27,0.0006
17,Karimnagar,Pod,3454,2,0.0006
17,Surat,Sourcing,12429,9,0.0007
17,Patiala,Pod,4316,4,0.0009
17,Tirupur,Pod,6318,35,0.0055
17,Rajkot,CX,4431,7,0.0016
17,Kota,Sourcing,3408,16,0.0047
17,Siliguri,Pod,3805,20,0.0053
17,Ludhiana,CX,9973,20,0.002
17,Rajkot,Sourcing,4431,6,0.0014
17,Ahmedabad,WH,38005,8,0.0002
17,Kanpur,CX,3840,5,0.0013
17,Manipal,CX,7185,7,0.001
17,Pondicherry,Sourcing,12174,3,0.0002
17,Mathura,Sourcing,1373,4,0.0029
17,Varanasi,Pod,10354,9,0.0009
17,Karnal,WH,1275,2,0.0016
17,Guwahati,Pod,9883,2,0.0002
17,Karur,Pod,3244,1,0.0003
17,Vijayawada,Pod,18099,1,0.0001
17,Udaipur,Sourcing,5568,2,0.0004
17,Latur,Pod,990,1,0.001
17,Bikaner,Sourcing,1297,2,0.0015
17,Delhi,Sourcing,181120,474,0.0026
17,Bangalore,Sourcing,624776,760,0.0012
17,Lucknow,WH,20105,8,0.0004
17,Mangaluru,WH,19899,10,0.0005
17,Tirupati,Sourcing,12149,10,0.0008
17,Vellore,CX,7949,9,0.0011
17,Varanasi,CX,10354,36,0.0035
17,Noida,Sourcing,23231,13,0.0006
17,Kanpur,Pod,3840,21,0.0055
17,Ambala,Pod,2037,12,0.0059
17,Ahmedabad,Sourcing,38005,5,0.0001
17,Trichy,Sourcing,10165,8,0.0008
17,Ranchi,Sourcing,7671,8,0.001
17,Faridabad,Sourcing,12006,3,0.0003
17,Ahmedabad,Pod,38005,6,0.0002
17,Nagpur,Sourcing,11053,2,0.0002
17,Mysore,Sourcing,22220,4,0.0002
17,Tirupati,Pod,12149,2,0.0002
17,Nanded,Sourcing,896,3,0.0033
17,Faridabad,Pod,12006,5,0.0004
17,Kurnool,WH,6062,1,0.0002
17,Ahmedabad,Pod,38005,1,0
17,Agra,Sourcing,2010,1,0.0005
17,Latur,Pod,990,1,0.001
17,Raipur,Pod,5235,43,0.0082
17,Kolkata,Sourcing,99720,121,0.0012
17,Nagpur,Sourcing,11053,16,0.0014
17,Vadodara,CX,10228,20,0.002
17,Guntur,CX,11050,47,0.0043
17,Noida,Sourcing,23231,61,0.0026
17,Vijayawada,CX,18099,59,0.0033
17,Kurnool,Sourcing,6062,11,0.0018
17,Varanasi,Sourcing,10354,9,0.0009
17,Karimnagar,CX,3454,6,0.0017
17,Faridabad,Sourcing,12006,11,0.0009
17,Sri Ganganagar,WH,2260,4,0.0018
17,Noida,Sourcing,23231,38,0.0016
17,Panipat,Pod,3246,8,0.0025
17,Bhilai,CX,1049,2,0.0019
17,Thrissur,Pod,23979,6,0.0003
17,Tirunelveli,Sourcing,5593,4,0.0007
17,Hubli,Sourcing,3358,4,0.0012
17,Sri Ganganagar,Pod,2260,3,0.0013
17,Kollam,WH,9257,5,0.0005
17,Karnal,Pod,1275,1,0.0008
17,Jamshedpur,WH,3760,1,0.0003
17,Vizianagaram,WH,1039,1,0.001
17,Manipal,Sourcing,7185,1,0.0001
17,Ajmer,WH,1905,1,0.0005
17,Gorakhpur,Pod,2946,1,0.0003
17,Patna,WH,19297,12,0.0006
17,Bangalore,Pod,624776,913,0.0015
17,Coimbatore,CX,32933,94,0.0029
17,Mumbai,WH,349401,128,0.0004
17,Lucknow,Pod,20105,23,0.0011
17,Gurgaon,Sourcing,94130,71,0.0008
17,Raipur,CX,5235,21,0.004
17,Ranchi,Sourcing,7671,7,0.0009
17,Varanasi,WH,10354,5,0.0005
17,Nagpur,Sourcing,11053,15,0.0014
17,Vadodara,Sourcing,10228,19,0.0019
17,Pondicherry,Pod,12174,20,0.0016
17,Pune,WH,172244,42,0.0002
17,Silchar,CX,3594,6,0.0017
17,Anantapur,Pod,4077,2,0.0005
17,Manipal,WH,7185,2,0.0003
17,Kochi,WH,92770,5,0.0001
17,Muzaffarpur,CX,870,4,0.0046
17,Kochi,WH,92770,11,0.0001
17,Ongole,Pod,1320,2,0.0015
17,Bareilly,Sourcing,1323,2,0.0015
17,Amravati,WH,1008,1,0.001
17,Nellore,WH,5542,1,0.0002
17,Amritsar,Pod,3541,2,0.0006
17,Jamshedpur,WH,3760,1,0.0003
17,Roorkee,Sourcing,1283,1,0.0008
17,Thiruvalla,Sourcing,4073,1,0.0002
17,Bangalore,Sourcing,624776,769,0.0012
17,Mysore,Sourcing,22220,31,0.0014
17,Patna,CX,19297,65,0.0034
17,Shivamogga,Pod,3494,16,0.0046
17,Meerut,Pod,5216,12,0.0023
17,Indore,Pod,17318,4,0.0002
17,Kakinada,Pod,3759,32,0.0085
17,Trichy,Pod,10165,50,0.0049
17,Nagercoil,Pod,3935,12,0.0031
17,Kochi,Pod,92770,7,0.0001
17,Dibrugarh,CX,2661,14,0.0053
17,Patna,Sourcing,19297,39,0.002
17,Panipat,Sourcing,3246,8,0.0025
17,Madurai,WH,11439,7,0.0006
17,Cuttack,CX,3796,3,0.0008
17,Jabalpur,CX,3417,7,0.002
17,Shivamogga,Sourcing,3494,4,0.0011
17,Chandigarh,Sourcing,46077,9,0.0002
17,Kanpur,WH,3840,2,0.0005
17,Kolhapur,CX,2117,3,0.0014
17,Gwalior,CX,4058,9,0.0022
17,Nagercoil,Pod,3935,2,0.0005
17,Nashik,WH,5979,3,0.0005
17,Vapi,Sourcing,3792,2,0.0005
17,Latur,Sourcing,990,1,0.001
17,Thiruvananthapuram,Pod,45061,1,0
17,Kollam,Pod,9257,1,0.0001
17,Anand,Sourcing,914,1,0.0011
17,Agra,WH,2010,1,0.0005
17,Kannur,Sourcing,1783,2,0.0011
17,Chennai,Pod,251331,2763,0.011
17,Coimbatore,Pod,32933,245,0.0074
17,Delhi,Pod,181120,214,0.0012
17,Thoothukudi,Pod,5144,20,0.0039
17,Patna,Pod,19297,9,0.0005
17,Mumbai,Sourcing,349401,7,0
17,Gurgaon,WH,94130,45,0.0005
17,Ludhiana,WH,9973,8,0.0008
17,Palakkad,Sourcing,4497,2,0.0004
17,Noida,WH,23231,8,0.0003
17,Khammam,WH,5314,5,0.0009
17,Guntur,Pod,11050,1,0.0001
17,Warangal,Pod,8782,2,0.0002
17,Nanded,WH,896,1,0.0011
17,Chandigarh,Pod,46077,504,0.0109
17,Bangalore,CX,624776,1565,0.0025
17,Lucknow,Sourcing,20105,24,0.0012
17,Noida 1,Sourcing,71252,113,0.0016
17,Guntur,Sourcing,11050,12,0.0011
17,Karaikkudi,Sourcing,2644,4,0.0015
17,Vadodara,Sourcing,10228,21,0.0021
17,Nashik,Sourcing,5979,6,0.001
17,Rohtak,Pod,2812,31,0.011
17,Panipat,Pod,3246,15,0.0046
17,Bareilly,Pod,1323,6,0.0045
17,Dehradun,Pod,11690,100,0.0086
17,Kochi,Sourcing,92770,9,0.0001
17,Thiruvananthapuram,WH,45061,9,0.0002
17,Kolkata,WH,99720,27,0.0003
17,Cuttack,Sourcing,3796,2,0.0005
17,Chandigarh,Sourcing,46077,10,0.0002
17,Nanded,CX,896,3,0.0033
17,Gorakhpur,Sourcing,2946,3,0.001
17,Cuttack,Sourcing,3796,2,0.0005
17,Salem,WH,7054,1,0.0001
17,Karaikkudi,WH,2644,1,0.0004
17,Mathura,WH,1373,1,0.0007
17,Chennai,Pod,251331,1,0
17,Raipur,WH,5235,4,0.0008
17,Thrissur,Pod,23979,1,0
17,Erode,Sourcing,4326,1,0.0002
17,Central Goa,WH,36317,2,0.0001
17,Chandigarh,Pod,46077,2,0
17,Bhubaneswar,Pod,33441,212,0.0063
17,Hyderabad,Pod,348218,69,0.0002
17,Ludhiana,Sourcing,9973,24,0.0024
17,Bhopal,Sourcing,10167,15,0.0015
17,Madurai,Sourcing,11439,11,0.001
17,Palakkad,CX,4497,5,0.0011
17,Kolkata,Sourcing,99720,121,0.0012
17,Thrissur,Sourcing,23979,8,0.0003
17,Guwahati,CX,9883,31,0.0031
17,Kochi,Sourcing,92770,184,0.002
17,Kurnool,Sourcing,6062,8,0.0013
17,Jamshedpur,Sourcing,3760,4,0.0011
17,Pondicherry,WH,12174,4,0.0003
17,Kurnool,Pod,6062,6,0.001
17,Hyderabad,Pod,348218,102,0.0003
17,Rohtak,CX,2812,7,0.0025
17,Bhubaneswar,Sourcing,33441,4,0.0001
17,Kota,Sourcing,3408,6,0.0018
17,Sri Ganganagar,Sourcing,2260,2,0.0009
17,Trichy,Pod,10165,1,0.0001
17,Panipat,Pod,3246,1,0.0003
17,Central Goa,Pod,36317,7,0.0002
17,Kota,WH,3408,1,0.0003
17,Kottayam,Pod,5793,1,0.0002
17,Rajahmundry,Pod,4114,1,0.0002
17,Eluru,WH,1140,2,0.0018
17,Thanjavur,WH,6014,4,0.0007
17,Indore,CX,17318,73,0.0042
17,Ranchi,Sourcing,7671,8,0.001
17,Erode,Pod,4326,13,0.003
17,Bathinda,Pod,1106,9,0.0081
17,Bangalore,Pod,624776,4,0
17,Mysore,Pod,22220,6,0.0003
17,Bhubaneswar,Sourcing,33441,10,0.0003
17,Kottayam,CX,5793,3,0.0005
17,Ujjain,Sourcing,2179,6,0.0028
17,Ludhiana,Pod,9973,2,0.0002
17,Alappuzha,Pod,3835,5,0.0013
17,Khammam,WH,5314,3,0.0006
17,Meerut,Sourcing,5216,4,0.0008
17,Madurai,Pod,11439,2,0.0002
17,Aligarh,WH,2768,2,0.0007
17,Pune,Pod,172244,3,0
17,Ambala,WH,2037,1,0.0005
17,Hyderabad,CX,348218,1354,0.0039
17,Karaikkudi,CX,2644,13,0.0049
17,Surat,Sourcing,12429,13,0.001
17,Kanchipuram,Pod,3119,26,0.0083
17,Guwahati,WH,9883,2,0.0002
17,Central Goa,Sourcing,36317,40,0.0011
17,Thiruvalla,Pod,4073,13,0.0032
17,Thiruvallur,Pod,2542,17,0.0067
17,Raipur,Sourcing,5235,10,0.0019
17,Lucknow,Sourcing,20105,19,0.0009
17,Thiruvananthapuram,CX,45061,34,0.0008
17,Vapi,Sourcing,3792,4,0.0011
17,Patna,Sourcing,19297,21,0.0011
17,Nagpur,WH,11053,10,0.0009
17,Thiruvananthapuram,WH,45061,7,0.0002
17,Aligarh,Sourcing,2768,3,0.0011
17,Aurangabad,WH,3175,2,0.0006
17,Eluru,Sourcing,1140,2,0.0018
17,Ajmer,Sourcing,1905,3,0.0016
17,Thoothukudi,Sourcing,5144,1,0.0002
17,Hyderabad,WH,348218,208,0.0006
17,Delhi,Sourcing,181120,300,0.0017
17,Warangal,Sourcing,8782,25,0.0028
17,Guntur,Pod,11050,95,0.0086
17,Pondicherry,Sourcing,12174,13,0.0011
17,Noida 1,Sourcing,71252,246,0.0035
17,Noida,Pod,23231,206,0.0089
17,Hyderabad,Sourcing,348218,161,0.0005
17,Coimbatore,Sourcing,32933,25,0.0008
17,Dibrugarh,Pod,2661,30,0.0113
17,Vijayawada,Pod,18099,13,0.0007
17,Nashik,CX,5979,9,0.0015
17,Amritsar,Pod,3541,24,0.0068
17,Kozhikode,Pod,14658,12,0.0008
17,Surat,CX,12429,32,0.0026
17,Belgaum,Pod,4006,18,0.0045
17,Ahmedabad,Sourcing,38005,10,0.0003
17,Rajahmundry,Sourcing,4114,3,0.0007
17,Udaipur,Sourcing,5568,3,0.0005
17,Pune,Pod,172244,8,0
17,Vizianagaram,Sourcing,1039,4,0.0039
17,Surat,Sourcing,12429,10,0.0008
17,Nanded,Sourcing,896,2,0.0022
17,Agra,Sourcing,2010,1,0.0005
17,Nagpur,WH,11053,1,0.0001
17,Kota,WH,3408,1,0.0003
17,Chennai,Sourcing,251331,12,0
17,Rajahmundry,Pod,4114,1,0.0002
17,Sonipat,Sourcing,1264,1,0.0008
17,Tirunelveli,CX,5593,21,0.0038
17,Chandigarh,Sourcing,46077,149,0.0032
17,Patna,Pod,19297,53,0.0027
17,Noida,Pod,23231,69,0.003
17,Vellore,Sourcing,7949,6,0.0008
17,Thanjavur,CX,6014,7,0.0012
17,Nashik,Pod,5979,7,0.0012
17,Bhilai,Pod,1049,16,0.0153
17,Pune,Pod,172244,12,0.0001
17,Muzaffarpur,Pod,870,11,0.0126
17,Sri Ganganagar,CX,2260,8,0.0035
17,Thiruvananthapuram,Sourcing,45061,3,0.0001
17,Gurgaon,Pod,94130,5,0.0001
17,Anantapur,Sourcing,4077,2,0.0005
17,Roorkee,Pod,1283,3,0.0023
17,Erode,CX,4326,4,0.0009
17,Vellore,WH,7949,2,0.0003
17,Aurangabad,Sourcing,3175,2,0.0006
17,Salem,Sourcing,7054,2,0.0003
17,Anand,CX,914,4,0.0044
17,Kanpur,Sourcing,3840,2,0.0005
17,Kolhapur,WH,2117,1,0.0005
17,Delhi,Sourcing,181120,15,0.0001
17,Vapi,WH,3792,1,0.0003
17,Chandigarh,CX,46077,196,0.0043
17,Hyderabad,Sourcing,348218,657,0.0019
17,Thiruvananthapuram,Pod,45061,210,0.0047
17,Rohtak,Sourcing,2812,11,0.0039
17,Gurgaon,Pod,94130,1152,0.0122
17,Varanasi,Pod,10354,82,0.0079
17,Kochi,CX,92770,116,0.0013
17,Gurgaon,Sourcing,94130,130,0.0014
17,Khammam,Pod,5314,30,0.0056
17,Karaikkudi,Pod,2644,24,0.0091
17,Ludhiana,Pod,9973,39,0.0039
17,Chennai,Sourcing,251331,279,0.0011
17,Kanchipuram,CX,3119,12,0.0038
17,Kozhikode,Sourcing,14658,15,0.001
17,Tirupati,Sourcing,12149,11,0.0009
17,Surat,Pod,12429,6,0.0005
17,Amritsar,CX,3541,11,0.0031
17,Aligarh,Sourcing,2768,8,0.0029
17,Kochi,Pod,92770,17,0.0002
17,Vijayawada,WH,18099,4,0.0002
17,Davanagere,WH,1855,2,0.0011
17,Manipal,Sourcing,7185,5,0.0007
17,Nellore,WH,5542,4,0.0007
17,Madurai,Sourcing,11439,7,0.0006
17,Pondicherry,Pod,12174,1,0.0001
17,Berhampur,WH,1744,1,0.0006
17,Panipat,WH,3246,1,0.0003
17,Erode,Sourcing,4326,1,0.0002
17,Gorakhpur,Sourcing,2946,1,0.0003
17,Kanpur,Pod,3840,1,0.0003
17,Hubli,Pod,3358,1,0.0003
17,Bangalore,Sourcing,624776,915,0.0015
17,Ahmedabad,Sourcing,38005,44,0.0012
17,Kolkata,Pod,99720,200,0.002
17,Patna,Pod,19297,134,0.0069
17,Silchar,Pod,3594,18,0.005
17,Patiala,Sourcing,4316,5,0.0012
17,Warangal,Sourcing,8782,11,0.0013
17,Jamshedpur,Pod,3760,33,0.0088
17,Hubli,Pod,3358,17,0.0051
17,Kota,Pod,3408,28,0.0082
17,Cuttack,Pod,3796,6,0.0016
17,Amravati,Pod,1008,8,0.0079
17,Shivamogga,Sourcing,3494,4,0.0011
17,Mumbai,Pod,349401,13,0
17,Kannur,Pod,1783,4,0.0022
17,Jaipur,Pod,27201,3,0.0001
17,Nagercoil,WH,3935,2,0.0005
17,Nashik,Pod,5979,3,0.0005
17,Mathura,Pod,1373,4,0.0029
17,Allahabad,WH,2293,1,0.0004
17,Aligarh,Pod,2768,1,0.0004
17,Kozhikode,Pod,14658,2,0.0001
17,Erode,WH,4326,2,0.0005
17,Aurangabad,Sourcing,3175,1,0.0003
17,Jabalpur,Pod,3417,2,0.0006
17,Gwalior,WH,4058,1,0.0002
17,Tirupati,Sourcing,12149,5,0.0004
17,Delhi,WH,181120,92,0.0005
17,Ludhiana,Pod,9973,13,0.0013
17,Tirunelveli,Pod,5593,26,0.0046
17,Pondicherry,Pod,12174,5,0.0004
17,Kolkata,WH,99720,13,0.0001
17,Mangaluru,Sourcing,19899,13,0.0007
17,Kurnool,Sourcing,6062,9,0.0015
17,Rajahmundry,CX,4114,9,0.0022
17,Pondicherry,WH,12174,3,0.0002
17,Bhopal,CX,10167,31,0.003
17,Vadodara,WH,10228,2,0.0002
17,Kurnool,WH,6062,3,0.0005
17,Trichy,Sourcing,10165,6,0.0006
17,Hyderabad,WH,348218,70,0.0002
17,Karur,CX,3244,5,0.0015
17,Bhubaneswar,WH,33441,3,0.0001
17,Rudrapur,Pod,1202,4,0.0033
17,Mangaluru,WH,19899,2,0.0001
17,Vizianagaram,CX,1039,2,0.0019
17,Ahmedabad,Sourcing,38005,1,0
17,Muzaffarpur,Pod,870,2,0.0023
17,Tirupati,Sourcing,12149,1,0.0001
17,Central Goa,CX,36317,78,0.0021
17,Noida 1,CX,71252,257,0.0036
17,Tirupur,CX,6318,15,0.0024
17,Sonipat,CX,1264,5,0.004
17,Salem,Pod,7054,28,0.004
17,Panipat,Sourcing,3246,8,0.0025
17,Kota,CX,3408,14,0.0041
17,Vizag,WH,22086,5,0.0002
17,Trichy,WH,10165,3,0.0003
17,Moradabad,Sourcing,2798,6,0.0021
17,Muzaffarpur,Sourcing,870,2,0.0023
17,Vizag,Pod,22086,4,0.0002
17,Ludhiana,Sourcing,9973,3,0.0003
17,Amritsar,Sourcing,3541,1,0.0003
17,Ambala,Sourcing,2037,1,0.0005
17,Jalandhar,Sourcing,1981,1,0.0005
17,Lonavla,Sourcing,719,1,0.0014
17,Kozhikode,WH,14658,1,0.0001
17,Kannur,Sourcing,1783,1,0.0006
17,Tumakuru,Sourcing,3411,1,0.0003
17,Indore,Sourcing,17318,4,0.0002
17,Jaipur,Pod,27201,7,0.0003
17,Central Goa,Sourcing,36317,3,0.0001
17,Jamshedpur,CX,3760,12,0.0032
17,Gurgaon,Sourcing,94130,306,0.0033
17,Bangalore,WH,624776,157,0.0003
17,Meerut,CX,5216,24,0.0046
17,Bikaner,Pod,1297,10,0.0077
17,Mumbai,WH,349401,145,0.0004
17,Jalandhar,Sourcing,1981,7,0.0035
17,Palakkad,Pod,4497,6,0.0013
17,Vijayawada,Sourcing,18099,12,0.0007
17,Surat,Pod,12429,75,0.006
17,Raipur,Sourcing,5235,11,0.0021
17,Patiala,Pod,4316,21,0.0049
17,Roorkee,Pod,1283,8,0.0062
17,Thiruvananthapuram,Sourcing,45061,25,0.0006
17,Nagercoil,CX,3935,7,0.0018
17,Belgaum,CX,4006,2,0.0005
17,Mysore,WH,22220,6,0.0003
17,Udaipur,WH,5568,4,0.0007
17,Ongole,Sourcing,1320,4,0.003
17,Guntur,Sourcing,11050,4,0.0004
17,Jalandhar,WH,1981,1,0.0005
17,Patiala,WH,4316,1,0.0002
17,Bhopal,Pod,10167,1,0.0001
17,Nagercoil,Sourcing,3935,1,0.0003
17,Rohtak,Sourcing,2812,2,0.0007
17,Dehradun,Pod,11690,2,0.0002
17,Berhampur,Sourcing,1744,1,0.0006
17,Delhi,Pod,181120,1948,0.0108
17,Kolkata,Sourcing,99720,9,0.0001
17,Patna,Sourcing,19297,36,0.0019
17,Kolkata,CX,99720,206,0.0021
17,Delhi,Sourcing,181120,268,0.0015
17,Jabalpur,Pod,3417,25,0.0073
17,Kottayam,Pod,5793,6,0.001
17,Ludhiana,Sourcing,9973,14,0.0014
17,Nellore,Pod,5542,14,0.0025
17,Kurnool,Pod,6062,2,0.0003
17,Vijayawada,WH,18099,12,0.0007
17,Madurai,Sourcing,11439,5,0.0004
17,Jaipur,Sourcing,27201,8,0.0003
17,Trichy,CX,10165,13,0.0013
17,Faridabad,WH,12006,3,0.0003
17,Moradabad,Pod,2798,3,0.0011
17,Lucknow,WH,20105,2,0.0001
17,Karur,Sourcing,3244,3,0.0009
17,Siliguri,Pod,3805,5,0.0013
17,Karimnagar,Sourcing,3454,3,0.0009
17,Rohtak,Pod,2812,2,0.0007
17,Amravati,CX,1008,2,0.002
17,Ajmer,CX,1905,3,0.0016
17,Gurgaon,CX,94130,367,0.0039
17,Pondicherry,Sourcing,12174,16,0.0013
17,Patiala,CX,4316,8,0.0019
17,Nashik,Sourcing,5979,6,0.001
17,Noida 1,Sourcing,71252,15,0.0002
17,Vadodara,Sourcing,10228,4,0.0004
17,Jodhpur,Sourcing,1790,1,0.0006
17,Rajkot,Pod,4431,2,0.0005
17,Roorkee,CX,1283,2,0.0016
17,Kolkata,Sourcing,99720,161,0.0016
17,Warangal,WH,8782,4,0.0005
17,Noida,Pod,23231,13,0.0006
17,Tirupati,WH,12149,5,0.0004
17,Hubli,CX,3358,6,0.0018
17,Silchar,WH,3594,1,0.0003
17,Raipur,Sourcing,5235,2,0.0004
17,Nellore,Sourcing,5542,2,0.0004
17,Coimbatore,Pod,32933,2,0.0001
17,Dehradun,WH,11690,1,0.0001
17,Rohtak,Sourcing,2812,6,0.0021
17,Lucknow,Pod,20105,83,0.0041
17,Pune,WH,172244,50,0.0003
17,Vadodara,WH,10228,7,0.0007
17,Thiruvallur,WH,2542,1,0.0004
17,Davanagere,Sourcing,1855,5,0.0027
17,Kurnool,Sourcing,6062,1,0.0002
17,Kanpur,WH,3840,1,0.0003
17,Kannur,Sourcing,1783,1,0.0006
17,Hubli,WH,3358,1,0.0003
17,Noida 1,Pod,71252,534,0.0075
17,Nashik,Pod,5979,29,0.0049
17,Surat,Pod,12429,6,0.0005
17,Varanasi,Sourcing,10354,20,0.0019
17,Kozhikode,Sourcing,14658,5,0.0003
17,Bilaspur,WH,1262,1,0.0008
17,Thanjavur,Sourcing,6014,5,0.0008
17,Thrissur,Sourcing,23979,3,0.0001
17,Faridabad,WH,12006,2,0.0002
17,Jalandhar,CX,1981,2,0.001
17,Nanded,Sourcing,896,1,0.0011
17,Anantapur,Pod,4077,1,0.0002
17,Kannur,CX,1783,2,0.0011
17,Chandigarh,Pod,46077,1,0
17,Agra,Pod,2010,24,0.0119
17,Kochi,Pod,92770,361,0.0039
17,Mangaluru,Sourcing,19899,31,0.0016
17,Vizianagaram,Pod,1039,7,0.0067
17,Central Goa,Pod,36317,7,0.0002
17,Dehradun,WH,11690,2,0.0002
17,Delhi,Pod,181120,43,0.0002
17,Meerut,Sourcing,5216,7,0.0013
17,Nizamabad,Pod,795,2,0.0025
17,Ranchi,Sourcing,7671,1,0.0001
17,Anantapur,Pod,4077,34,0.0083
17,Rudrapur,Sourcing,1202,1,0.0008
17,Nellore,Pod,5542,1,0.0002
17,Rudrapur,Pod,1202,1,0.0008
17,Hyderabad,Pod,348218,1,0
17,Moradabad,CX,2798,6,0.0021
17,Varanasi,WH,10354,3,0.0003
17,Central Goa,WH,36317,5,0.0001
17,Indore,WH,17318,5,0.0003
17,Tirunelveli,Pod,5593,2,0.0004
17,Berhampur,Sourcing,1744,1,0.0006
17,Bhubaneswar,Sourcing,33441,23,0.0007
17,Rajkot,Pod,4431,32,0.0072
17,Warangal,Sourcing,8782,3,0.0003
17,Aligarh,CX,2768,16,0.0058
17,Kottayam,Sourcing,5793,5,0.0009
17,Rajkot,Sourcing,4431,3,0.0007
17,Thrissur,Sourcing,23979,13,0.0005
17,Kollam,Sourcing,9257,5,0.0005
17,Guwahati,Pod,9883,3,0.0003
17,Noida 1,WH,71252,23,0.0003
17,Ujjain,CX,2179,5,0.0023
17,Central Goa,Sourcing,36317,9,0.0002
17,Bareilly,CX,1323,2,0.0015
17,Varanasi,Sourcing,10354,13,0.0013
17,Jalandhar,Pod,1981,14,0.0071
17,Ujjain,Sourcing,2179,2,0.0009
17,Thanjavur,Sourcing,6014,2,0.0003
17,Latur,CX,990,2,0.002
17,Anantapur,Sourcing,4077,1,0.0002
17,Kottayam,Pod,5793,2,0.0003
17,Udaipur,Pod,5568,6,0.0011
17,Coimbatore,WH,32933,5,0.0002
17,Belgaum,Sourcing,4006,1,0.0003
17,Bangalore,Pod,624776,3451,0.0055
17,Mumbai,Pod,349401,2453,0.007
17,Karnal,CX,1275,3,0.0024
17,Mumbai,Sourcing,349401,169,0.0005
17,Ranchi,WH,7671,1,0.0001
17,Bhilai,Sourcing,1049,2,0.0019
17,Bhopal,Pod,10167,3,0.0003
17,Kozhikode,WH,14658,2,0.0001
17,Nellore,CX,5542,18,0.0032
17,Nellore,Sourcing,5542,8,0.0014
17,Gurgaon,Sourcing,94130,3,0
17,Saharanpur,Sourcing,671,3,0.0045
17,Ahmedabad,Pod,38005,4,0.0001
17,Raipur,Pod,5235,2,0.0004
17,Ujjain,Pod,2179,1,0.0005
17,Vizag,Pod,22086,138,0.0062
17,Mangaluru,CX,19899,60,0.003
17,Vijayawada,Sourcing,18099,14,0.0008
17,Nashik,Sourcing,5979,8,0.0013
17,Thiruvallur,Sourcing,2542,5,0.002
17,Mathura,Sourcing,1373,8,0.0058
17,Kota,Pod,3408,6,0.0018
17,Vapi,Pod,3792,2,0.0005
17,Ahmedabad,CX,38005,93,0.0024
17,Indore,WH,17318,4,0.0002
17,Mangaluru,Pod,19899,6,0.0003
17,Silchar,Sourcing,3594,3,0.0008
17,Vapi,Pod,3792,27,0.0071
17,Jodhpur,Pod,1790,27,0.0151
17,Delhi,Pod,181120,8,0
17,Patiala,Sourcing,4316,20,0.0046
17,Karur,WH,3244,1,0.0003
17,Kozhikode,Pod,14658,26,0.0018
17,Madurai,CX,11439,35,0.0031
17,Central Goa,Sourcing,36317,14,0.0004
17,Anantapur,CX,4077,13,0.0032
17,Tirupati,WH,12149,4,0.0003
17,Nanded,Pod,896,8,0.0089
17,Amritsar,Pod,3541,2,0.0006
17,Vizag,Sourcing,22086,9,0.0004
17,Kolhapur,Sourcing,2117,1,0.0005
17,Jodhpur,Pod,1790,1,0.0006
17,Vijayawada,Pod,18099,1,0.0001
17,Mumbai,Pod,349401,134,0.0004
17,Dibrugarh,Sourcing,2661,2,0.0008
17,Tumakuru,Pod,3411,5,0.0015
17,Vizag,Pod,22086,2,0.0001
17,Sonipat,Sourcing,1264,2,0.0016
17,Anantapur,WH,4077,1,0.0002
17,Hyderabad,Sourcing,348218,100,0.0003
17,Nagpur,Sourcing,11053,12,0.0011
17,Indore,Pod,17318,170,0.0098
17,Delhi,CX,181120,672,0.0037
17,Palakkad,Sourcing,4497,4,0.0009
17,Thiruvalla,CX,4073,3,0.0007
17,Ujjain,Pod,2179,8,0.0037
17,Jabalpur,Sourcing,3417,2,0.0006
17,Ludhiana,Pod,9973,3,0.0003
17,Kolhapur,Pod,2117,16,0.0076
17,Tirupati,Pod,12149,58,0.0048
17,Noida,Sourcing,23231,60,0.0026
17,Raipur,Pod,5235,1,0.0002
17,Thiruvallur,CX,2542,10,0.0039
17,Kollam,Sourcing,9257,5,0.0005
17,Salem,Sourcing,7054,1,0.0001
17,Thiruvalla,Pod,4073,1,0.0002
17,Rajkot,Sourcing,4431,1,0.0002
17,Allahabad,CX,2293,9,0.0039
17,Warangal,Pod,8782,6,0.0007
17,Manipal,Sourcing,7185,4,0.0006
17,Ambala,CX,2037,4,0.002
17,Jaipur,Pod,27201,241,0.0089
17,Panipat,CX,3246,7,0.0022
17,Patna,WH,19297,7,0.0004
17,Nellore,Sourcing,5542,10,0.0018
17,Siliguri,Sourcing,3805,2,0.0005
17,Latur,WH,990,3,0.003
17,Anand,Sourcing,914,2,0.0022
17,Belgaum,Sourcing,4006,1,0.0003
17,Allahabad,Sourcing,2293,1,0.0004
17,Patiala,WH,4316,2,0.0005
17,Noida 1,WH,71252,37,0.0005
17,Udaipur,CX,5568,18,0.0032
17,Indore,Sourcing,17318,16,0.0009
17,Palakkad,WH,4497,4,0.0009
17,Alappuzha,CX,3835,2,0.0005
17,Dibrugarh,Sourcing,2661,3,0.0011
17,Bhubaneswar,Pod,33441,2,0.0001
17,Thiruvallur,Sourcing,2542,1,0.0004
17,Tirupur,Pod,6318,1,0.0002
17,Rajkot,WH,4431,4,0.0009
17,Thoothukudi,CX,5144,17,0.0033
17,Kanchipuram,Sourcing,3119,3,0.001
18,Kanpur,Sourcing,4063,1,0.0002
18,Mathura,Pod,1376,4,0.0029
18,Rohtak,CX,2845,6,0.0021
18,Thiruvallur,Sourcing,2583,6,0.0023
18,Vadodara,Pod,9883,8,0.0008
18,Gurgaon,WH,88863,32,0.0004
18,Tirupati,Pod,12485,95,0.0076
18,Silchar,Pod,4208,21,0.005
18,Silchar,Sourcing,4208,6,0.0014
18,Panipat,Pod,2977,18,0.006
18,Noida,Sourcing,23359,8,0.0003
18,Ahmedabad,WH,38440,6,0.0002
18,Sonipat,Sourcing,1203,3,0.0025
18,Palakkad,Pod,4616,3,0.0007
18,Hubli,Sourcing,3222,3,0.0009
18,Guwahati,WH,9915,1,0.0001
18,Trichy,WH,9905,9,0.0009
18,Trichy,CX,9905,19,0.0019
18,Thiruvananthapuram,Sourcing,44162,19,0.0004
18,Kota,Sourcing,3738,6,0.0016
18,Kurnool,Pod,6007,28,0.0047
18,Kozhikode,Pod,14907,15,0.001
18,Pondicherry,Sourcing,12681,9,0.0007
18,Kurnool,Sourcing,6007,10,0.0017
18,Kozhikode,WH,14907,3,0.0002
18,Thiruvananthapuram,WH,44162,11,0.0002
18,Ujjain,Sourcing,2422,4,0.0017
18,Vijayawada,Sourcing,17870,11,0.0006
18,Jabalpur,CX,3506,14,0.004
18,Bhopal,Sourcing,9573,5,0.0005
18,Palakkad,WH,4616,2,0.0004
18,Central Goa,Pod,35655,3,0.0001
18,Trichy,WH,9905,5,0.0005
18,Rohtak,Sourcing,2845,2,0.0007
18,Coimbatore,Pod,31644,2,0.0001
18,Nellore,Pod,5821,2,0.0003
18,Lucknow,WH,19033,5,0.0003
18,Ongole,Sourcing,1420,1,0.0007
18,Lonavla,WH,852,1,0.0012
18,Mathura,WH,1376,2,0.0015
18,Sri Ganganagar,Sourcing,2372,1,0.0004
18,Gwalior,WH,4501,1,0.0002
18,Kolkata,Pod,103289,2,0
18,Bhopal,Pod,9573,1,0.0001
18,Noida,Sourcing,23359,60,0.0026
18,Noida 1,Pod,72476,552,0.0076
18,Tirupati,Sourcing,12485,16,0.0013
18,Bhubaneswar,Sourcing,32554,10,0.0003
18,Tirupati,CX,12485,28,0.0022
18,Khammam,Pod,5445,28,0.0051
18,Madurai,WH,11340,5,0.0004
18,Ranchi,CX,6901,19,0.0028
18,Panipat,Sourcing,2977,5,0.0017
18,Guwahati,CX,9915,31,0.0031
18,Warangal,Sourcing,8903,20,0.0022
18,Gurgaon,Pod,88863,76,0.0009
18,Thanjavur,Sourcing,5881,5,0.0009
18,Bhubaneswar,Sourcing,32554,4,0.0001
18,Latur,Pod,1124,7,0.0062
18,Moradabad,Pod,2973,1,0.0003
18,Ambala,Sourcing,1899,1,0.0005
18,Thanjavur,Pod,5881,26,0.0044
18,Warangal,Sourcing,8903,19,0.0021
18,Meerut,Pod,5046,1,0.0002
18,Lonavla,Sourcing,852,1,0.0012
18,Trichy,Pod,9905,1,0.0001
18,Berhampur,WH,1790,1,0.0006
18,Kozhikode,WH,14907,1,0.0001
18,Bhopal,WH,9573,5,0.0005
18,Kakinada,Sourcing,3910,1,0.0003
18,Jamshedpur,Sourcing,4057,1,0.0002
18,Kolkata,Sourcing,103289,100,0.001
18,Kochi,Sourcing,88796,84,0.0009
18,Jodhpur,CX,2099,22,0.0105
18,Vapi,Sourcing,3819,7,0.0018
18,Guntur,CX,11538,44,0.0038
18,Bilaspur,Pod,1349,11,0.0082
18,Aligarh,Sourcing,2377,4,0.0017
18,Kolhapur,Pod,2204,12,0.0054
18,Bikaner,CX,1540,7,0.0045
18,Kurnool,Sourcing,6007,6,0.001
18,Muzaffarpur,Pod,1082,9,0.0083
18,Anantapur,Sourcing,4335,7,0.0016
18,Rajkot,CX,4313,7,0.0016
18,Kottayam,Sourcing,5818,2,0.0003
18,Manipal,WH,7215,4,0.0006
18,Rohtak,WH,2845,2,0.0007
18,Hubli,Pod,3222,9,0.0028
18,Thanjavur,Sourcing,5881,1,0.0002
18,Thanjavur,Sourcing,5881,2,0.0003
18,Karimnagar,Sourcing,3446,8,0.0023
18,Kozhikode,Sourcing,14907,2,0.0001
18,Tirupati,Sourcing,12485,6,0.0005
18,Silchar,CX,4208,5,0.0012
18,Raipur,Pod,5930,58,0.0098
18,Kolkata,CX,103289,223,0.0022
18,Manipal,Sourcing,7215,9,0.0012
18,Kota,Pod,3738,13,0.0035
18,Jalandhar,CX,1926,12,0.0062
18,Nagpur,WH,11619,8,0.0007
18,Ongole,CX,1420,10,0.007
18,Kozhikode,Sourcing,14907,7,0.0005
18,Belgaum,Sourcing,3794,8,0.0021
18,Vellore,Sourcing,7743,5,0.0006
18,Faridabad,WH,11473,3,0.0003
18,Ranchi,Sourcing,6901,11,0.0016
18,Sonipat,CX,1203,5,0.0042
18,Sri Ganganagar,Sourcing,2372,3,0.0013
18,Sonipat,Pod,1203,1,0.0008
18,Jamshedpur,Sourcing,4057,1,0.0002
18,Hyderabad,CX,340841,1262,0.0037
18,Central Goa,Pod,35655,6,0.0002
18,Kota,Pod,3738,2,0.0005
18,Eluru,Pod,1166,9,0.0077
18,Chennai,Sourcing,261895,279,0.0011
18,Chennai,Pod,261895,1,0
18,Ongole,WH,1420,1,0.0007
18,Thiruvalla,WH,4266,1,0.0002
18,Chennai,Sourcing,261895,77,0.0003
18,Thrissur,Sourcing,24799,1,0
18,Vellore,WH,7743,3,0.0004
18,Kanpur,Pod,4063,43,0.0106
18,Gurgaon,Sourcing,88863,336,0.0038
18,Mangaluru,Pod,20193,30,0.0015
18,Kolkata,Sourcing,103289,99,0.001
18,Kakinada,Pod,3910,24,0.0061
18,Patna,CX,17172,72,0.0042
18,Jalandhar,Sourcing,1926,7,0.0036
18,Thanjavur,WH,5881,3,0.0005
18,Kolkata,WH,103289,31,0.0003
18,Ranchi,Sourcing,6901,8,0.0012
18,Tirupur,Pod,6213,5,0.0008
18,Thiruvananthapuram,Sourcing,44162,5,0.0001
18,Nagpur,Sourcing,11619,25,0.0022
18,Meerut,Sourcing,5046,11,0.0022
18,Jabalpur,WH,3506,2,0.0006
18,Noida 1,Pod,72476,19,0.0003
18,Palakkad,CX,4616,7,0.0015
18,Kota,CX,3738,14,0.0037
18,Siliguri,Sourcing,3881,4,0.001
18,Udaipur,WH,6047,5,0.0008
18,Hubli,Sourcing,3222,3,0.0009
18,Guntur,Pod,11538,2,0.0002
18,Dehradun,WH,11550,2,0.0002
18,Aurangabad,Sourcing,3441,1,0.0003
18,Bathinda,Pod,1150,1,0.0009
18,Indore,Sourcing,16463,4,0.0002
18,Indore,Pod,16463,1,0.0001
18,Vapi,WH,3819,1,0.0003
18,Raipur,Sourcing,5930,5,0.0008
18,Bangalore,Pod,595643,1052,0.0018
18,Guntur,WH,11538,9,0.0008
18,Faridabad,Pod,11473,145,0.0126
18,Amravati,Pod,1025,10,0.0098
18,Delhi,Pod,174087,33,0.0002
18,Mangaluru,Pod,20193,77,0.0038
18,Ujjain,Pod,2422,19,0.0078
18,Nagpur,Sourcing,11619,4,0.0003
18,Thrissur,CX,24799,12,0.0005
18,Kurnool,CX,6007,17,0.0028
18,Delhi,Sourcing,174087,234,0.0013
18,Patiala,Sourcing,3969,7,0.0018
18,Vellore,Sourcing,7743,9,0.0012
18,Pondicherry,Sourcing,12681,6,0.0005
18,Mathura,Sourcing,1376,3,0.0022
18,Amritsar,CX,3401,4,0.0012
18,Jabalpur,WH,3506,5,0.0014
18,Patiala,WH,3969,1,0.0003
18,Silchar,WH,4208,2,0.0005
18,Guntur,WH,11538,2,0.0002
18,Kolhapur,Sourcing,2204,1,0.0005
18,Bangalore,CX,595643,1600,0.0027
18,Patna,Pod,17172,53,0.0031
18,Noida,Sourcing,23359,60,0.0026
18,Lucknow,Pod,19033,73,0.0038
18,Gurgaon,Pod,88863,9,0.0001
18,Kanchipuram,Pod,3197,21,0.0066
18,Trichy,Pod,9905,6,0.0006
18,Thiruvananthapuram,CX,44162,54,0.0012
18,Vadodara,Pod,9883,49,0.005
18,Alappuzha,Pod,3915,7,0.0018
18,Rajahmundry,Sourcing,3994,5,0.0013
18,Varanasi,WH,8842,5,0.0006
18,Dibrugarh,CX,2519,9,0.0036
18,Khammam,Sourcing,5445,2,0.0004
18,Rajahmundry,Sourcing,3994,3,0.0008
18,Delhi,Pod,174087,212,0.0012
18,Nellore,Sourcing,5821,17,0.0029
18,Davanagere,CX,1495,10,0.0067
18,Allahabad,Sourcing,2422,2,0.0008
18,Thrissur,Pod,24799,49,0.002
18,Patna,Sourcing,17172,27,0.0016
18,Trichy,Sourcing,9905,6,0.0006
18,Chennai,Pod,261895,2509,0.0096
18,Karaikkudi,Pod,2627,17,0.0065
18,Ahmedabad,CX,38440,120,0.0031
18,Noida 1,CX,72476,333,0.0046
18,Nizamabad,Pod,1067,6,0.0056
18,Jamshedpur,Pod,4057,29,0.0071
18,Noida,CX,23359,98,0.0042
18,Udaipur,Sourcing,6047,6,0.001
18,Surat,CX,10386,22,0.0021
18,Warangal,WH,8903,5,0.0006
18,Kochi,Pod,88796,10,0.0001
18,Khammam,CX,5445,7,0.0013
18,Surat,Sourcing,10386,7,0.0007
18,Indore,Sourcing,16463,11,0.0007
18,Ajmer,Sourcing,2246,2,0.0009
18,Panipat,Sourcing,2977,7,0.0024
18,Panipat,Sourcing,2977,4,0.0013
18,Dehradun,CX,11550,20,0.0017
18,Kurnool,WH,6007,3,0.0005
18,Pune,WH,165090,38,0.0002
18,Sri Ganganagar,Pod,2372,16,0.0067
18,Sri Ganganagar,Sourcing,2372,3,0.0013
18,Ongole,Sourcing,1420,2,0.0014
18,Central Goa,WH,35655,6,0.0002
18,Jaipur,Pod,28520,6,0.0002
18,Agra,Sourcing,2098,1,0.0005
18,Meerut,WH,5046,1,0.0002
18,Manipal,Pod,7215,1,0.0001
18,Kurnool,Sourcing,6007,2,0.0003
18,Thiruvalla,Sourcing,4266,1,0.0002
18,Aurangabad,WH,3441,1,0.0003
18,Pune,CX,165090,540,0.0033
18,Thiruvananthapuram,Pod,44162,54,0.0012
18,Chennai,WH,261895,99,0.0004
18,Madurai,Pod,11340,17,0.0015
18,Central Goa,Sourcing,35655,46,0.0013
18,Rajkot,Sourcing,4313,10,0.0023
18,Chandigarh,Pod,38581,15,0.0004
18,Raipur,WH,5930,9,0.0015
18,Saharanpur,Sourcing,872,2,0.0023
18,Lucknow,Sourcing,19033,2,0.0001
18,Mysore,Sourcing,21961,4,0.0002
18,Kanpur,Sourcing,4063,3,0.0007
18,Vijayawada,Pod,17870,1,0.0001
18,Salem,Pod,8100,2,0.0002
18,Nanded,Sourcing,966,1,0.001
18,Ahmedabad,Pod,38440,2,0.0001
18,Mysore,Pod,21961,103,0.0047
18,Vizag,Sourcing,22508,21,0.0009
18,Thiruvalla,CX,4266,3,0.0007
18,Varanasi,Sourcing,8842,15,0.0017
18,Nagpur,Pod,11619,44,0.0038
18,Allahabad,Pod,2422,1,0.0004
18,Pune,Pod,165090,1,0
18,Noida,Pod,23359,60,0.0026
18,Bangalore,Sourcing,595643,733,0.0012
18,Aligarh,Pod,2377,62,0.0261
18,Vijayawada,Sourcing,17870,22,0.0012
18,Belgaum,Pod,3794,21,0.0055
18,Tirunelveli,Sourcing,5611,6,0.0011
18,Bhubaneswar,CX,32554,81,0.0025
18,Vizag,Pod,22508,13,0.0006
18,Jaipur,WH,28520,8,0.0003
18,Salem,Sourcing,8100,4,0.0005
18,Moradabad,Pod,2973,13,0.0044
18,Mumbai,WH,336168,116,0.0003
18,Ujjain,Sourcing,2422,4,0.0017
18,Tirupati,WH,12485,3,0.0002
18,Davanagere,Pod,1495,6,0.004
18,Nanded,Sourcing,966,2,0.0021
18,Bhopal,Pod,9573,89,0.0093
18,Coimbatore,CX,31644,80,0.0025
18,Karimnagar,CX,3446,14,0.0041
18,Nashik,Sourcing,6958,16,0.0023
18,Pondicherry,Sourcing,12681,2,0.0002
18,Vijayawada,Sourcing,17870,3,0.0002
18,Sri Ganganagar,Pod,2372,1,0.0004
18,Eluru,Sourcing,1166,1,0.0009
18,Vapi,Pod,3819,2,0.0005
18,Mangaluru,Sourcing,20193,16,0.0008
18,Faridabad,Pod,11473,1,0.0001
18,Sri Ganganagar,Sourcing,2372,4,0.0017
18,Belgaum,Sourcing,3794,1,0.0003
18,Rajkot,Pod,4313,18,0.0042
18,Tirupati,Pod,12485,13,0.001
18,Anantapur,Pod,4335,38,0.0088
18,Hyderabad,Pod,340841,66,0.0002
18,Vadodara,Sourcing,9883,14,0.0014
18,Vellore,Pod,7743,34,0.0044
18,Mysore,Sourcing,21961,23,0.001
18,Kozhikode,CX,14907,17,0.0011
18,Kurnool,WH,6007,2,0.0003
18,Tirupur,Sourcing,6213,3,0.0005
18,Thoothukudi,Sourcing,5074,4,0.0008
18,Karimnagar,WH,3446,3,0.0009
18,Roorkee,Sourcing,1364,2,0.0015
18,Siliguri,Sourcing,3881,2,0.0005
18,Gwalior,Sourcing,4501,1,0.0002
18,Karnal,WH,1154,2,0.0017
18,Thoothukudi,Pod,5074,1,0.0002
18,Mumbai,CX,336168,763,0.0023
18,Bangalore,Sourcing,595643,145,0.0002
18,Kozhikode,Sourcing,14907,9,0.0006
18,Meerut,Sourcing,5046,17,0.0034
18,Agra,Pod,2098,28,0.0133
18,Rajkot,Sourcing,4313,4,0.0009
18,Kozhikode,Pod,14907,15,0.001
18,Gwalior,Sourcing,4501,4,0.0009
18,Kolkata,Sourcing,103289,23,0.0002
18,Nagpur,CX,11619,29,0.0025
18,Salem,WH,8100,6,0.0007
18,Muzaffarpur,Pod,1082,3,0.0028
18,Karur,Pod,3190,1,0.0003
18,Tirupati,Sourcing,12485,1,0.0001
18,Ludhiana,Pod,9206,1,0.0001
18,Eluru,WH,1166,1,0.0009
18,Hubli,Sourcing,3222,1,0.0003
18,Ahmedabad,Pod,38440,344,0.0089
18,Delhi,Pod,174087,1802,0.0104
18,Nashik,Pod,6958,7,0.001
18,Faridabad,Sourcing,11473,38,0.0033
18,Kannur,Pod,1953,7,0.0036
18,Ludhiana,CX,9206,36,0.0039
18,Mathura,CX,1376,10,0.0073
18,Udaipur,CX,6047,18,0.003
18,Patna,Sourcing,17172,6,0.0003
18,Vellore,Pod,7743,2,0.0003
18,Warangal,WH,8903,3,0.0003
18,Agra,Sourcing,2098,1,0.0005
18,Bangalore,Sourcing,595643,698,0.0012
18,Faridabad,CX,11473,33,0.0029
18,Mysore,Sourcing,21961,26,0.0012
18,Pune,WH,165090,51,0.0003
18,Bathinda,Pod,1150,16,0.0139
18,Karur,CX,3190,7,0.0022
18,Palakkad,Sourcing,4616,5,0.0011
18,Kanpur,Pod,4063,2,0.0005
18,Dehradun,Sourcing,11550,2,0.0002
18,Mathura,Pod,1376,1,0.0007
18,Sri Ganganagar,Pod,2372,1,0.0004
18,Thiruvalla,Pod,4266,1,0.0002
18,Bhubaneswar,Pod,32554,3,0.0001
18,Nanded,Pod,966,1,0.001
18,Gurgaon,Pod,88863,1097,0.0123
18,Vizag,Sourcing,22508,26,0.0012
18,Thiruvananthapuram,Pod,44162,151,0.0034
18,Kota,Pod,3738,31,0.0083
18,Nashik,Pod,6958,33,0.0047
18,Tirupati,Sourcing,12485,16,0.0013
18,Sri Ganganagar,CX,2372,9,0.0038
18,Nanded,Pod,966,7,0.0072
18,Mysore,WH,21961,4,0.0002
18,Noida 1,WH,72476,30,0.0004
18,Nashik,Sourcing,6958,8,0.0012
18,Rohtak,Sourcing,2845,8,0.0028
18,Thanjavur,CX,5881,6,0.001
18,Tirunelveli,CX,5611,5,0.0009
18,Udaipur,WH,6047,9,0.0015
18,Pondicherry,WH,12681,4,0.0003
18,Thoothukudi,Pod,5074,2,0.0004
18,Karur,Sourcing,3190,1,0.0003
18,Ranchi,Pod,6901,1,0.0001
18,Guwahati,Pod,9915,3,0.0003
18,Dehradun,Sourcing,11550,8,0.0007
18,Aligarh,Sourcing,2377,1,0.0004
18,Guwahati,Sourcing,9915,1,0.0001
18,Warangal,Pod,8903,2,0.0002
18,Faridabad,Sourcing,11473,3,0.0003
18,Kanchipuram,Pod,3197,1,0.0003
18,Noida 1,Sourcing,72476,216,0.003
18,Pune,Pod,165090,1600,0.0097
18,Kolkata,Pod,103289,177,0.0017
18,Mangaluru,Sourcing,20193,25,0.0012
18,Latur,CX,1124,3,0.0027
18,Pune,Sourcing,165090,55,0.0003
18,Bhubaneswar,Sourcing,32554,20,0.0006
18,Kurnool,Pod,6007,9,0.0015
18,Warangal,Pod,8903,10,0.0011
18,Pune,Pod,165090,12,0.0001
18,Bhopal,CX,9573,25,0.0026
18,Gurgaon,Pod,88863,4,0
18,Ludhiana,Sourcing,9206,5,0.0005
18,Rajkot,Pod,4313,4,0.0009
18,Kottayam,Sourcing,5818,3,0.0005
18,Latur,Sourcing,1124,3,0.0027
18,Jaipur,Sourcing,28520,13,0.0005
18,Rudrapur,Sourcing,1188,3,0.0025
18,Udaipur,Pod,6047,2,0.0003
18,Aligarh,WH,2377,1,0.0004
18,Ambala,Pod,1899,1,0.0005
18,Ambala,Sourcing,1899,1,0.0005
18,Chandigarh,CX,38581,147,0.0038
18,Nashik,Sourcing,6958,4,0.0006
18,Patna,Pod,17172,3,0.0002
18,Tirunelveli,WH,5611,2,0.0004
18,Nashik,Sourcing,6958,3,0.0004
18,Central Goa,Pod,35655,238,0.0067
18,Erode,WH,4123,1,0.0002
18,Jaipur,Pod,28520,1,0
18,Pondicherry,WH,12681,1,0.0001
18,Bhubaneswar,Pod,32554,249,0.0076
18,Chandigarh,Sourcing,38581,117,0.003
18,Ranchi,Pod,6901,43,0.0062
18,Madurai,Sourcing,11340,5,0.0004
18,Ranchi,Sourcing,6901,10,0.0014
18,Meerut,CX,5046,17,0.0034
18,Jamshedpur,CX,4057,11,0.0027
18,Raipur,Sourcing,5930,11,0.0019
18,Belgaum,CX,3794,8,0.0021
18,Tirupur,WH,6213,6,0.001
18,Surat,Pod,10386,46,0.0044
18,Shivamogga,CX,3485,9,0.0026
18,Thrissur,Sourcing,24799,23,0.0009
18,Erode,CX,4123,14,0.0034
18,Nizamabad,Sourcing,1067,2,0.0019
18,Allahabad,Pod,2422,35,0.0145
18,Karnal,Pod,1154,12,0.0104
18,Meerut,Pod,5046,41,0.0081
18,Thiruvallur,Sourcing,2583,3,0.0012
18,Manipal,Pod,7215,24,0.0033
18,Tumakuru,Sourcing,3530,3,0.0009
18,Tumakuru,Sourcing,3530,2,0.0006
18,Vadodara,WH,9883,5,0.0005
18,Patiala,WH,3969,1,0.0003
18,Kottayam,WH,5818,1,0.0002
18,Varanasi,WH,8842,1,0.0001
18,Shivamogga,Pod,3485,17,0.0049
18,Tirupur,CX,6213,13,0.0021
18,Meerut,Pod,5046,18,0.0036
18,Gorakhpur,Pod,2598,14,0.0054
18,Ranchi,Pod,6901,8,0.0012
18,Ludhiana,Sourcing,9206,25,0.0027
18,Nellore,Pod,5821,36,0.0062
18,Pune,Sourcing,165090,63,0.0004
18,Vellore,CX,7743,13,0.0017
18,Thanjavur,Sourcing,5881,4,0.0007
18,Lucknow,Pod,19033,3,0.0002
18,Rajahmundry,Pod,3994,2,0.0005
18,Raipur,Sourcing,5930,14,0.0024
18,Surat,Pod,10386,3,0.0003
18,Bilaspur,Sourcing,1349,2,0.0015
18,Rohtak,WH,2845,1,0.0004
18,Kochi,CX,88796,111,0.0013
18,Ludhiana,Pod,9206,47,0.0051
18,Warangal,Sourcing,8903,7,0.0008
18,Ahmedabad,Sourcing,38440,17,0.0004
18,Thiruvananthapuram,Pod,44162,9,0.0002
18,Dibrugarh,Pod,2519,33,0.0131
18,Kottayam,Pod,5818,10,0.0017
18,Ahmedabad,WH,38440,14,0.0004
18,Trichy,Pod,9905,35,0.0035
18,Kochi,Sourcing,88796,4,0
18,Madurai,Sourcing,11340,3,0.0003
18,Chennai,WH,261895,38,0.0001
18,Delhi,Pod,174087,9,0.0001
18,Hyderabad,Pod,340841,69,0.0002
18,Kannur,CX,1953,2,0.001
18,Pune,Pod,165090,25,0.0002
18,Nizamabad,Sourcing,1067,2,0.0019
18,Muzaffarpur,Sourcing,1082,2,0.0018
18,Cuttack,CX,3608,2,0.0006
18,Kolkata,Sourcing,103289,70,0.0007
18,Noida 1,Sourcing,72476,18,0.0002
18,Nagercoil,Pod,3837,8,0.0021
18,Ludhiana,Sourcing,9206,16,0.0017
18,Latur,Sourcing,1124,3,0.0027
18,Patna,WH,17172,4,0.0002
18,Nellore,Sourcing,5821,4,0.0007
18,Ahmedabad,Sourcing,38440,7,0.0002
18,Bhubaneswar,Pod,32554,2,0.0001
18,Mangaluru,Pod,20193,8,0.0004
18,Karimnagar,WH,3446,1,0.0003
18,Kakinada,WH,3910,1,0.0003
18,Kochi,Pod,88796,344,0.0039
18,Delhi,Sourcing,174087,299,0.0017
18,Hyderabad,Sourcing,340841,7,0
18,Sonipat,Sourcing,1203,1,0.0008
18,Kollam,Sourcing,9656,1,0.0001
18,Noida 1,WH,72476,29,0.0004
18,Rajkot,Pod,4313,1,0.0002
18,Chandigarh,Pod,38581,440,0.0114
18,Roorkee,Sourcing,1364,1,0.0007
18,Ludhiana,Sourcing,9206,1,0.0001
18,Vijayawada,Sourcing,17870,8,0.0004
18,Bareilly,Sourcing,1382,1,0.0007
18,Tumakuru,Pod,3530,13,0.0037
18,Tirupur,Sourcing,6213,10,0.0016
18,Patna,Sourcing,17172,61,0.0036
18,Panipat,Pod,2977,6,0.002
18,Warangal,Pod,8903,59,0.0066
18,Chennai,Sourcing,261895,74,0.0003
18,Noida,Pod,23359,9,0.0004
18,Bhimavaram,CX,765,4,0.0052
18,Kollam,Sourcing,9656,3,0.0003
18,Ujjain,Pod,2422,2,0.0008
18,Rohtak,Sourcing,2845,10,0.0035
18,Muzaffarpur,CX,1082,4,0.0037
18,Amritsar,Sourcing,3401,6,0.0018
18,Rajkot,WH,4313,3,0.0007
18,Allahabad,Pod,2422,2,0.0008
18,Palakkad,Sourcing,4616,1,0.0002
18,Jamshedpur,WH,4057,2,0.0005
18,Belgaum,WH,3794,1,0.0003
18,Nanded,Sourcing,966,1,0.001
18,Moradabad,WH,2973,1,0.0003
18,Jaipur,Pod,28520,332,0.0116
18,Indore,CX,16463,84,0.0051
18,Ujjain,CX,2422,12,0.005
18,Gurgaon,Sourcing,88863,68,0.0008
18,Vadodara,CX,9883,24,0.0024
18,Tirupur,WH,6213,5,0.0008
18,Hyderabad,Sourcing,340841,94,0.0003
18,Mangaluru,WH,20193,7,0.0003
18,Kolkata,WH,103289,13,0.0001
18,Kochi,Pod,88796,12,0.0001
18,Erode,Pod,4123,17,0.0041
18,Palakkad,Pod,4616,5,0.0011
18,Vadodara,WH,9883,4,0.0004
18,Madurai,Sourcing,11340,9,0.0008
18,Lonavla,Pod,852,4,0.0047
18,Mangaluru,Sourcing,20193,9,0.0004
18,Bareilly,Pod,1382,6,0.0043
18,Salem,Sourcing,8100,10,0.0012
18,Meerut,WH,5046,2,0.0004
18,Kollam,Pod,9656,3,0.0003
18,Udaipur,Pod,6047,6,0.001
18,Mumbai,Sourcing,336168,2,0
18,Kanchipuram,Sourcing,3197,4,0.0013
18,Jalandhar,WH,1926,1,0.0005
18,Thiruvalla,WH,4266,1,0.0002
18,Bareilly,Sourcing,1382,1,0.0007
18,Kottayam,CX,5818,2,0.0003
18,Sonipat,Sourcing,1203,1,0.0008
18,Vizag,Pod,22508,118,0.0052
18,Bangalore,WH,595643,159,0.0003
18,Chandigarh,Sourcing,38581,18,0.0005
18,Aligarh,Sourcing,2377,3,0.0013
18,Warangal,CX,8903,37,0.0042
18,Vapi,Sourcing,3819,3,0.0008
18,Thrissur,Pod,24799,11,0.0004
18,Karur,Sourcing,3190,3,0.0009
18,Kanpur,CX,4063,7,0.0017
18,Indore,WH,16463,3,0.0002
18,Noida,Pod,23359,233,0.01
18,Pondicherry,Pod,12681,23,0.0018
18,Bathinda,Sourcing,1150,5,0.0043
18,Kochi,WH,88796,7,0.0001
18,Saharanpur,Sourcing,872,3,0.0034
18,Kozhikode,Pod,14907,4,0.0003
18,Chandigarh,Pod,38581,2,0.0001
18,Delhi,Sourcing,174087,610,0.0035
18,Guwahati,Pod,9915,108,0.0109
18,Noida 1,Sourcing,72476,142,0.002
18,Patiala,Sourcing,3969,3,0.0008
18,Patiala,Pod,3969,17,0.0043
18,Faridabad,Sourcing,11473,9,0.0008
18,Kannur,Sourcing,1953,1,0.0005
18,Patiala,Pod,3969,2,0.0005
18,Nagercoil,Pod,3837,1,0.0003
18,Dibrugarh,Sourcing,2519,1,0.0004
18,Mumbai,Pod,336168,62,0.0002
18,Gorakhpur,Sourcing,2598,3,0.0012
18,Varanasi,Pod,8842,11,0.0012
18,Bhubaneswar,WH,32554,5,0.0002
18,Hyderabad,WH,340841,152,0.0004
18,Coimbatore,Sourcing,31644,22,0.0007
18,Kolkata,Pod,103289,15,0.0001
18,Nellore,CX,5821,17,0.0029
18,Manipal,Sourcing,7215,10,0.0014
18,Bhopal,Sourcing,9573,10,0.001
18,Manipal,Sourcing,7215,6,0.0008
18,Mumbai,Pod,336168,22,0.0001
18,Eluru,Sourcing,1166,4,0.0034
18,Varanasi,Sourcing,8842,4,0.0005
18,Thiruvalla,Sourcing,4266,4,0.0009
18,Bhimavaram,Pod,765,5,0.0065
18,Vellore,Sourcing,7743,3,0.0004
18,Sri Ganganagar,WH,2372,1,0.0004
18,Ambala,WH,1899,1,0.0005
18,Jalandhar,Sourcing,1926,1,0.0005
18,Cuttack,WH,3608,1,0.0003
18,Gurgaon,WH,88863,49,0.0006
18,Vellore,WH,7743,1,0.0001
18,Bhopal,Sourcing,9573,5,0.0005
18,Lucknow,WH,19033,2,0.0001
18,Trichy,Sourcing,9905,4,0.0004
18,Jaipur,Pod,28520,4,0.0001
18,Udaipur,Sourcing,6047,6,0.001
18,Ambala,CX,1899,8,0.0042
18,Roorkee,Pod,1364,12,0.0088
18,Kanchipuram,CX,3197,7,0.0022
18,Shivamogga,Sourcing,3485,2,0.0006
18,Davanagere,Sourcing,1495,3,0.002
18,Shivamogga,Sourcing,3485,3,0.0009
18,Coimbatore,Pod,31644,3,0.0001
18,Warangal,Sourcing,8903,3,0.0003
18,Karaikkudi,Sourcing,2627,1,0.0004
18,Cuttack,WH,3608,2,0.0006
18,Hyderabad,Pod,340841,3699,0.0109
18,Kannur,Pod,1953,1,0.0005
18,Rajkot,Sourcing,4313,1,0.0002
18,Patiala,CX,3969,9,0.0023
18,Guwahati,Sourcing,9915,4,0.0004
18,Panipat,CX,2977,6,0.002
18,Patiala,Pod,3969,10,0.0025
18,Kottayam,Sourcing,5818,2,0.0003
18,Rudrapur,Pod,1188,10,0.0084
18,Raipur,Pod,5930,6,0.001
18,Thiruvananthapuram,WH,44162,5,0.0001
18,Nagpur,Sourcing,11619,20,0.0017
18,Nellore,Sourcing,5821,7,0.0012
18,Ranchi,WH,6901,2,0.0003
18,Nanded,CX,966,5,0.0052
18,Jodhpur,Sourcing,2099,2,0.001
18,Warangal,Pod,8903,2,0.0002
18,Faridabad,WH,11473,3,0.0003
18,Lucknow,Sourcing,19033,58,0.003
18,Vizianagaram,Sourcing,1109,1,0.0009
18,Mysore,Pod,21961,41,0.0019
18,Hyderabad,Sourcing,340841,562,0.0016
18,Meerut,Sourcing,5046,21,0.0042
18,Thiruvananthapuram,Sourcing,44162,26,0.0006
18,Vapi,CX,3819,9,0.0024
18,Thiruvallur,Pod,2583,19,0.0074
18,Saharanpur,Pod,872,5,0.0057
18,Kurnool,Sourcing,6007,13,0.0022
18,Lucknow,Sourcing,19033,14,0.0007
18,Vijayawada,WH,17870,12,0.0007
18,Latur,Pod,1124,3,0.0027
18,Vapi,WH,3819,2,0.0005
18,Tumakuru,Pod,3530,1,0.0003
18,Indore,Pod,16463,1,0.0001
18,Vizianagaram,Pod,1109,1,0.0009
18,Anand,WH,1055,1,0.0009
18,Anantapur,CX,4335,11,0.0025
18,Nanded,Sourcing,966,6,0.0062
18,Chandigarh,WH,38581,17,0.0004
18,Karaikkudi,CX,2627,19,0.0072
18,Nellore,Sourcing,5821,2,0.0003
18,Coimbatore,WH,31644,8,0.0003
18,Manipal,Sourcing,7215,1,0.0001
18,Ludhiana,WH,9206,1,0.0001
18,Salem,WH,8100,2,0.0002
18,Nagercoil,WH,3837,1,0.0003
18,Vizag,Pod,22508,1,0
18,Delhi,CX,174087,678,0.0039
18,Jabalpur,Sourcing,3506,4,0.0011
18,Thiruvalla,Sourcing,4266,3,0.0007
18,Tirupur,Pod,6213,43,0.0069
18,Udaipur,Sourcing,6047,11,0.0018
18,Ongole,Pod,1420,16,0.0113
18,Alappuzha,CX,3915,4,0.001
18,Bangalore,WH,595643,524,0.0009
18,Guntur,Sourcing,11538,16,0.0014
18,Hyderabad,WH,340841,80,0.0002
18,Thiruvalla,Pod,4266,9,0.0021
18,Thrissur,Sourcing,24799,4,0.0002
18,Eluru,CX,1166,5,0.0043
18,Bilaspur,CX,1349,8,0.0059
18,Karaikkudi,Sourcing,2627,3,0.0011
18,Kanpur,WH,4063,6,0.0015
18,Karnal,CX,1154,2,0.0017
18,Davanagere,WH,1495,1,0.0007
18,Amravati,CX,1025,2,0.002
18,Siliguri,Pod,3881,1,0.0003
18,Hubli,WH,3222,1,0.0003
18,Shivamogga,Pod,3485,1,0.0003
18,Delhi,Sourcing,174087,16,0.0001
18,Mangaluru,WH,20193,3,0.0001
18,Bhilai,CX,1167,7,0.006
18,Lucknow,CX,19033,20,0.0011
18,Guntur,Pod,11538,111,0.0096
18,Salem,CX,8100,11,0.0014
18,Noida,WH,23359,16,0.0007
18,Vizianagaram,CX,1109,2,0.0018
18,Ajmer,Pod,2246,16,0.0071
18,Dehradun,Sourcing,11550,13,0.0011
18,Mathura,Sourcing,1376,6,0.0044
18,Kozhikode,Sourcing,14907,3,0.0002
18,Karnal,WH,1154,1,0.0009
18,Ongole,Sourcing,1420,4,0.0028
18,Thiruvallur,Sourcing,2583,2,0.0008
18,Agra,WH,2098,1,0.0005
18,Mathura,Pod,1376,8,0.0058
18,Madurai,CX,11340,17,0.0015
18,Rajkot,WH,4313,2,0.0005
18,Guwahati,WH,9915,1,0.0001
18,Vadodara,Sourcing,9883,5,0.0005
18,Kottayam,Pod,5818,3,0.0005
18,Panipat,WH,2977,2,0.0007
18,Nagpur,Sourcing,11619,7,0.0006
18,Raipur,WH,5930,2,0.0003
18,Anand,Sourcing,1055,2,0.0019
18,Aligarh,WH,2377,1,0.0004
18,Siliguri,WH,3881,2,0.0005
18,Udaipur,Pod,6047,56,0.0093
18,Kolkata,Pod,103289,429,0.0042
18,Salem,Pod,8100,22,0.0027
18,Madurai,Pod,11340,32,0.0028
18,Rajahmundry,CX,3994,6,0.0015
18,Vijayawada,Pod,17870,7,0.0004
18,Mathura,Sourcing,1376,7,0.0051
18,Vizag,WH,22508,10,0.0004
18,Mysore,CX,21961,38,0.0017
18,Thiruvallur,CX,2583,7,0.0027
18,Aurangabad,Sourcing,3441,3,0.0009
18,Palakkad,Sourcing,4616,2,0.0004
18,Kochi,WH,88796,12,0.0001
18,Thrissur,Pod,24799,1,0
18,Bikaner,Sourcing,1540,1,0.0006
18,Rudrapur,Pod,1188,1,0.0008
18,Jalandhar,Pod,1926,13,0.0068
18,Vapi,Pod,3819,21,0.0055
18,Nagercoil,CX,3837,3,0.0008
18,Lonavla,Pod,852,3,0.0035
18,Nagpur,Pod,11619,5,0.0004
18,Saharanpur,Sourcing,872,2,0.0023
18,Hyderabad,Pod,340841,5,0
18,Kollam,WH,9656,1,0.0001
18,Bhimavaram,Sourcing,765,1,0.0013
18,Silchar,Pod,4208,4,0.001
18,Nizamabad,CX,1067,4,0.0037
18,Surat,WH,10386,3,0.0003
18,Thoothukudi,WH,5074,1,0.0002
18,Kollam,Sourcing,9656,1,0.0001
18,Vapi,Sourcing,3819,2,0.0005
18,Jodhpur,WH,2099,1,0.0005
18,Madurai,Sourcing,11340,1,0.0001
18,Anantapur,WH,4335,2,0.0005
18,Varanasi,Pod,8842,1,0.0001
18,Delhi,WH,174087,102,0.0006
18,Tirunelveli,Pod,5611,15,0.0027
18,Tumakuru,Sourcing,3530,3,0.0009
18,Moradabad,Sourcing,2973,5,0.0017
18,Moradabad,Sourcing,2973,1,0.0003
18,Faridabad,Pod,11473,7,0.0006
18,Panipat,WH,2977,1,0.0003
18,Mangaluru,Sourcing,20193,2,0.0001
18,Indore,Sourcing,16463,49,0.003
18,Muzaffarpur,Sourcing,1082,2,0.0018
18,Agra,CX,2098,8,0.0038
18,Saharanpur,CX,872,4,0.0046
18,Central Goa,Sourcing,35655,12,0.0003
18,Vizianagaram,Pod,1109,3,0.0027
18,Surat,WH,10386,2,0.0002
18,Bangalore,Sourcing,595643,946,0.0016
18,Nagpur,WH,11619,1,0.0001
18,Gwalior,CX,4501,19,0.0042
18,Mumbai,Sourcing,336168,400,0.0012
18,Dehradun,Pod,11550,1,0.0001
18,Trichy,Sourcing,9905,1,0.0001
18,Rohtak,Pod,2845,1,0.0004
18,Guntur,Sourcing,11538,1,0.0001
18,Mumbai,Sourcing,336168,334,0.001
18,Kota,WH,3738,1,0.0003
18,Kannur,WH,1953,1,0.0005
18,Siliguri,Pod,3881,31,0.008
18,Vijayawada,Pod,17870,101,0.0057
18,Bangalore,Pod,595643,174,0.0003
18,Cuttack,Pod,3608,16,0.0044
18,Siliguri,Pod,3881,3,0.0008
18,Jaipur,Sourcing,28520,18,0.0006
18,Nellore,WH,5821,4,0.0007
18,Kolhapur,CX,2204,3,0.0014
18,Tirupur,Sourcing,6213,6,0.001
18,Mysore,WH,21961,14,0.0006
18,Karimnagar,Pod,3446,23,0.0067
18,Central Goa,Sourcing,35655,12,0.0003
18,Tirupur,Pod,6213,2,0.0003
18,Jalandhar,Pod,1926,1,0.0005
18,Ahmedabad,Sourcing,38440,32,0.0008
18,Gwalior,Pod,4501,61,0.0136
18,Nashik,CX,6958,21,0.003
18,Ongole,Sourcing,1420,9,0.0063
18,Anantapur,Sourcing,4335,1,0.0002
18,Thrissur,WH,24799,3,0.0001
18,Ongole,Pod,1420,1,0.0007
18,Noida 1,Pod,72476,197,0.0027
18,Indore,WH,16463,1,0.0001
18,Karur,Pod,3190,13,0.0041
18,Karimnagar,Pod,3446,1,0.0003
18,Aligarh,CX,2377,17,0.0072
18,Patna,Sourcing,17172,25,0.0015
18,Shivamogga,Sourcing,3485,7,0.002
18,Patiala,Sourcing,3969,16,0.004
18,Madurai,WH,11340,3,0.0003
18,Vizag,Sourcing,22508,2,0.0001
18,Mathura,WH,1376,1,0.0007
18,Agra,WH,2098,2,0.001
18,Bathinda,CX,1150,1,0.0009
18,Mangaluru,CX,20193,47,0.0023
18,Pune,Sourcing,165090,162,0.001
18,Noida 1,Sourcing,72476,153,0.0021
18,Central Goa,CX,35655,73,0.002
18,Vellore,Pod,7743,5,0.0006
18,Ambala,Pod,1899,16,0.0084
18,Bangalore,Pod,595643,2,0
18,Hubli,CX,3222,4,0.0012
18,Mysore,Pod,21961,7,0.0003
18,Tirupati,Pod,12485,3,0.0002
18,Chennai,Pod,261895,15,0.0001
18,Anand,Sourcing,1055,3,0.0028
18,Surat,Sourcing,10386,6,0.0006
18,Chennai,Sourcing,261895,12,0
18,Thrissur,WH,24799,2,0.0001
18,Thoothukudi,Sourcing,5074,4,0.0008
18,Guntur,Pod,11538,1,0.0001
18,Ahmedabad,Pod,38440,3,0.0001
18,Coimbatore,Pod,31644,216,0.0068
18,Lucknow,Sourcing,19033,18,0.0009
18,Gorakhpur,CX,2598,4,0.0015
18,Thoothukudi,WH,5074,3,0.0006
18,Jabalpur,Pod,3506,30,0.0086
18,Allahabad,CX,2422,5,0.0021
18,Moradabad,Sourcing,2973,1,0.0003
18,Vizag,Sourcing,22508,7,0.0003
18,Nagercoil,Sourcing,3837,1,0.0003
18,Jaipur,WH,28520,8,0.0003
18,Berhampur,Pod,1790,13,0.0073
18,Mumbai,Pod,336168,168,0.0005
18,Noida,Sourcing,23359,44,0.0019
18,Coimbatore,Sourcing,31644,5,0.0002
18,Sonipat,Pod,1203,2,0.0017
18,Coimbatore,WH,31644,6,0.0002
18,Tumakuru,CX,3530,5,0.0014
18,Moradabad,CX,2973,6,0.002
18,Coimbatore,Sourcing,31644,5,0.0002
18,Nashik,WH,6958,5,0.0007
18,Nanded,Pod,966,3,0.0031
18,Mathura,Sourcing,1376,1,0.0007
18,Roorkee,Pod,1364,1,0.0007
18,Alappuzha,WH,3915,1,0.0003
18,Gorakhpur,Sourcing,2598,1,0.0004
18,Patna,WH,17172,2,0.0001
18,Jamshedpur,Sourcing,4057,1,0.0002
18,Anand,WH,1055,1,0.0009
18,Jodhpur,Pod,2099,25,0.0119
18,Varanasi,Pod,8842,66,0.0075
18,Mysore,Sourcing,21961,24,0.0011
18,Kota,Sourcing,3738,8,0.0021
18,Nashik,WH,6958,3,0.0004
18,Bhilai,Pod,1167,14,0.012
18,Ajmer,CX,2246,8,0.0036
18,Ludhiana,Pod,9206,13,0.0014
18,Alappuzha,Sourcing,3915,5,0.0013
18,Kakinada,Sourcing,3910,3,0.0008
18,Nagpur,Pod,11619,21,0.0018
18,Kottayam,WH,5818,3,0.0005
18,Thanjavur,Pod,5881,1,0.0002
18,Lonavla,CX,852,3,0.0035
18,Ambala,Sourcing,1899,4,0.0021
18,Varanasi,Sourcing,8842,3,0.0003
18,Chandigarh,WH,38581,8,0.0002
18,Berhampur,Sourcing,1790,1,0.0006
18,Nellore,WH,5821,1,0.0002
18,Jabalpur,Sourcing,3506,1,0.0003
18,Chennai,CX,261895,997,0.0038
18,Thoothukudi,Pod,5074,29,0.0057
18,Dehradun,Pod,11550,101,0.0087
18,Hyderabad,Sourcing,340841,126,0.0004
18,Lucknow,Pod,19033,23,0.0012
18,Pondicherry,Pod,12681,49,0.0039
18,Aurangabad,Pod,3441,35,0.0102
18,Roorkee,CX,1364,6,0.0044
18,Madurai,Pod,11340,4,0.0004
18,Kochi,Sourcing,88796,19,0.0002
18,Noida,WH,23359,3,0.0001
18,Kollam,CX,9656,9,0.0009
18,Anand,Pod,1055,5,0.0047
18,Patna,Pod,17172,132,0.0077
18,Kakinada,CX,3910,11,0.0028
18,Bikaner,Pod,1540,14,0.0091
18,Moradabad,Sourcing,2973,11,0.0037
18,Vadodara,Sourcing,9883,19,0.0019
18,Nellore,Pod,5821,12,0.0021
18,Chandigarh,Sourcing,38581,6,0.0002
18,Vizag,WH,22508,3,0.0001
18,Gwalior,Sourcing,4501,1,0.0002
18,Nizamabad,Pod,1067,1,0.0009
18,Amravati,WH,1025,1,0.001
18,Ujjain,WH,2422,4,0.0017
18,Nizamabad,Sourcing,1067,1,0.0009
18,Anantapur,WH,4335,1,0.0002
18,Bangalore,Pod,595643,3412,0.0057
18,Indore,Pod,16463,226,0.0137
18,Manipal,CX,7215,11,0.0015
18,Siliguri,Sourcing,3881,1,0.0003
18,Jaipur,CX,28520,124,0.0043
18,Vijayawada,CX,17870,44,0.0025
18,Thrissur,Sourcing,24799,10,0.0004
18,Raipur,CX,5930,16,0.0027
18,Vizag,CX,22508,40,0.0018
18,Gurgaon,Sourcing,88863,114,0.0013
18,Roorkee,Sourcing,1364,2,0.0015
18,Rajahmundry,Pod,3994,22,0.0055
18,Rohtak,Pod,2845,19,0.0067
18,Aurangabad,CX,3441,9,0.0026
18,Roorkee,Sourcing,1364,2,0.0015
18,Rudrapur,WH,1188,1,0.0008
18,Ajmer,WH,2246,1,0.0004
18,Kolhapur,Sourcing,2204,1,0.0005
18,Kota,Sourcing,3738,1,0.0003
18,Silchar,WH,4208,1,0.0002
18,Mumbai,WH,336168,146,0.0004
18,Mumbai,Sourcing,336168,197,0.0006
18,Varanasi,CX,8842,21,0.0024
18,Gurgaon,Sourcing,88863,1,0
18,Delhi,WH,174087,80,0.0005
18,Chennai,Pod,261895,67,0.0003
18,Pondicherry,Sourcing,12681,16,0.0013
18,Karur,WH,3190,1,0.0003
18,Gorakhpur,WH,2598,1,0.0004
18,Kollam,Pod,9656,13,0.0013
18,Gurgaon,CX,88863,373,0.0042
18,Manipal,Pod,7215,13,0.0018
18,Siliguri,CX,3881,11,0.0028
18,Surat,Sourcing,10386,16,0.0015
18,Rajahmundry,WH,3994,3,0.0008
18,Jaipur,Sourcing,28520,46,0.0016
18,Thoothukudi,CX,5074,8,0.0016
18,Salem,Sourcing,8100,4,0.0005
18,Kota,Sourcing,3738,11,0.0029
18,Bhopal,WH,9573,2,0.0002
18,Salem,Pod,8100,5,0.0006
18,Berhampur,CX,1790,3,0.0017
18,Rohtak,Sourcing,2845,2,0.0007
18,Latur,Sourcing,1124,1,0.0009
18,Mumbai,Pod,336168,2169,0.0065
18,Pondicherry,CX,12681,29,0.0023
18,Surat,Pod,10386,12,0.0012
18,Amritsar,Pod,3401,21,0.0062
18,Vijayawada,WH,17870,6,0.0003
18,Trichy,Sourcing,9905,4,0.0004
18,Palakkad,WH,4616,2,0.0004
18,Lonavla,Sourcing,852,1,0.0012
18,Tirupati,WH,12485,7,0.0006
18,Dibrugarh,Sourcing,2519,1,0.0004
18,Ranchi,WH,6901,5,0.0007
18,Rohtak,Pod,2845,1,0.0004
18,Central Goa,WH,35655,1,0
18,Vizag,Pod,22508,3,0.0001
18,Hubli,WH,3222,1,0.0003
19,Belgaum,Pod,3776,1,0.0003
19,Muzaffarpur,Pod,1045,1,0.001
19,Bhilai,Sourcing,1120,1,0.0009
19,Rajahmundry,WH,4010,2,0.0005
19,Guntur,Sourcing,10875,1,0.0001
19,Bareilly,WH,1294,1,0.0008
19,Gurgaon,WH,88604,37,0.0004
19,Trichy,WH,9792,2,0.0002
19,Vizag,Sourcing,22798,12,0.0005
19,Vijayawada,WH,16722,12,0.0007
19,Vellore,Sourcing,6852,5,0.0007
19,Tumakuru,Sourcing,3444,2,0.0006
19,Nanded,CX,994,2,0.002
19,Nizamabad,Pod,1082,2,0.0018
19,Mangaluru,Pod,20785,105,0.0051
19,Noida,Pod,21506,81,0.0038
19,Guntur,CX,10875,36,0.0033
19,Rajkot,CX,4273,10,0.0023
19,Belgaum,Sourcing,3776,2,0.0005
19,Vadodara,Sourcing,8912,6,0.0007
19,Kanchipuram,Sourcing,3184,3,0.0009
19,Vadodara,Sourcing,8912,1,0.0001
19,Karimnagar,WH,3361,1,0.0003
19,Faridabad,Sourcing,10901,1,0.0001
19,Raipur,Sourcing,5889,1,0.0002
19,Chennai,Sourcing,257830,1,0
19,Patiala,Sourcing,4483,1,0.0002
19,Gorakhpur,WH,2852,1,0.0004
19,Berhampur,WH,1922,1,0.0005
19,Jabalpur,Pod,3514,1,0.0003
19,Palakkad,WH,4451,2,0.0004
19,Hyderabad,CX,331226,1241,0.0037
19,Bhubaneswar,Sourcing,34126,5,0.0001
19,Jamshedpur,CX,4510,9,0.002
19,Vijayawada,Pod,16722,69,0.0041
19,Raipur,CX,5889,21,0.0036
19,Chandigarh,Pod,36583,6,0.0002
19,Surat,Sourcing,10142,6,0.0006
19,Tirupur,CX,5968,14,0.0023
19,Thiruvananthapuram,CX,44338,67,0.0015
19,Lucknow,WH,21998,5,0.0002
19,Guntur,WH,10875,8,0.0007
19,Bilaspur,Pod,1349,12,0.0089
19,Nashik,Pod,6790,7,0.001
19,Muzaffarpur,CX,1045,3,0.0029
19,Moradabad,Pod,2792,10,0.0036
19,Madurai,WH,10487,3,0.0003
19,Guwahati,Sourcing,10558,6,0.0006
19,Bhopal,WH,9173,2,0.0002
19,Bhilai,Pod,1120,1,0.0009
19,Karaikkudi,Pod,2492,1,0.0004
19,Ahmedabad,Pod,37136,358,0.0096
19,Chennai,Sourcing,257830,50,0.0002
19,Kolkata,Pod,102513,378,0.0037
19,Thrissur,Pod,23369,36,0.0015
19,Dehradun,CX,11651,20,0.0017
19,Varanasi,Pod,8622,52,0.006
19,Latur,Pod,1041,5,0.0048
19,Nashik,WH,6790,4,0.0006
19,Jodhpur,CX,2115,15,0.0071
19,Guwahati,CX,10558,34,0.0032
19,Nizamabad,Pod,1082,8,0.0074
19,Anantapur,Sourcing,4301,2,0.0005
19,Kozhikode,CX,14821,17,0.0011
19,Kollam,Sourcing,9905,1,0.0001
19,Amritsar,Pod,3161,18,0.0057
19,Nizamabad,CX,1082,2,0.0018
19,Patiala,Sourcing,4483,3,0.0007
19,Guwahati,Sourcing,10558,3,0.0003
19,Thiruvananthapuram,Sourcing,44338,6,0.0001
19,Panipat,Sourcing,2924,12,0.0041
19,Silchar,Pod,4177,2,0.0005
19,Belgaum,Sourcing,3776,2,0.0005
19,Bangalore,CX,604991,1346,0.0022
19,Delhi,Sourcing,169867,165,0.001
19,Thoothukudi,CX,4760,9,0.0019
19,Vizag,CX,22798,73,0.0032
19,Central Goa,Sourcing,35588,17,0.0005
19,Salem,Pod,7702,26,0.0034
19,Rajahmundry,Pod,4010,22,0.0055
19,Gwalior,Pod,4443,35,0.0079
19,Varanasi,Pod,8622,3,0.0003
19,Noida 1,WH,68753,16,0.0002
19,Thanjavur,Sourcing,5739,3,0.0005
19,Thrissur,WH,23369,3,0.0001
19,Rohtak,Pod,2873,1,0.0003
19,Karimnagar,Pod,3361,1,0.0003
19,Ranchi,WH,7680,1,0.0001
19,Sri Ganganagar,Pod,2289,1,0.0004
19,Bhopal,Pod,9173,5,0.0005
19,Ambala,WH,1871,1,0.0005
19,Lucknow,Sourcing,21998,21,0.001
19,Mangaluru,WH,20785,10,0.0005
19,Lucknow,CX,21998,42,0.0019
19,Patiala,CX,4483,7,0.0016
19,Warangal,Pod,8634,7,0.0008
19,Surat,Sourcing,10142,4,0.0004
19,Vellore,Pod,6852,3,0.0004
19,Roorkee,Pod,1428,3,0.0021
19,Vapi,Pod,3929,19,0.0048
19,Noida,WH,21506,10,0.0005
19,Salem,WH,7702,2,0.0003
19,Chennai,Pod,257830,2625,0.0102
19,Vijayawada,Sourcing,16722,15,0.0009
19,Dehradun,Pod,11651,67,0.0058
19,Nashik,CX,6790,20,0.0029
19,Saharanpur,Pod,885,8,0.009
19,Kochi,WH,93352,12,0.0001
19,Patiala,Pod,4483,10,0.0022
19,Kurnool,Pod,5946,13,0.0022
19,Thiruvananthapuram,WH,44338,6,0.0001
19,Vapi,Sourcing,3929,8,0.002
19,Karnal,CX,1017,3,0.003
19,Indore,Pod,15493,9,0.0006
19,Erode,Sourcing,3855,1,0.0003
19,Panipat,Pod,2924,1,0.0003
19,Nellore,Sourcing,5711,1,0.0002
19,Siliguri,Sourcing,4009,1,0.0002
19,Jamshedpur,Sourcing,4510,1,0.0002
19,Anantapur,Pod,4301,1,0.0002
19,Nellore,WH,5711,2,0.0004
19,Alappuzha,Sourcing,3857,2,0.0005
19,Bangalore,Sourcing,604991,571,0.0009
19,Rajkot,Pod,4273,20,0.0047
19,Trichy,Pod,9792,47,0.0048
19,Jaipur,Sourcing,27307,12,0.0004
19,Udaipur,WH,5873,5,0.0009
19,Mumbai,WH,331403,142,0.0004
19,Thanjavur,Sourcing,5739,4,0.0007
19,Kottayam,Pod,5712,17,0.003
19,Surat,CX,10142,23,0.0023
19,Gurgaon,Pod,88604,13,0.0001
19,Manipal,Sourcing,6990,2,0.0003
19,Agra,Sourcing,2215,5,0.0023
19,Gwalior,WH,4443,1,0.0002
19,Surat,WH,10142,5,0.0005
19,Bathinda,CX,1146,3,0.0026
19,Rajahmundry,WH,4010,2,0.0005
19,Manipal,Sourcing,6990,5,0.0007
19,Kanpur,Sourcing,4223,1,0.0002
19,Nashik,WH,6790,4,0.0006
19,Allahabad,Sourcing,2308,2,0.0009
19,Thanjavur,Pod,5739,1,0.0002
19,Delhi,Sourcing,169867,5,0
19,Tirunelveli,WH,5544,3,0.0005
19,Rudrapur,Pod,1302,1,0.0008
19,Rajahmundry,Pod,4010,1,0.0002
19,Eluru,Pod,1035,1,0.001
19,Indore,Sourcing,15493,16,0.001
19,Pune,CX,162542,483,0.003
19,Hyderabad,Pod,331226,77,0.0002
19,Madurai,Pod,10487,55,0.0052
19,Kollam,Pod,9905,5,0.0005
19,Jamshedpur,Pod,4510,37,0.0082
19,Panipat,Pod,2924,23,0.0079
19,Thanjavur,WH,5739,4,0.0007
19,Khammam,Sourcing,5509,7,0.0013
19,Siliguri,WH,4009,2,0.0005
19,Ajmer,Sourcing,2357,3,0.0013
19,Bathinda,Sourcing,1146,2,0.0017
19,Tirupati,CX,11504,35,0.003
19,Raipur,Pod,5889,53,0.009
19,Manipal,Pod,6990,1,0.0001
19,Vadodara,WH,8912,3,0.0003
19,Noida,CX,21506,93,0.0043
19,Kozhikode,Pod,14821,6,0.0004
19,Noida 1,CX,68753,220,0.0032
19,Thiruvallur,CX,2445,14,0.0057
19,Karaikkudi,Pod,2492,17,0.0068
19,Thiruvalla,Pod,4217,7,0.0017
19,Varanasi,Sourcing,8622,9,0.001
19,Nashik,Pod,6790,47,0.0069
19,Central Goa,Pod,35588,211,0.0059
19,Thoothukudi,WH,4760,4,0.0008
19,Ludhiana,Sourcing,9311,13,0.0014
19,Kurnool,Sourcing,5946,11,0.0019
19,Lucknow,Sourcing,21998,33,0.0015
19,Tirunelveli,Sourcing,5544,5,0.0009
19,Patiala,WH,4483,2,0.0004
19,Berhampur,Sourcing,1922,3,0.0016
19,Belgaum,Pod,3776,8,0.0021
19,Bhubaneswar,Pod,34126,6,0.0002
19,Bhubaneswar,Sourcing,34126,2,0.0001
19,Ludhiana,Pod,9311,1,0.0001
19,Nagercoil,CX,3919,3,0.0008
19,Nellore,Sourcing,5711,2,0.0004
19,Erode,WH,3855,1,0.0003
19,Saharanpur,Sourcing,885,2,0.0023
19,Hyderabad,Pod,331226,3420,0.0103
19,Gurgaon,Sourcing,88604,64,0.0007
19,Ludhiana,WH,9311,1,0.0001
19,Ahmedabad,Sourcing,37136,7,0.0002
19,Chennai,Sourcing,257830,38,0.0001
19,Bikaner,Pod,1414,13,0.0092
19,Nagercoil,Pod,3919,1,0.0003
19,Bangalore,Sourcing,604991,599,0.001
19,Pondicherry,CX,12230,21,0.0017
19,Nellore,Pod,5711,38,0.0067
19,Ranchi,WH,7680,2,0.0003
19,Roorkee,CX,1428,6,0.0042
19,Madurai,Sourcing,10487,3,0.0003
19,Thrissur,Sourcing,23369,4,0.0002
19,Thiruvananthapuram,Pod,44338,5,0.0001
19,Aurangabad,Sourcing,3312,1,0.0003
19,Noida,Sourcing,21506,1,0
19,Bhilai,WH,1120,1,0.0009
19,Shivamogga,Pod,3381,1,0.0003
19,Kochi,Sourcing,93352,1,0
19,Sri Ganganagar,WH,2289,2,0.0009
19,Karimnagar,Pod,3361,1,0.0003
19,Meerut,Pod,5159,35,0.0068
19,Kolkata,WH,102513,32,0.0003
19,Bhopal,Pod,9173,52,0.0057
19,Khammam,WH,5509,2,0.0004
19,Bangalore,Sourcing,604991,579,0.001
19,Jodhpur,Pod,2115,27,0.0128
19,Delhi,Pod,169867,31,0.0002
19,Ajmer,CX,2357,8,0.0034
19,Raipur,Pod,5889,7,0.0012
19,Tirupur,Pod,5968,29,0.0049
19,Rudrapur,CX,1302,2,0.0015
19,Ludhiana,Sourcing,9311,2,0.0002
19,Vizianagaram,WH,1169,2,0.0017
19,Roorkee,Pod,1428,9,0.0063
19,Mathura,Sourcing,1479,1,0.0007
19,Salem,Pod,7702,7,0.0009
19,Patna,Sourcing,19959,1,0.0001
19,Belgaum,Sourcing,3776,2,0.0005
19,Pondicherry,WH,12230,1,0.0001
19,Thiruvallur,WH,2445,1,0.0004
19,Gwalior,Sourcing,4443,2,0.0005
19,Aligarh,CX,2082,8,0.0038
19,Central Goa,WH,35588,5,0.0001
19,Ambala,Pod,1871,11,0.0059
19,Panipat,CX,2924,7,0.0024
19,Vadodara,Pod,8912,57,0.0064
19,Delhi,WH,169867,79,0.0005
19,Nellore,Pod,5711,16,0.0028
19,Tirupur,Sourcing,5968,4,0.0007
19,Tumakuru,Pod,3444,4,0.0012
19,Jamshedpur,WH,4510,2,0.0004
19,Kottayam,CX,5712,7,0.0012
19,Trichy,Sourcing,9792,3,0.0003
19,Ongole,Sourcing,1373,1,0.0007
19,Tirupati,Pod,11504,2,0.0002
19,Dehradun,Sourcing,11651,2,0.0002
19,Berhampur,WH,1922,2,0.001
19,Sri Ganganagar,Sourcing,2289,2,0.0009
19,Mathura,Sourcing,1479,1,0.0007
19,Bikaner,Sourcing,1414,2,0.0014
19,Dehradun,Sourcing,11651,4,0.0003
19,Kanchipuram,Sourcing,3184,1,0.0003
19,Moradabad,WH,2792,1,0.0004
19,Palakkad,CX,4451,1,0.0002
19,Thiruvallur,Sourcing,2445,1,0.0004
19,Ajmer,WH,2357,1,0.0004
19,Pune,Sourcing,162542,5,0
19,Vellore,CX,6852,15,0.0022
19,Bangalore,Sourcing,604991,95,0.0002
19,Central Goa,Sourcing,35588,5,0.0001
19,Kochi,CX,93352,114,0.0012
19,Chennai,WH,257830,90,0.0003
19,Jalandhar,Sourcing,1947,5,0.0026
19,Bhopal,Sourcing,9173,18,0.002
19,Kanchipuram,Pod,3184,24,0.0075
19,Tirunelveli,CX,5544,8,0.0014
19,Vizag,Sourcing,22798,10,0.0004
19,Anantapur,WH,4301,4,0.0009
19,Tirupati,Sourcing,11504,6,0.0005
19,Pondicherry,Pod,12230,19,0.0016
19,Sri Ganganagar,CX,2289,11,0.0048
19,Khammam,WH,5509,2,0.0004
19,Ongole,CX,1373,6,0.0044
19,Nagercoil,Pod,3919,9,0.0023
19,Pondicherry,Sourcing,12230,10,0.0008
19,Ahmedabad,WH,37136,5,0.0001
19,Rohtak,CX,2873,5,0.0017
19,Thiruvallur,Sourcing,2445,1,0.0004
19,Moradabad,CX,2792,3,0.0011
19,Saharanpur,Pod,885,1,0.0011
19,Lonavla,Sourcing,838,1,0.0012
19,Nanded,Sourcing,994,1,0.001
19,Kannur,Pod,1935,1,0.0005
19,Tirupati,Pod,11504,79,0.0069
19,Meerut,CX,5159,9,0.0017
19,Thrissur,Pod,23369,4,0.0002
19,Vadodara,WH,8912,5,0.0006
19,Coimbatore,CX,31770,85,0.0027
19,Kozhikode,Pod,14821,35,0.0024
19,Surat,Pod,10142,63,0.0062
19,Varanasi,CX,8622,28,0.0032
19,Amritsar,Sourcing,3161,5,0.0016
19,Coimbatore,Sourcing,31770,7,0.0002
19,Bhubaneswar,WH,34126,1,0
19,Gorakhpur,WH,2852,1,0.0004
19,Kota,WH,3038,1,0.0003
19,Palakkad,Sourcing,4451,1,0.0002
19,Noida 1,Pod,68753,477,0.0069
19,Mangaluru,CX,20785,38,0.0018
19,Aligarh,Sourcing,2082,6,0.0029
19,Amravati,CX,1195,4,0.0033
19,Sonipat,Sourcing,1199,2,0.0017
19,Mysore,WH,21377,24,0.0011
19,Ambala,Sourcing,1871,2,0.0011
19,Aligarh,Pod,2082,4,0.0019
19,Jodhpur,Sourcing,2115,1,0.0005
19,Karur,Pod,3015,1,0.0003
19,Meerut,WH,5159,1,0.0002
19,Bhubaneswar,Pod,34126,251,0.0074
19,Kochi,WH,93352,6,0.0001
19,Kurnool,CX,5946,22,0.0037
19,Eluru,Pod,1035,6,0.0058
19,Vellore,Sourcing,6852,2,0.0003
19,Thiruvallur,Pod,2445,6,0.0025
19,Nanded,Pod,994,4,0.004
19,Madurai,WH,10487,9,0.0009
19,Thoothukudi,Sourcing,4760,2,0.0004
19,Ujjain,Sourcing,2559,2,0.0008
19,Ongole,Pod,1373,1,0.0007
19,Thrissur,Sourcing,23369,2,0.0001
19,Agra,CX,2215,14,0.0063
19,Mumbai,Pod,331403,144,0.0004
19,Warangal,CX,8634,39,0.0045
19,Kurnool,Pod,5946,35,0.0059
19,Ludhiana,Pod,9311,11,0.0012
19,Tumakuru,CX,3444,6,0.0017
19,Kochi,Sourcing,93352,19,0.0002
19,Thrissur,WH,23369,3,0.0001
19,Hyderabad,Sourcing,331226,543,0.0016
19,Ahmedabad,CX,37136,97,0.0026
19,Faridabad,Pod,10901,102,0.0094
19,Erode,CX,3855,8,0.0021
19,Thrissur,Sourcing,23369,5,0.0002
19,Alappuzha,Pod,3857,8,0.0021
19,Sonipat,Sourcing,1199,2,0.0017
19,Kozhikode,WH,14821,2,0.0001
19,Sonipat,Sourcing,1199,2,0.0017
19,Udaipur,WH,5873,2,0.0003
19,Faridabad,Pod,10901,1,0.0001
19,Karaikkudi,Sourcing,2492,2,0.0008
19,Panipat,Sourcing,2924,2,0.0007
19,Thanjavur,Sourcing,5739,2,0.0003
19,Ahmedabad,Pod,37136,3,0.0001
19,Kannur,Sourcing,1935,1,0.0005
19,Palakkad,Pod,4451,1,0.0002
19,Guntur,Sourcing,10875,1,0.0001
19,Ajmer,Pod,2357,1,0.0004
19,Chandigarh,CX,36583,117,0.0032
19,Kollam,Sourcing,9905,5,0.0005
19,Guntur,Pod,10875,98,0.009
19,Kanpur,Pod,4223,25,0.0059
19,Gurgaon,Sourcing,88604,50,0.0006
19,Mumbai,Sourcing,331403,351,0.0011
19,Thoothukudi,WH,4760,4,0.0008
19,Kozhikode,Sourcing,14821,9,0.0006
19,Thiruvananthapuram,WH,44338,8,0.0002
19,Rajkot,WH,4273,2,0.0005
19,Guntur,Sourcing,10875,3,0.0003
19,Ahmedabad,WH,37136,6,0.0002
19,Kozhikode,WH,14821,3,0.0002
19,Jaipur,WH,27307,3,0.0001
19,Central Goa,CX,35588,75,0.0021
19,Tirupur,Sourcing,5968,2,0.0003
19,Kota,CX,3038,15,0.0049
19,Khammam,CX,5509,11,0.002
19,Patiala,Sourcing,4483,1,0.0002
19,Thiruvananthapuram,Sourcing,44338,1,0
19,Siliguri,Pod,4009,22,0.0055
19,Jabalpur,WH,3514,1,0.0003
19,Nellore,Pod,5711,1,0.0002
19,Aligarh,Pod,2082,25,0.012
19,Lonavla,Sourcing,838,2,0.0024
19,Lucknow,Sourcing,21998,10,0.0005
19,Nellore,WH,5711,3,0.0005
19,Salem,Pod,7702,1,0.0001
19,Kurnool,Sourcing,5946,5,0.0008
19,Kollam,Sourcing,9905,2,0.0002
19,Karur,Pod,3015,1,0.0003
19,Cuttack,Pod,3746,16,0.0043
19,Nagpur,CX,11266,27,0.0024
19,Noida,Sourcing,21506,27,0.0013
19,Trichy,Sourcing,9792,8,0.0008
19,Manipal,Sourcing,6990,4,0.0006
19,Kochi,Sourcing,93352,10,0.0001
19,Tumakuru,Pod,3444,11,0.0032
19,Mumbai,Pod,331403,58,0.0002
19,Allahabad,CX,2308,6,0.0026
19,Sonipat,CX,1199,5,0.0042
19,Varanasi,WH,8622,3,0.0003
19,Erode,Sourcing,3855,4,0.001
19,Warangal,Sourcing,8634,6,0.0007
19,Vizianagaram,Sourcing,1169,1,0.0009
19,Udaipur,CX,5873,20,0.0034
19,Manipal,CX,6990,6,0.0009
19,Mangaluru,WH,20785,6,0.0003
19,Lucknow,Pod,21998,16,0.0007
19,Coimbatore,WH,31770,10,0.0003
19,Vizag,Pod,22798,12,0.0005
19,Bilaspur,Pod,1349,1,0.0007
19,Ajmer,Sourcing,2357,1,0.0004
19,Ongole,Sourcing,1373,1,0.0007
19,Mumbai,Sourcing,331403,298,0.0009
19,Madurai,Sourcing,10487,4,0.0004
19,Chandigarh,Sourcing,36583,15,0.0004
19,Berhampur,Pod,1922,7,0.0036
19,Noida 1,Sourcing,68753,8,0.0001
19,Trichy,WH,9792,4,0.0004
19,Patna,Sourcing,19959,16,0.0008
19,Hyderabad,Pod,331226,2,0
19,Alappuzha,WH,3857,1,0.0003
19,Allahabad,WH,2308,1,0.0004
19,Delhi,Pod,169867,1479,0.0087
19,Kurnool,Sourcing,5946,1,0.0002
19,Guntur,Pod,10875,3,0.0003
19,Ujjain,Sourcing,2559,1,0.0004
19,Pune,WH,162542,38,0.0002
19,Gurgaon,Pod,88604,63,0.0007
19,Anantapur,Pod,4301,41,0.0095
19,Rudrapur,Pod,1302,9,0.0069
19,Manipal,WH,6990,4,0.0006
19,Kota,Pod,3038,9,0.003
19,Nagpur,Sourcing,11266,8,0.0007
19,Chennai,Sourcing,257830,218,0.0008
19,Udaipur,Pod,5873,51,0.0087
19,Vijayawada,Sourcing,16722,18,0.0011
19,Noida 1,Sourcing,68753,100,0.0015
19,Vijayawada,Pod,16722,7,0.0004
19,Kottayam,WH,5712,2,0.0004
19,Chennai,Pod,257830,12,0
19,Vizag,Pod,22798,4,0.0002
19,Tirupati,Sourcing,11504,12,0.001
19,Bhopal,Sourcing,9173,1,0.0001
19,Rajkot,Sourcing,4273,1,0.0002
19,Patna,WH,19959,8,0.0004
19,Chandigarh,WH,36583,4,0.0001
19,Karnal,Sourcing,1017,1,0.001
19,Latur,CX,1041,1,0.001
19,Sri Ganganagar,Sourcing,2289,1,0.0004
19,Delhi,Pod,169867,6,0
19,Tirupati,Pod,11504,9,0.0008
19,Karimnagar,Pod,3361,22,0.0065
19,Mysore,Pod,21377,29,0.0014
19,Thoothukudi,Pod,4760,23,0.0048
19,Noida 1,WH,68753,29,0.0004
19,Vadodara,Sourcing,8912,11,0.0012
19,Tirupati,Sourcing,11504,8,0.0007
19,Vellore,WH,6852,2,0.0003
19,Thanjavur,CX,5739,12,0.0021
19,Siliguri,Sourcing,4009,2,0.0005
19,Mathura,Pod,1479,7,0.0047
19,Jabalpur,Sourcing,3514,3,0.0009
19,Dibrugarh,WH,2871,2,0.0007
19,Jamshedpur,Pod,4510,2,0.0004
19,Faridabad,WH,10901,4,0.0004
19,Silchar,WH,4177,1,0.0002
19,Aurangabad,Sourcing,3312,1,0.0003
19,Rudrapur,WH,1302,1,0.0008
19,Bangalore,Pod,604991,135,0.0002
19,Chandigarh,Pod,36583,317,0.0087
19,Thiruvananthapuram,Pod,44338,166,0.0037
19,Ludhiana,Sourcing,9311,14,0.0015
19,Hubli,CX,3061,7,0.0023
19,Mysore,CX,21377,50,0.0023
19,Patna,WH,19959,5,0.0003
19,Vizag,Sourcing,22798,25,0.0011
19,Karur,Pod,3015,13,0.0043
19,Tirunelveli,WH,5544,1,0.0002
19,Muzaffarpur,Sourcing,1045,1,0.001
19,Tirunelveli,Sourcing,5544,2,0.0004
19,Amritsar,Pod,3161,2,0.0006
19,Palakkad,Sourcing,4451,3,0.0007
19,Amritsar,CX,3161,3,0.0009
19,Ahmedabad,Sourcing,37136,41,0.0011
19,Gurgaon,CX,88604,293,0.0033
19,Mumbai,Pod,331403,2430,0.0073
19,Thoothukudi,Pod,4760,5,0.0011
19,Ranchi,Pod,7680,41,0.0053
19,Kottayam,WH,5712,1,0.0002
19,Jaipur,WH,27307,2,0.0001
19,Bhimavaram,WH,707,1,0.0014
19,Faridabad,Sourcing,10901,4,0.0004
19,Amravati,Pod,1195,1,0.0008
19,Vizag,Sourcing,22798,4,0.0002
19,Ludhiana,Sourcing,9311,1,0.0001
19,Jaipur,Pod,27307,9,0.0003
19,Central Goa,Pod,35588,8,0.0002
19,Gorakhpur,Sourcing,2852,2,0.0007
19,Hyderabad,WH,331226,140,0.0004
19,Jaipur,CX,27307,98,0.0036
19,Bikaner,CX,1414,6,0.0042
19,Noida,Pod,21506,15,0.0007
19,Surat,WH,10142,5,0.0005
19,Sonipat,Pod,1199,13,0.0108
19,Udaipur,Pod,5873,9,0.0015
19,Vadodara,Pod,8912,5,0.0006
19,Thiruvananthapuram,Sourcing,44338,21,0.0005
19,Kottayam,Sourcing,5712,2,0.0004
19,Lucknow,WH,21998,6,0.0003
19,Aurangabad,CX,3312,6,0.0018
19,Gwalior,Sourcing,4443,3,0.0007
19,Vadodara,CX,8912,20,0.0022
19,Guwahati,Pod,10558,112,0.0106
19,Chennai,Pod,257830,8,0
19,Madurai,CX,10487,29,0.0028
19,Trichy,CX,9792,17,0.0017
19,Mysore,WH,21377,7,0.0003
19,Sri Ganganagar,Sourcing,2289,3,0.0013
19,Shivamogga,Sourcing,3381,2,0.0006
19,Ranchi,Sourcing,7680,3,0.0004
19,Pondicherry,Sourcing,12230,3,0.0002
19,Silchar,WH,4177,1,0.0002
19,Agra,Sourcing,2215,1,0.0005
19,Jabalpur,CX,3514,4,0.0011
19,Meerut,Sourcing,5159,16,0.0031
19,Guwahati,Sourcing,10558,1,0.0001
19,Faridabad,WH,10901,1,0.0001
19,Warangal,Pod,8634,1,0.0001
19,Trichy,Pod,9792,5,0.0005
19,Bathinda,Pod,1146,8,0.007
19,Faridabad,CX,10901,26,0.0024
19,Thiruvalla,CX,4217,3,0.0007
19,Varanasi,WH,8622,6,0.0007
19,Varanasi,Sourcing,8622,5,0.0006
19,Ongole,WH,1373,3,0.0022
19,Kakinada,CX,3672,9,0.0025
19,Shivamogga,Sourcing,3381,3,0.0009
19,Pune,Pod,162542,48,0.0003
19,Tirupur,Pod,5968,2,0.0003
19,Ujjain,WH,2559,3,0.0012
19,Roorkee,Sourcing,1428,2,0.0014
19,Meerut,Sourcing,5159,5,0.001
19,Nashik,Pod,6790,2,0.0003
19,Thiruvalla,Pod,4217,1,0.0002
19,Ahmedabad,Pod,37136,10,0.0003
19,Kollam,Pod,9905,1,0.0001
19,Raipur,Pod,5889,1,0.0002
19,Mumbai,CX,331403,859,0.0026
19,Nagercoil,Sourcing,3919,3,0.0008
19,Kollam,Pod,9905,28,0.0028
19,Indore,Pod,15493,161,0.0104
19,Ludhiana,Pod,9311,48,0.0052
19,Davanagere,CX,1584,2,0.0013
19,Vizag,WH,22798,16,0.0007
19,Aurangabad,Pod,3312,29,0.0088
19,Tirupati,WH,11504,11,0.001
19,Panipat,Sourcing,2924,1,0.0003
19,Nanded,Pod,994,1,0.001
19,Nizamabad,WH,1082,1,0.0009
19,Vapi,Pod,3929,1,0.0003
19,Gurgaon,Sourcing,88604,1,0
19,Shivamogga,WH,3381,1,0.0003
19,Salem,CX,7702,12,0.0016
19,Gwalior,Pod,4443,1,0.0002
19,Aurangabad,WH,3312,1,0.0003
19,Gurgaon,Pod,88604,1,0
19,Alappuzha,CX,3857,1,0.0003
19,Bareilly,CX,1294,1,0.0008
19,Indore,WH,15493,2,0.0001
19,Ajmer,Pod,2357,15,0.0064
19,Faridabad,Sourcing,10901,12,0.0011
19,Coimbatore,Sourcing,31770,19,0.0006
19,Silchar,CX,4177,10,0.0024
19,Kottayam,Sourcing,5712,5,0.0009
19,Karnal,Pod,1017,7,0.0069
19,Pune,Pod,162542,13,0.0001
19,Ujjain,CX,2559,5,0.002
19,Lonavla,CX,838,4,0.0048
19,Pondicherry,Sourcing,12230,6,0.0005
19,Delhi,CX,169867,509,0.003
19,Anantapur,CX,4301,13,0.003
19,Warangal,Sourcing,8634,14,0.0016
19,Karimnagar,WH,3361,2,0.0006
19,Berhampur,CX,1922,4,0.0021
19,Nanded,Sourcing,994,3,0.003
19,Kochi,Pod,93352,22,0.0002
19,Thiruvalla,Sourcing,4217,3,0.0007
19,Aurangabad,Pod,3312,1,0.0003
19,Thiruvalla,Sourcing,4217,3,0.0007
19,Bhimavaram,CX,707,1,0.0014
19,Panipat,WH,2924,1,0.0003
19,Sri Ganganagar,Pod,2289,2,0.0009
19,Mangaluru,Sourcing,20785,1,0
19,Khammam,Pod,5509,41,0.0074
19,Warangal,Pod,8634,62,0.0072
19,Pune,Sourcing,162542,44,0.0003
19,Silchar,Sourcing,4177,8,0.0019
19,Kolhapur,Sourcing,2343,2,0.0009
19,Aligarh,WH,2082,3,0.0014
19,Kozhikode,Pod,14821,17,0.0011
19,Noida,WH,21506,4,0.0002
19,Pondicherry,WH,12230,6,0.0005
19,Warangal,WH,8634,5,0.0006
19,Jaipur,Sourcing,27307,8,0.0003
19,Rohtak,Sourcing,2873,6,0.0021
19,Vapi,Sourcing,3929,4,0.001
19,Anand,Sourcing,995,2,0.002
19,Rohtak,WH,2873,1,0.0003
19,Kochi,Pod,93352,5,0.0001
19,Kozhikode,Sourcing,14821,5,0.0003
19,Kota,Sourcing,3038,6,0.002
19,Salem,Pod,7702,1,0.0001
19,Agra,Pod,2215,3,0.0014
19,Karnal,WH,1017,1,0.001
19,Kanpur,Pod,4223,1,0.0002
19,Cuttack,Pod,3746,1,0.0003
19,Nagpur,Pod,11266,1,0.0001
19,Bangalore,WH,604991,150,0.0002
19,Thrissur,Sourcing,23369,8,0.0003
19,Kochi,Pod,93352,374,0.004
19,Patna,Pod,19959,126,0.0063
19,Surat,Pod,10142,7,0.0007
19,Kurnool,Sourcing,5946,5,0.0008
19,Meerut,Pod,5159,10,0.0019
19,Vellore,Pod,6852,16,0.0023
19,Rudrapur,Sourcing,1302,3,0.0023
19,Aligarh,Sourcing,2082,1,0.0005
19,Varanasi,Sourcing,8622,8,0.0009
19,Hyderabad,WH,331226,155,0.0005
19,Bhilai,Pod,1120,15,0.0134
19,Rajkot,Pod,4273,7,0.0016
19,Palakkad,Pod,4451,10,0.0022
19,Rajahmundry,Sourcing,4010,3,0.0007
19,Nashik,Sourcing,6790,7,0.001
19,Palakkad,Sourcing,4451,2,0.0004
19,Gorakhpur,Pod,2852,15,0.0053
19,Sri Ganganagar,Pod,2289,16,0.007
19,Tirupur,Sourcing,5968,5,0.0008
19,Thiruvananthapuram,Pod,44338,1,0
19,Ranchi,Pod,7680,1,0.0001
19,Jalandhar,Pod,1947,10,0.0051
19,Jamshedpur,Sourcing,4510,1,0.0002
19,Pune,Pod,162542,1502,0.0092
19,Ujjain,Pod,2559,4,0.0016
19,Noida 1,Sourcing,68753,112,0.0016
19,Chandigarh,WH,36583,10,0.0003
19,Vapi,CX,3929,17,0.0043
19,Thiruvananthapuram,Pod,44338,23,0.0005
19,Thiruvananthapuram,Sourcing,44338,17,0.0004
19,Kozhikode,Sourcing,14821,11,0.0007
19,Bhimavaram,Pod,707,6,0.0085
19,Palakkad,Pod,4451,6,0.0013
19,Udaipur,Sourcing,5873,2,0.0003
19,Nashik,Sourcing,6790,8,0.0012
19,Kozhikode,Sourcing,14821,2,0.0001
19,Raipur,Sourcing,5889,2,0.0003
19,Vadodara,Sourcing,8912,8,0.0009
19,Tirupur,WH,5968,3,0.0005
19,Jaipur,Pod,27307,3,0.0001
19,Rohtak,Pod,2873,2,0.0007
19,Udaipur,Sourcing,5873,2,0.0003
19,Lucknow,Pod,21998,3,0.0001
19,Faridabad,Pod,10901,3,0.0003
19,Hubli,WH,3061,1,0.0003
19,Bangalore,WH,604991,446,0.0007
19,Ujjain,Sourcing,2559,4,0.0016
19,Guntur,Sourcing,10875,12,0.0011
19,Jaipur,Sourcing,27307,25,0.0009
19,Mangaluru,Pod,20785,3,0.0001
19,Indore,Pod,15493,3,0.0002
19,Hubli,Pod,3061,19,0.0062
19,Moradabad,Sourcing,2792,6,0.0021
19,Manipal,Pod,6990,4,0.0006
19,Salem,Sourcing,7702,1,0.0001
19,Mathura,Pod,1479,1,0.0007
19,Muzaffarpur,Sourcing,1045,1,0.001
19,Udaipur,Pod,5873,1,0.0002
19,Mysore,Sourcing,21377,44,0.0021
19,Kolkata,Sourcing,102513,87,0.0008
19,Faridabad,Sourcing,10901,8,0.0007
19,Nagpur,Sourcing,11266,4,0.0004
19,Mathura,Sourcing,1479,3,0.002
19,Thanjavur,Pod,5739,31,0.0054
19,Kollam,WH,9905,1,0.0001
19,Allahabad,Sourcing,2308,1,0.0004
19,Guwahati,Pod,10558,4,0.0004
19,Guntur,Pod,10875,1,0.0001
19,Tirupur,Pod,5968,1,0.0002
19,Tumakuru,Sourcing,3444,2,0.0006
19,Ambala,CX,1871,8,0.0043
19,Guwahati,WH,10558,1,0.0001
19,Kochi,Sourcing,93352,73,0.0008
19,Muzaffarpur,Pod,1045,8,0.0077
19,Dibrugarh,Pod,2871,26,0.0091
19,Nagpur,Sourcing,11266,21,0.0019
19,Nellore,Sourcing,5711,5,0.0009
19,Ranchi,Sourcing,7680,3,0.0004
19,Bhubaneswar,Sourcing,34126,13,0.0004
19,Vizag,WH,22798,13,0.0006
19,Kota,Pod,3038,25,0.0082
19,Kolhapur,Pod,2343,22,0.0094
19,Belgaum,CX,3776,7,0.0019
19,Mumbai,Sourcing,331403,4,0
19,Agra,Sourcing,2215,3,0.0014
19,Kota,Pod,3038,1,0.0003
19,Coimbatore,WH,31770,6,0.0002
19,Kanchipuram,CX,3184,12,0.0038
19,Lonavla,Pod,838,1,0.0012
19,Raipur,WH,5889,2,0.0003
19,Gorakhpur,Sourcing,2852,1,0.0004
19,Bhubaneswar,CX,34126,72,0.0021
19,Manipal,Pod,6990,34,0.0049
19,Tirunelveli,Pod,5544,13,0.0023
19,Nagpur,Pod,11266,17,0.0015
19,Thiruvallur,Pod,2445,21,0.0086
19,Madurai,Pod,10487,12,0.0011
19,Kanpur,CX,4223,6,0.0014
19,Chennai,WH,257830,36,0.0001
19,Agra,Pod,2215,28,0.0126
19,Ujjain,Pod,2559,10,0.0039
19,Bareilly,Pod,1294,8,0.0062
19,Moradabad,Pod,2792,2,0.0007
19,Aligarh,WH,2082,1,0.0005
19,Siliguri,WH,4009,2,0.0005
19,Thoothukudi,Sourcing,4760,1,0.0002
19,Bhubaneswar,Pod,34126,3,0.0001
19,Delhi,Sourcing,169867,246,0.0014
19,Gurgaon,Pod,88604,981,0.0111
19,Mumbai,WH,331403,201,0.0006
19,Patna,Pod,19959,32,0.0016
19,Noida,Sourcing,21506,37,0.0017
19,Thanjavur,Pod,5739,6,0.001
19,Davanagere,Pod,1584,7,0.0044
19,Delhi,Pod,169867,177,0.001
19,Kolkata,Sourcing,102513,6,0.0001
19,Hyderabad,Sourcing,331226,104,0.0003
19,Indore,CX,15493,66,0.0043
19,Gurgaon,WH,88604,37,0.0004
19,Latur,Pod,1041,2,0.0019
19,Ranchi,Sourcing,7680,4,0.0005
19,Vellore,Sourcing,6852,4,0.0006
19,Shivamogga,CX,3381,8,0.0024
19,Dehradun,Sourcing,11651,3,0.0003
19,Coimbatore,Sourcing,31770,2,0.0001
19,Moradabad,WH,2792,1,0.0004
19,Saharanpur,WH,885,2,0.0023
19,Chandigarh,Pod,36583,17,0.0005
19,Latur,Sourcing,1041,1,0.001
19,Vapi,Sourcing,3929,1,0.0003
19,Dibrugarh,WH,2871,1,0.0003
19,Eluru,CX,1035,1,0.001
19,Vijayawada,CX,16722,33,0.002
19,Kolkata,CX,102513,198,0.0019
19,Noida,Sourcing,21506,30,0.0014
19,Mysore,Pod,21377,79,0.0037
19,Mumbai,Pod,331403,9,0
19,Nagpur,WH,11266,8,0.0007
19,Mangaluru,Sourcing,20785,25,0.0012
19,Nellore,CX,5711,20,0.0035
19,Jodhpur,Sourcing,2115,3,0.0014
19,Mysore,Sourcing,21377,22,0.001
19,Jamshedpur,Sourcing,4510,1,0.0002
19,Kolkata,WH,102513,17,0.0002
19,Indore,Sourcing,15493,29,0.0019
19,Allahabad,Pod,2308,31,0.0134
19,Rajkot,Sourcing,4273,2,0.0005
19,Rohtak,Sourcing,2873,5,0.0017
19,Kota,Sourcing,3038,5,0.0016
19,Amravati,Pod,1195,8,0.0067
19,Kurnool,Pod,5946,2,0.0003
19,Kakinada,Sourcing,3672,2,0.0005
19,Vizag,Pod,22798,127,0.0056
19,Rajahmundry,CX,4010,13,0.0032
19,Patna,Sourcing,19959,20,0.001
19,Tirunelveli,Pod,5544,2,0.0004
19,Nizamabad,Sourcing,1082,1,0.0009
19,Kanpur,Pod,4223,1,0.0002
19,Roorkee,Sourcing,1428,1,0.0007
19,Berhampur,Pod,1922,1,0.0005
19,Kolhapur,CX,2343,8,0.0034
19,Dehradun,Pod,11651,1,0.0001
19,Noida 1,Pod,68753,185,0.0027
19,Nagpur,Pod,11266,75,0.0067
19,Kollam,CX,9905,3,0.0003
19,Vizianagaram,Pod,1169,6,0.0051
19,Ludhiana,WH,9311,3,0.0003
19,Cuttack,Sourcing,3746,2,0.0005
19,Bhopal,Sourcing,9173,1,0.0001
19,Ambala,Pod,1871,1,0.0005
19,Davanagere,Sourcing,1584,2,0.0013
19,Surat,Sourcing,10142,7,0.0007
19,Kurnool,WH,5946,4,0.0007
19,Madurai,Sourcing,10487,4,0.0004
19,Kanpur,WH,4223,1,0.0002
19,Ujjain,WH,2559,1,0.0004
19,Kolkata,Sourcing,102513,70,0.0007
19,Mathura,CX,1479,11,0.0074
19,Kottayam,Sourcing,5712,1,0.0002
19,Sri Ganganagar,WH,2289,2,0.0009
19,Hyderabad,Sourcing,331226,90,0.0003
19,Bangalore,Pod,604991,3418,0.0057
19,Noida 1,Pod,68753,17,0.0002
19,Nagpur,Pod,11266,3,0.0003
19,Coimbatore,Pod,31770,233,0.0073
19,Ongole,Pod,1373,12,0.0087
19,Noida,Pod,21506,186,0.0086
19,Nizamabad,Sourcing,1082,3,0.0028
19,Meerut,Sourcing,5159,13,0.0025
19,Karimnagar,Sourcing,3361,4,0.0012
19,Patiala,Sourcing,4483,8,0.0018
19,Ranchi,Pod,7680,9,0.0012
19,Moradabad,Sourcing,2792,3,0.0011
19,Saharanpur,Sourcing,885,2,0.0023
19,Kakinada,Sourcing,3672,1,0.0003
19,Udaipur,Sourcing,5873,3,0.0005
19,Gwalior,Sourcing,4443,1,0.0002
19,Kakinada,WH,3672,2,0.0005
19,Rohtak,WH,2873,1,0.0003
19,Roorkee,WH,1428,1,0.0007
19,Noida 1,Sourcing,68753,74,0.0011
19,Delhi,WH,169867,86,0.0005
19,Ranchi,CX,7680,22,0.0029
19,Karimnagar,CX,3361,10,0.003
19,Lucknow,Pod,21998,100,0.0045
19,Chandigarh,Sourcing,36583,5,0.0001
19,Raipur,Sourcing,5889,3,0.0005
19,Thrissur,CX,23369,21,0.0009
19,Tirupati,WH,11504,2,0.0002
19,Central Goa,Pod,35588,3,0.0001
19,Ludhiana,CX,9311,20,0.0021
19,Guntur,WH,10875,4,0.0004
19,Madurai,Sourcing,10487,3,0.0003
19,Dehradun,WH,11651,2,0.0002
19,Salem,Sourcing,7702,3,0.0004
19,Lucknow,Sourcing,21998,3,0.0001
19,Nashik,Sourcing,6790,3,0.0004
19,Central Goa,WH,35588,4,0.0001
19,Ongole,Pod,1373,3,0.0022
19,Nagercoil,Pod,3919,2,0.0005
19,Vizianagaram,Pod,1169,1,0.0009
19,Pune,Pod,162542,1,0
19,Karur,CX,3015,1,0.0003
19,Bangalore,Pod,604991,1019,0.0017
19,Kolkata,Pod,102513,184,0.0018
19,Chennai,CX,257830,824,0.0032
19,Pune,Sourcing,162542,36,0.0002
19,Patna,CX,19959,59,0.003
19,Rajkot,Sourcing,4273,3,0.0007
19,Vijayawada,Sourcing,16722,10,0.0006
19,Vellore,WH,6852,3,0.0004
19,Mysore,Pod,21377,3,0.0001
19,Rajahmundry,Pod,4010,2,0.0005
19,Siliguri,Pod,4009,4,0.001
19,Bhilai,Sourcing,1120,2,0.0018
19,Nanded,Pod,994,2,0.002
19,Hyderabad,Sourcing,331226,13,0
19,Anand,CX,995,1,0.001
19,Vizianagaram,CX,1169,1,0.0009
19,Nagercoil,Sourcing,3919,1,0.0003
19,Dehradun,WH,11651,1,0.0001
19,Mathura,WH,1479,1,0.0007
19,Kannur,Pod,1935,3,0.0016
19,Patiala,Pod,4483,4,0.0009
19,Hyderabad,Pod,331226,85,0.0003
19,Thiruvallur,WH,2445,1,0.0004
19,Hubli,Sourcing,3061,2,0.0007
19,Karur,WH,3015,1,0.0003
19,Kakinada,Sourcing,3672,1,0.0003
19,Kanpur,Sourcing,4223,2,0.0005
19,Bhopal,Sourcing,9173,1,0.0001
19,Ongole,Sourcing,1373,1,0.0007
19,Kurnool,WH,5946,2,0.0003
19,Kolkata,Sourcing,102513,58,0.0006
19,Kolkata,Pod,102513,25,0.0002
19,Gwalior,CX,4443,14,0.0032
19,Mangaluru,Sourcing,20785,15,0.0007
19,Vijayawada,WH,16722,8,0.0005
19,Mumbai,Sourcing,331403,173,0.0005
19,Pune,Sourcing,162542,186,0.0011
19,Chandigarh,Sourcing,36583,65,0.0018
19,Indore,Sourcing,15493,7,0.0005
19,Mangaluru,Pod,20785,33,0.0016
19,Raipur,WH,5889,11,0.0019
19,Thoothukudi,Sourcing,4760,3,0.0006
19,Cuttack,CX,3746,2,0.0005
19,Bhilai,Sourcing,1120,3,0.0027
19,Dibrugarh,CX,2871,12,0.0042
19,Pondicherry,Sourcing,12230,2,0.0002
19,Kolkata,Pod,102513,1,0
19,Mysore,Sourcing,21377,17,0.0008
19,Kolhapur,Sourcing,2343,1,0.0004
19,Karimnagar,Sourcing,3361,1,0.0003
19,Coimbatore,Pod,31770,3,0.0001
19,Kakinada,Pod,3672,32,0.0087
19,Mangaluru,Sourcing,20785,16,0.0008
19,Pondicherry,Pod,12230,64,0.0052
19,Patna,Sourcing,19959,23,0.0012
19,Gurgaon,Sourcing,88604,140,0.0016
19,Rohtak,Pod,2873,29,0.0101
19,Silchar,Pod,4177,20,0.0048
19,Central Goa,Sourcing,35588,5,0.0001
19,Erode,Pod,3855,15,0.0039
19,Moradabad,Sourcing,2792,2,0.0007
19,Nellore,Sourcing,5711,4,0.0007
19,Tumakuru,Sourcing,3444,2,0.0006
19,Rajahmundry,Sourcing,4010,3,0.0007
19,Anantapur,WH,4301,2,0.0005
19,Warangal,Pod,8634,2,0.0002
19,Saharanpur,CX,885,2,0.0023
19,Surat,Pod,10142,2,0.0002
19,Bhubaneswar,Sourcing,34126,3,0.0001
19,Aligarh,Sourcing,2082,1,0.0005
19,Trichy,Sourcing,9792,1,0.0001
19,Hubli,WH,3061,1,0.0003
19,Bilaspur,CX,1349,1,0.0007
19,Jaipur,Pod,27307,280,0.0103
19,Pune,WH,162542,27,0.0002
19,Indore,WH,15493,6,0.0004
19,Bhopal,CX,9173,27,0.0029
19,Thrissur,Pod,23369,9,0.0004
19,Shivamogga,Pod,3381,14,0.0041
19,Warangal,WH,8634,8,0.0009
19,Jalandhar,CX,1947,4,0.0021
19,Eluru,Sourcing,1035,1,0.001
19,Jalandhar,Pod,1947,1,0.0005
19,Rohtak,Sourcing,2873,1,0.0003
19,Anantapur,Pod,4301,1,0.0002
19,Bikaner,WH,1414,1,0.0007
19,Delhi,Sourcing,169867,189,0.0011
19,Bhilai,CX,1120,15,0.0134
19,Siliguri,CX,4009,6,0.0015
19,Ahmedabad,Sourcing,37136,8,0.0002
19,Thanjavur,WH,5739,2,0.0003
19,Anantapur,Sourcing,4301,3,0.0007
19,Tirupur,WH,5968,4,0.0007
19,Warangal,Sourcing,8634,18,0.0021
19,Jabalpur,Pod,3514,18,0.0051
19,Karaikkudi,CX,2492,12,0.0048
19,Nagpur,WH,11266,1,0.0001
19,Anand,Pod,995,2,0.002
19,Coimbatore,Pod,31770,7,0.0002
19,Bhopal,WH,9173,3,0.0003
20,Dibrugarh,Sourcing,2502,1,0.0004
20,Saharanpur,Sourcing,742,1,0.0013
20,Kolkata,Sourcing,94090,75,0.0008
20,Noida,Sourcing,22080,43,0.0019
20,Thiruvallur,CX,2155,12,0.0056
20,Thiruvananthapuram,Pod,42580,2,0
20,Belgaum,CX,3541,7,0.002
20,Kollam,CX,8434,3,0.0004
20,Jamshedpur,Pod,4129,2,0.0005
20,Noida 1,Pod,67984,662,0.0097
20,Noida 1,Pod,67984,258,0.0038
20,Anand,Pod,990,6,0.0061
20,Udaipur,Sourcing,5790,2,0.0003
20,Varanasi,WH,7958,3,0.0004
20,Dibrugarh,Pod,2502,3,0.0012
20,Anantapur,WH,4049,1,0.0002
20,Allahabad,Sourcing,1787,1,0.0006
20,Noida,Sourcing,22080,3,0.0001
20,Anantapur,CX,4049,18,0.0044
20,Madurai,WH,9852,8,0.0008
20,Trichy,Sourcing,9206,4,0.0004
20,Lucknow,WH,20354,9,0.0004
20,Gwalior,Sourcing,3776,2,0.0005
20,Noida,WH,22080,6,0.0003
20,Kota,Sourcing,2517,6,0.0024
20,Shivamogga,Sourcing,3250,1,0.0003
20,Central Goa,Sourcing,35434,4,0.0001
20,Bangalore,Pod,615444,4775,0.0078
20,Bhubaneswar,CX,34205,59,0.0017
20,Lucknow,Pod,20354,38,0.0019
20,Silchar,Pod,3967,5,0.0013
20,Jodhpur,Pod,2099,34,0.0162
20,Faridabad,Sourcing,10687,8,0.0007
20,Anantapur,Sourcing,4049,1,0.0002
20,Bhimavaram,Pod,683,1,0.0015
20,Tirupati,Pod,11508,1,0.0001
20,Shillong,Pod,56,1,0.0179
20,Sri Ganganagar,Pod,2271,13,0.0057
20,Gurgaon,CX,91043,461,0.0051
20,Coimbatore,CX,30889,90,0.0029
20,Thrissur,Sourcing,22568,10,0.0004
20,Ongole,CX,1188,4,0.0034
20,Kochi,WH,91130,6,0.0001
20,Mangaluru,Sourcing,19677,19,0.001
20,Nizamabad,Pod,982,7,0.0071
20,Vadodara,Sourcing,8409,7,0.0008
20,Karimnagar,Pod,2983,38,0.0127
20,Kanpur,Sourcing,3920,4,0.001
20,Chandigarh,Pod,37838,13,0.0003
20,Sonipat,Pod,1121,17,0.0152
20,Sri Ganganagar,CX,2271,9,0.004
20,Kannur,CX,1751,1,0.0006
20,Jaipur,WH,26692,4,0.0002
20,Jodhpur,Sourcing,2099,1,0.0005
20,Gurgaon,WH,91043,49,0.0005
20,Jaipur,CX,26692,124,0.0046
20,Ranchi,CX,7237,24,0.0033
20,Ujjain,Sourcing,2185,2,0.0009
20,Mumbai,Pod,338817,66,0.0002
20,Nagercoil,Pod,3527,7,0.002
20,Nizamabad,CX,982,6,0.0061
20,Rajkot,CX,3890,10,0.0026
20,Surat,WH,10679,8,0.0007
20,Allahabad,CX,1787,10,0.0056
20,Meerut,CX,4225,7,0.0017
20,Latur,Sourcing,841,3,0.0036
20,Guwahati,Sourcing,10188,7,0.0007
20,Lucknow,Sourcing,20354,2,0.0001
20,Nanded,Pod,823,4,0.0049
20,Shivamogga,Pod,3250,2,0.0006
20,Karnal,Sourcing,1074,1,0.0009
20,Delhi,Sourcing,169449,8,0
20,Vellore,Pod,6923,39,0.0056
20,Thrissur,Pod,22568,64,0.0028
20,Nanded,Sourcing,823,3,0.0036
20,Meerut,Sourcing,4225,7,0.0017
20,Kollam,Sourcing,8434,2,0.0002
20,Nellore,Sourcing,5476,6,0.0011
20,Thiruvallur,Sourcing,2155,3,0.0014
20,Latur,WH,841,2,0.0024
20,Khammam,Sourcing,5294,1,0.0002
20,Pondicherry,Pod,11566,30,0.0026
20,Raipur,Pod,5195,47,0.009
20,Varanasi,Sourcing,7958,9,0.0011
20,Ongole,Sourcing,1188,1,0.0008
20,Mumbai,Pod,338817,3508,0.0104
20,Kanchipuram,Pod,2936,26,0.0089
20,Kurnool,CX,5625,19,0.0034
20,Surat,Pod,10679,89,0.0083
20,Nashik,Pod,6931,26,0.0038
20,Kottayam,Pod,5626,15,0.0027
20,Central Goa,Pod,35434,14,0.0004
20,Rajahmundry,Pod,4078,26,0.0064
20,Nagpur,Sourcing,10581,17,0.0016
20,Vijayawada,Pod,16802,8,0.0005
20,Amravati,CX,1085,15,0.0138
20,Central Goa,WH,35434,6,0.0002
20,Nagercoil,Sourcing,3527,2,0.0006
20,Udaipur,Pod,5790,60,0.0104
20,Moradabad,Pod,2443,13,0.0053
20,Ranchi,Pod,7237,20,0.0028
20,Trichy,WH,9206,4,0.0004
20,Coimbatore,WH,30889,11,0.0004
20,Sri Ganganagar,Pod,2271,1,0.0004
20,Chandigarh,Pod,37838,436,0.0115
20,Ahmedabad,Pod,39059,426,0.0109
20,Ludhiana,Sourcing,7976,14,0.0018
20,Lucknow,Sourcing,20354,18,0.0009
20,Vijayawada,CX,16802,44,0.0026
20,Kolhapur,Pod,2095,11,0.0053
20,Bikaner,Pod,1295,9,0.007
20,Mumbai,Sourcing,338817,178,0.0005
20,Davanagere,Pod,1479,10,0.0068
20,Kolhapur,CX,2095,3,0.0014
20,Ajmer,Sourcing,2188,4,0.0018
20,Vellore,Pod,6923,5,0.0007
20,Vijayawada,Sourcing,16802,8,0.0005
20,Faridabad,Sourcing,10687,15,0.0014
20,Sri Ganganagar,Sourcing,2271,1,0.0004
20,Hubli,Pod,2940,1,0.0003
20,Thiruvalla,CX,4064,5,0.0012
20,Shivamogga,WH,3250,1,0.0003
20,Bilaspur,CX,1326,4,0.003
20,Tirupur,Sourcing,6001,1,0.0002
20,Noida 1,WH,67984,24,0.0004
20,Patiala,Pod,4402,7,0.0016
20,Nagpur,WH,10581,11,0.001
20,Ahmedabad,WH,39059,7,0.0002
20,Warangal,Pod,8226,74,0.009
20,Nashik,Sourcing,6931,3,0.0004
20,Vizianagaram,Sourcing,1022,2,0.002
20,Salem,WH,7364,3,0.0004
20,Bhubaneswar,Pod,34205,266,0.0078
20,Anantapur,Pod,4049,43,0.0106
20,Vijayawada,WH,16802,12,0.0007
20,Varanasi,Pod,7958,6,0.0008
20,Mysore,Pod,20434,12,0.0006
20,Silchar,Pod,3967,15,0.0038
20,Dehradun,Sourcing,11574,3,0.0003
20,Thoothukudi,Sourcing,4716,3,0.0006
20,Madurai,Sourcing,9852,3,0.0003
20,Jaipur,Sourcing,26692,1,0
20,Mysore,Sourcing,20434,1,0
20,Hubli,WH,2940,1,0.0003
20,Pondicherry,WH,11566,1,0.0001
20,Hyderabad,WH,327021,118,0.0004
20,Thoothukudi,Sourcing,4716,7,0.0015
20,Thrissur,Sourcing,22568,9,0.0004
20,Dehradun,Sourcing,11574,16,0.0014
20,Manipal,Sourcing,6633,2,0.0003
20,Mangaluru,Pod,19677,3,0.0002
20,Thanjavur,Pod,5053,2,0.0004
20,Bareilly,WH,1131,1,0.0009
20,Khammam,WH,5294,1,0.0002
20,Belgaum,Pod,3541,25,0.0071
20,Mysore,Pod,20434,36,0.0018
20,Alappuzha,Pod,3679,8,0.0022
20,Amritsar,Sourcing,3142,6,0.0019
20,Kollam,Sourcing,8434,3,0.0004
20,Pondicherry,WH,11566,6,0.0005
20,Ongole,Sourcing,1188,5,0.0042
20,Vizianagaram,Pod,1022,1,0.001
20,Saharanpur,Pod,742,6,0.0081
20,Bhopal,Sourcing,8473,18,0.0021
20,Mangaluru,WH,19677,8,0.0004
20,Shillong,CX,56,1,0.0179
20,Kanpur,WH,3920,1,0.0003
20,Agra,CX,1725,3,0.0017
20,Ujjain,Pod,2185,25,0.0114
20,Vapi,Pod,3777,4,0.0011
20,Thoothukudi,WH,4716,6,0.0013
20,Hubli,Sourcing,2940,2,0.0007
20,Aligarh,CX,1899,13,0.0068
20,Warangal,Sourcing,8226,14,0.0017
20,Udaipur,Sourcing,5790,7,0.0012
20,Vapi,WH,3777,2,0.0005
20,Muzaffarpur,Sourcing,1153,1,0.0009
20,Pondicherry,CX,11566,28,0.0024
20,Noida 1,Sourcing,67984,119,0.0018
20,Nellore,Sourcing,5476,5,0.0009
20,Guntur,CX,10932,38,0.0035
20,Pune,Sourcing,165346,41,0.0002
20,Jodhpur,Sourcing,2099,1,0.0005
20,Ajmer,Pod,2188,2,0.0009
20,Roorkee,Pod,1348,5,0.0037
20,Ludhiana,Pod,7976,1,0.0001
20,Ujjain,Sourcing,2185,2,0.0009
20,Rajahmundry,Sourcing,4078,4,0.001
20,Rajahmundry,Sourcing,4078,6,0.0015
20,Kollam,Pod,8434,7,0.0008
20,Indore,CX,14431,84,0.0058
20,Panipat,Sourcing,3185,20,0.0063
20,Central Goa,Pod,35434,8,0.0002
20,Tirunelveli,CX,5386,12,0.0022
20,Tirupur,WH,6001,2,0.0003
20,Manipal,Sourcing,6633,5,0.0008
20,Bareilly,CX,1131,2,0.0018
20,Sonipat,Sourcing,1121,1,0.0009
20,Nashik,WH,6931,1,0.0001
20,Karaikkudi,Sourcing,2294,1,0.0004
20,Salem,CX,7364,14,0.0019
20,Lucknow,CX,20354,56,0.0028
20,Thiruvananthapuram,Pod,42580,140,0.0033
20,Manipal,Pod,6633,14,0.0021
20,Aurangabad,CX,3121,19,0.0061
20,Ahmedabad,WH,39059,10,0.0003
20,Gurgaon,Sourcing,91043,120,0.0013
20,Indore,Sourcing,14431,30,0.0021
20,Udaipur,Pod,5790,2,0.0003
20,Tumakuru,CX,3494,3,0.0009
20,Dibrugarh,Pod,2502,2,0.0008
20,Ahmedabad,Pod,39059,14,0.0004
20,Rajkot,WH,3890,3,0.0008
20,Jalandhar,CX,1951,1,0.0005
20,Bangalore,Pod,615444,1762,0.0029
20,Agra,Pod,1725,1,0.0006
20,Kolkata,WH,94090,23,0.0002
20,Aligarh,Pod,1899,25,0.0132
20,Coimbatore,Sourcing,30889,4,0.0001
20,Aurangabad,Sourcing,3121,1,0.0003
20,Noida 1,Pod,67984,20,0.0003
20,Vapi,Sourcing,3777,9,0.0024
20,Salem,Pod,7364,9,0.0012
20,Coimbatore,Sourcing,30889,1,0
20,Karnal,WH,1074,3,0.0028
20,Mysore,Sourcing,20434,29,0.0014
20,Kanchipuram,Sourcing,2936,3,0.001
20,Tirupur,WH,6001,3,0.0005
20,Sonipat,Sourcing,1121,2,0.0018
20,Raipur,Sourcing,5195,2,0.0004
20,Berhampur,Pod,1848,1,0.0005
20,Thrissur,WH,22568,2,0.0001
20,Jalandhar,Pod,1951,22,0.0113
20,Jamshedpur,Pod,4129,79,0.0191
20,Manipal,CX,6633,20,0.003
20,Pondicherry,Sourcing,11566,14,0.0012
20,Kottayam,Sourcing,5626,2,0.0004
20,Nashik,Sourcing,6931,2,0.0003
20,Moradabad,Sourcing,2443,2,0.0008
20,Roorkee,Sourcing,1348,1,0.0007
20,Karimnagar,WH,2983,1,0.0003
20,Tumakuru,WH,3494,1,0.0003
20,Tirupati,WH,11508,12,0.001
20,Tirupati,Pod,11508,125,0.0109
20,Kakinada,CX,3436,17,0.0049
20,Vizag,CX,20748,90,0.0043
20,Kozhikode,Sourcing,14039,6,0.0004
20,Vadodara,Pod,8409,62,0.0074
20,Karaikkudi,Pod,2294,14,0.0061
20,Khammam,CX,5294,13,0.0025
20,Bhimavaram,CX,683,8,0.0117
20,Bhopal,WH,8473,5,0.0006
20,Siliguri,WH,3681,2,0.0005
20,Surat,Sourcing,10679,10,0.0009
20,Kota,CX,2517,10,0.004
20,Raipur,Pod,5195,8,0.0015
20,Silchar,CX,3967,3,0.0008
20,Hubli,CX,2940,3,0.001
20,Siliguri,Pod,3681,1,0.0003
20,Mumbai,Sourcing,338817,1,0
20,Rudrapur,Sourcing,1246,2,0.0016
20,Mangaluru,Sourcing,19677,2,0.0001
20,Thrissur,Sourcing,22568,1,0
20,Kakinada,Pod,3436,1,0.0003
20,Pune,Sourcing,165346,193,0.0012
20,Khammam,Pod,5294,49,0.0093
20,Patna,CX,20338,81,0.004
20,Chandigarh,WH,37838,11,0.0003
20,Guwahati,Sourcing,10188,8,0.0008
20,Indore,Sourcing,14431,10,0.0007
20,Noida,Sourcing,22080,27,0.0012
20,Allahabad,Pod,1787,16,0.009
20,Kozhikode,Pod,14039,2,0.0001
20,Nanded,Pod,823,4,0.0049
20,Meerut,Sourcing,4225,2,0.0005
20,Madurai,Pod,9852,1,0.0001
20,Jalandhar,Sourcing,1951,1,0.0005
20,Aurangabad,Sourcing,3121,1,0.0003
20,Lonavla,Pod,928,2,0.0022
20,Thiruvalla,WH,4064,1,0.0002
20,Dehradun,Pod,11574,7,0.0006
20,Thanjavur,Sourcing,5053,2,0.0004
20,Nashik,Sourcing,6931,10,0.0014
20,Tirupati,CX,11508,54,0.0047
20,Mumbai,Sourcing,338817,460,0.0014
20,Ludhiana,Pod,7976,29,0.0036
20,Sri Ganganagar,Pod,2271,5,0.0022
20,Amravati,Pod,1085,11,0.0101
20,Guwahati,CX,10188,42,0.0041
20,Kochi,WH,91130,15,0.0002
20,Thoothukudi,WH,4716,3,0.0006
20,Raipur,WH,5195,5,0.001
20,Kolhapur,Sourcing,2095,2,0.001
20,Kakinada,Sourcing,3436,3,0.0009
20,Hyderabad,Pod,327021,99,0.0003
20,Anand,CX,990,3,0.003
20,Madurai,Sourcing,9852,2,0.0002
20,Thiruvalla,Sourcing,4064,3,0.0007
20,Gorakhpur,Sourcing,2254,3,0.0013
20,Shivamogga,Pod,3250,3,0.0009
20,Palakkad,Sourcing,4221,1,0.0002
20,Belgaum,Sourcing,3541,1,0.0003
20,Karnal,Sourcing,1074,2,0.0019
20,Latur,WH,841,1,0.0012
20,Nagpur,Sourcing,10581,1,0.0001
20,Jalandhar,WH,1951,1,0.0005
20,Dibrugarh,WH,2502,1,0.0004
20,Bangalore,Pod,615444,158,0.0003
20,Faridabad,CX,10687,57,0.0053
20,Coimbatore,Pod,30889,257,0.0083
20,Agra,Pod,1725,29,0.0168
20,Vizag,Pod,20748,18,0.0009
20,Lucknow,Sourcing,20354,13,0.0006
20,Hyderabad,Pod,327021,111,0.0003
20,Sri Ganganagar,Sourcing,2271,5,0.0022
20,Siliguri,Sourcing,3681,5,0.0014
20,Ahmedabad,Pod,39059,11,0.0003
20,Mangaluru,Sourcing,19677,8,0.0004
20,Panipat,CX,3185,13,0.0041
20,Patiala,WH,4402,3,0.0007
20,Cuttack,CX,3566,5,0.0014
20,Meerut,Pod,4225,2,0.0005
20,Salem,Sourcing,7364,5,0.0007
20,Bhubaneswar,Pod,34205,4,0.0001
20,Surat,WH,10679,6,0.0006
20,Ajmer,Pod,2188,1,0.0005
20,Kozhikode,WH,14039,2,0.0001
20,Kakinada,Sourcing,3436,1,0.0003
20,Thanjavur,Pod,5053,2,0.0004
20,Indore,WH,14431,1,0.0001
20,Trichy,Pod,9206,1,0.0001
20,Faridabad,Sourcing,10687,4,0.0004
20,Aligarh,Pod,1899,1,0.0005
20,Jamshedpur,Sourcing,4129,1,0.0002
20,Rajkot,Sourcing,3890,1,0.0003
20,Vijayawada,WH,16802,2,0.0001
20,Noida,Pod,22080,118,0.0053
20,Kolkata,Pod,94090,499,0.0053
20,Kolkata,Sourcing,94090,133,0.0014
20,Surat,CX,10679,28,0.0026
20,Kolkata,Sourcing,94090,5,0.0001
20,Patna,WH,20338,7,0.0003
20,Hubli,Pod,2940,10,0.0034
20,Nashik,WH,6931,3,0.0004
20,Warangal,Pod,8226,10,0.0012
20,Tirupati,Sourcing,11508,2,0.0002
20,Bhilai,CX,943,11,0.0117
20,Indore,Pod,14431,3,0.0002
20,Lonavla,WH,928,1,0.0011
20,Thiruvalla,Sourcing,4064,1,0.0002
20,Thiruvalla,WH,4064,1,0.0002
20,Tumakuru,Sourcing,3494,2,0.0006
20,Kota,WH,2517,2,0.0008
20,Vadodara,Sourcing,8409,14,0.0017
20,Raipur,CX,5195,46,0.0089
20,Tirupur,CX,6001,14,0.0023
20,Bangalore,Pod,615444,3,0
20,Meerut,Sourcing,4225,19,0.0045
20,Ahmedabad,CX,39059,142,0.0036
20,Thiruvallur,Pod,2155,30,0.0139
20,Thiruvallur,Sourcing,2155,2,0.0009
20,Mathura,CX,1324,3,0.0023
20,Gurgaon,Pod,91043,67,0.0007
20,Bhubaneswar,Pod,34205,6,0.0002
20,Warangal,WH,8226,3,0.0004
20,Bhimavaram,Pod,683,3,0.0044
20,Guntur,WH,10932,5,0.0005
20,Gwalior,WH,3776,3,0.0008
20,Noida,WH,22080,5,0.0002
20,Salem,Sourcing,7364,1,0.0001
20,Vizianagaram,WH,1022,2,0.002
20,Chennai,Pod,241257,1,0
20,Patna,Pod,20338,175,0.0086
20,Erode,Pod,3684,19,0.0052
20,Thiruvananthapuram,CX,42580,53,0.0012
20,Guntur,Pod,10932,105,0.0096
20,Dibrugarh,Pod,2502,35,0.014
20,Madurai,CX,9852,39,0.004
20,Nashik,CX,6931,22,0.0032
20,Kozhikode,Sourcing,14039,9,0.0006
20,Surat,Sourcing,10679,4,0.0004
20,Chandigarh,Sourcing,37838,5,0.0001
20,Guwahati,WH,10188,8,0.0008
20,Vadodara,Sourcing,8409,7,0.0008
20,Siliguri,CX,3681,2,0.0005
20,Nellore,Sourcing,5476,3,0.0005
20,Karimnagar,Sourcing,2983,1,0.0003
20,Kanpur,WH,3920,1,0.0003
20,Faridabad,WH,10687,2,0.0002
20,Dibrugarh,Sourcing,2502,2,0.0008
20,Nagercoil,Pod,3527,1,0.0003
20,Kakinada,WH,3436,1,0.0003
20,Karimnagar,WH,2983,1,0.0003
20,Noida,Sourcing,22080,79,0.0036
20,Shivamogga,CX,3250,21,0.0065
20,Ambala,CX,1873,9,0.0048
20,Bathinda,CX,1173,7,0.006
20,Kollam,Pod,8434,17,0.002
20,Mangaluru,Sourcing,19677,7,0.0004
20,Tirupati,Sourcing,11508,13,0.0011
20,Berhampur,Pod,1848,10,0.0054
20,Thiruvananthapuram,Pod,42580,17,0.0004
20,Delhi,Pod,169449,13,0.0001
20,Dindigul,Pod,351,2,0.0057
20,Tumakuru,Sourcing,3494,2,0.0006
20,Ranchi,Sourcing,7237,6,0.0008
20,Agra,Sourcing,1725,3,0.0017
20,Lucknow,WH,20354,1,0
20,Jamshedpur,Sourcing,4129,3,0.0007
20,Aligarh,Sourcing,1899,2,0.0011
20,Noida 1,Pod,67984,1,0
20,Thiruvananthapuram,Pod,42580,2,0
20,Palakkad,CX,4221,7,0.0017
20,Patna,Sourcing,20338,49,0.0024
20,Vizag,Sourcing,20748,34,0.0016
20,Karnal,Pod,1074,19,0.0177
20,Noida,CX,22080,87,0.0039
20,Nellore,Sourcing,5476,22,0.004
20,Thiruvananthapuram,Sourcing,42580,5,0.0001
20,Jaipur,Sourcing,26692,13,0.0005
20,Nellore,Pod,5476,2,0.0004
20,Rohtak,CX,2877,12,0.0042
20,Cuttack,WH,3566,3,0.0008
20,Nagpur,Sourcing,10581,14,0.0013
20,Vizianagaram,CX,1022,8,0.0078
20,Sri Ganganagar,WH,2271,3,0.0013
20,Ludhiana,WH,7976,2,0.0003
20,Bhopal,Pod,8473,3,0.0004
20,Patiala,Sourcing,4402,1,0.0002
20,Eluru,Sourcing,1055,2,0.0019
20,Roorkee,WH,1348,1,0.0007
20,Tirunelveli,WH,5386,1,0.0002
20,Lonavla,Pod,928,3,0.0032
20,Khammam,Sourcing,5294,1,0.0002
20,Delhi,Pod,169449,173,0.001
20,Noida 1,CX,67984,293,0.0043
20,Delhi,Pod,169449,2076,0.0123
20,Delhi,Sourcing,169449,280,0.0017
20,Patna,Pod,20338,62,0.003
20,Nizamabad,Sourcing,982,7,0.0071
20,Lucknow,Sourcing,20354,35,0.0017
20,Erode,CX,3684,14,0.0038
20,Ujjain,Pod,2185,6,0.0027
20,Muzaffarpur,CX,1153,5,0.0043
20,Raipur,Sourcing,5195,8,0.0015
20,Palakkad,Sourcing,4221,4,0.0009
20,Thiruvananthapuram,WH,42580,8,0.0002
20,Surat,Pod,10679,8,0.0007
20,Amritsar,Pod,3142,1,0.0003
20,Pune,Pod,165346,67,0.0004
20,Rajkot,Sourcing,3890,2,0.0005
20,Jaipur,Pod,26692,10,0.0004
20,Nizamabad,Sourcing,982,1,0.001
20,Vadodara,Pod,8409,1,0.0001
20,Nizamabad,WH,982,1,0.001
20,Silchar,Sourcing,3967,1,0.0003
20,Meerut,WH,4225,2,0.0005
20,Mumbai,CX,338817,1142,0.0034
20,Pune,Pod,165346,2040,0.0123
20,Mangaluru,CX,19677,52,0.0026
20,Thrissur,CX,22568,25,0.0011
20,Kochi,Pod,91130,526,0.0058
20,Mumbai,WH,338817,202,0.0006
20,Pune,WH,165346,40,0.0002
20,Vijayawada,Sourcing,16802,18,0.0011
20,Patiala,Pod,4402,27,0.0061
20,Jaipur,WH,26692,5,0.0002
20,Nellore,WH,5476,4,0.0007
20,Eluru,WH,1055,2,0.0019
20,Rudrapur,Sourcing,1246,3,0.0024
20,Guwahati,Pod,10188,4,0.0004
20,Silchar,WH,3967,1,0.0003
20,Tumakuru,WH,3494,2,0.0006
20,Gwalior,Pod,3776,2,0.0005
20,Thanjavur,Sourcing,5053,1,0.0002
20,Guntur,Sourcing,10932,1,0.0001
20,Silchar,WH,3967,1,0.0003
20,Hubli,WH,2940,1,0.0003
20,Ongole,Sourcing,1188,2,0.0017
20,Gorakhpur,Sourcing,2254,2,0.0009
20,Delhi,CX,169449,579,0.0034
20,Kozhikode,Pod,14039,29,0.0021
20,Salem,Pod,7364,27,0.0037
20,Thoothukudi,CX,4716,6,0.0013
20,Kolkata,Sourcing,94090,48,0.0005
20,Mysore,CX,20434,54,0.0026
20,Indore,WH,14431,8,0.0006
20,Chennai,Sourcing,241257,52,0.0002
20,Kottayam,Sourcing,5626,5,0.0009
20,Chennai,WH,241257,69,0.0003
20,Raipur,Sourcing,5195,6,0.0012
20,Chandigarh,WH,37838,5,0.0001
20,Bhubaneswar,Sourcing,34205,5,0.0001
20,Amritsar,CX,3142,8,0.0025
20,Tirupur,Pod,6001,2,0.0003
20,Mumbai,Pod,338817,5,0
20,Guwahati,WH,10188,4,0.0004
20,Sonipat,Pod,1121,3,0.0027
20,Agra,WH,1725,1,0.0006
20,Warangal,Pod,8226,1,0.0001
20,Gwalior,WH,3776,3,0.0008
20,Hyderabad,Sourcing,327021,7,0
20,Vizag,Sourcing,20748,1,0
20,Jamshedpur,Pod,4129,3,0.0007
20,Jabalpur,Pod,3144,1,0.0003
20,Belgaum,Sourcing,3541,1,0.0003
20,Mumbai,Sourcing,338817,390,0.0012
20,Gorakhpur,Pod,2254,13,0.0058
20,Aligarh,Sourcing,1899,2,0.0011
20,Ranchi,WH,7237,3,0.0004
20,Gurgaon,Pod,91043,20,0.0002
20,Patna,Pod,20338,3,0.0001
20,Warangal,WH,8226,7,0.0009
20,Manipal,Sourcing,6633,10,0.0015
20,Kochi,Sourcing,91130,14,0.0002
20,Guntur,WH,10932,3,0.0003
20,Ranchi,Sourcing,7237,2,0.0003
20,Shivamogga,Sourcing,3250,4,0.0012
20,Kota,Sourcing,2517,5,0.002
20,Karimnagar,Sourcing,2983,3,0.001
20,Rudrapur,Sourcing,1246,1,0.0008
20,Gorakhpur,Sourcing,2254,1,0.0004
20,Alappuzha,Pod,3679,1,0.0003
20,Ongole,Pod,1188,1,0.0008
20,Kannur,Sourcing,1751,1,0.0006
20,Jalandhar,Sourcing,1951,1,0.0005
20,Rudrapur,Pod,1246,3,0.0024
20,Roorkee,Pod,1348,1,0.0007
20,Vapi,Sourcing,3777,1,0.0003
20,Moradabad,CX,2443,11,0.0045
20,Noida 1,Sourcing,67984,137,0.002
20,Surat,Pod,10679,7,0.0007
20,Chennai,Sourcing,241257,50,0.0002
20,Kakinada,Pod,3436,27,0.0079
20,Pune,Sourcing,165346,69,0.0004
20,Delhi,Sourcing,169449,287,0.0017
20,Noida 1,Sourcing,67984,11,0.0002
20,Vadodara,Pod,8409,6,0.0007
20,Ahmedabad,Sourcing,39059,63,0.0016
20,Davanagere,CX,1479,7,0.0047
20,Rajahmundry,Pod,4078,3,0.0007
20,Udaipur,Sourcing,5790,5,0.0009
20,Bathinda,Sourcing,1173,2,0.0017
20,Vapi,Sourcing,3777,4,0.0011
20,Panipat,Pod,3185,8,0.0025
20,Chandigarh,Sourcing,37838,2,0.0001
20,Cuttack,Sourcing,3566,1,0.0003
20,Kota,Sourcing,2517,2,0.0008
20,Vizag,Pod,20748,1,0
20,Indore,Pod,14431,11,0.0008
20,Chennai,Sourcing,241257,351,0.0015
20,Bangalore,Sourcing,615444,101,0.0002
20,Chandigarh,Sourcing,37838,15,0.0004
20,Rohtak,Pod,2877,5,0.0017
20,Amritsar,Pod,3142,4,0.0013
20,Vapi,Pod,3777,25,0.0066
20,Sonipat,CX,1121,6,0.0054
20,Ludhiana,Sourcing,7976,11,0.0014
20,Rohtak,Pod,2877,27,0.0094
20,Moradabad,Pod,2443,13,0.0053
20,Nagercoil,CX,3527,2,0.0006
20,Vellore,WH,6923,2,0.0003
20,Karnal,CX,1074,6,0.0056
20,Nagpur,Sourcing,10581,7,0.0007
20,Tirupati,WH,11508,10,0.0009
20,Vadodara,WH,8409,5,0.0006
20,Vapi,WH,3777,5,0.0013
20,Rajahmundry,WH,4078,3,0.0007
20,Bhilai,WH,943,1,0.0011
20,Rajahmundry,Sourcing,4078,1,0.0002
20,Jabalpur,Pod,3144,2,0.0006
20,Ajmer,Sourcing,2188,2,0.0009
20,Erode,Sourcing,3684,1,0.0003
20,Anantapur,Sourcing,4049,1,0.0002
20,Jalandhar,Sourcing,1951,2,0.001
20,Aurangabad,WH,3121,1,0.0003
20,Saharanpur,Pod,742,2,0.0027
20,Amravati,WH,1085,1,0.0009
20,Guntur,Sourcing,10932,1,0.0001
20,Hyderabad,Pod,327021,4033,0.0123
20,Chennai,CX,241257,1128,0.0047
20,Jaipur,Sourcing,26692,44,0.0016
20,Vizag,Pod,20748,169,0.0081
20,Thoothukudi,Pod,4716,30,0.0064
20,Hyderabad,Sourcing,327021,77,0.0002
20,Gurgaon,Sourcing,91043,205,0.0023
20,Pune,WH,165346,69,0.0004
20,Faridabad,Pod,10687,173,0.0162
20,Hyderabad,Sourcing,327021,113,0.0003
20,Noida 1,Sourcing,67984,152,0.0022
20,Dehradun,Pod,11574,110,0.0095
20,Ludhiana,Pod,7976,18,0.0023
20,Kurnool,Pod,5625,14,0.0025
20,Rajahmundry,CX,4078,5,0.0012
20,Thiruvananthapuram,Sourcing,42580,15,0.0004
20,Karimnagar,Pod,2983,3,0.001
20,Faridabad,Pod,10687,3,0.0003
20,Khammam,Sourcing,5294,1,0.0002
20,Guwahati,Sourcing,10188,1,0.0001
20,Hubli,Sourcing,2940,1,0.0003
20,Gorakhpur,CX,2254,3,0.0013
20,Chennai,Pod,241257,3883,0.0161
20,Mangaluru,Pod,19677,31,0.0016
20,Pondicherry,Pod,11566,63,0.0054
20,Vadodara,CX,8409,27,0.0032
20,Patna,Sourcing,20338,43,0.0021
20,Thanjavur,WH,5053,3,0.0006
20,Ahmedabad,Sourcing,39059,14,0.0004
20,Vizag,Sourcing,20748,9,0.0004
20,Ranchi,Pod,7237,53,0.0073
20,Erode,Sourcing,3684,3,0.0008
20,Mysore,WH,20434,5,0.0002
20,Thiruvananthapuram,WH,42580,13,0.0003
20,Sonipat,WH,1121,3,0.0027
20,Nagpur,Pod,10581,5,0.0005
20,Anand,Sourcing,990,2,0.002
20,Allahabad,Pod,1787,2,0.0011
20,Anantapur,Pod,4049,2,0.0005
20,Moradabad,Sourcing,2443,1,0.0004
20,Central Goa,CX,35434,114,0.0032
20,Kolkata,CX,94090,224,0.0024
20,Chennai,WH,241257,77,0.0003
20,Mysore,Pod,20434,111,0.0054
20,Lucknow,Pod,20354,77,0.0038
20,Mangaluru,WH,19677,7,0.0004
20,Jabalpur,Pod,3144,27,0.0086
20,Ahmedabad,Sourcing,39059,17,0.0004
20,Ludhiana,CX,7976,17,0.0021
20,Trichy,Pod,9206,53,0.0058
20,Bareilly,Pod,1131,11,0.0097
20,Latur,CX,841,10,0.0119
20,Karur,CX,2923,9,0.0031
20,Karimnagar,CX,2983,4,0.0013
20,Tirupati,Sourcing,11508,7,0.0006
20,Muzaffarpur,Pod,1153,2,0.0017
20,Gorakhpur,Pod,2254,3,0.0013
20,Ongole,Sourcing,1188,3,0.0025
20,Jodhpur,Sourcing,2099,1,0.0005
20,Patna,Sourcing,20338,2,0.0001
20,Rohtak,Pod,2877,2,0.0007
20,Varanasi,Pod,7958,1,0.0001
20,Rajkot,Pod,3890,1,0.0003
20,Amravati,Sourcing,1085,1,0.0009
20,Pune,CX,165346,683,0.0041
20,Warangal,CX,8226,47,0.0057
20,Kochi,Pod,91130,5,0.0001
20,Cuttack,Pod,3566,27,0.0076
20,Lucknow,Pod,20354,6,0.0003
20,Central Goa,Sourcing,35434,15,0.0004
20,Central Goa,Sourcing,35434,29,0.0008
20,Rohtak,Sourcing,2877,8,0.0028
20,Kolkata,WH,94090,9,0.0001
20,Latur,Pod,841,10,0.0119
20,Udaipur,WH,5790,8,0.0014
20,Kota,Pod,2517,3,0.0012
20,Jabalpur,Sourcing,3144,4,0.0013
20,Jodhpur,CX,2099,10,0.0048
20,Jaipur,Pod,26692,6,0.0002
20,Ludhiana,Sourcing,7976,4,0.0005
20,Bhopal,Pod,8473,5,0.0006
20,Patna,WH,20338,2,0.0001
20,Dehradun,WH,11574,3,0.0003
20,Nanded,CX,823,5,0.0061
20,Tirupur,Sourcing,6001,1,0.0002
20,Faridabad,Pod,10687,2,0.0002
20,Saharanpur,Sourcing,742,2,0.0027
20,Roorkee,CX,1348,1,0.0007
20,Bhimavaram,Sourcing,683,2,0.0029
20,Latur,Pod,841,2,0.0024
20,Ludhiana,Sourcing,7976,1,0.0001
20,Bikaner,Pod,1295,1,0.0008
20,Jodhpur,Sourcing,2099,1,0.0005
20,Kolkata,Pod,94090,269,0.0029
20,Kochi,CX,91130,160,0.0018
20,Coimbatore,Sourcing,30889,14,0.0005
20,Coimbatore,Sourcing,30889,12,0.0004
20,Manipal,Pod,6633,47,0.0071
20,Nellore,CX,5476,35,0.0064
20,Kota,Pod,2517,18,0.0072
20,Mysore,Sourcing,20434,19,0.0009
20,Madurai,Sourcing,9852,7,0.0007
20,Kozhikode,Sourcing,14039,8,0.0006
20,Palakkad,Pod,4221,7,0.0017
20,Bathinda,Pod,1173,9,0.0077
20,Kozhikode,WH,14039,3,0.0002
20,Thiruvananthapuram,Sourcing,42580,30,0.0007
20,Thanjavur,CX,5053,12,0.0024
20,Pune,Sourcing,165346,5,0
20,Ujjain,Sourcing,2185,4,0.0018
20,Kanpur,CX,3920,8,0.002
20,Kurnool,Sourcing,5625,11,0.002
20,Eluru,Pod,1055,9,0.0085
20,Ranchi,WH,7237,3,0.0004
20,Aligarh,WH,1899,1,0.0005
20,Allahabad,Pod,1787,1,0.0006
20,Karaikkudi,CX,2294,1,0.0004
20,Nizamabad,Pod,982,1,0.001
20,Bhilai,Pod,943,1,0.0011
20,Hubli,Pod,2940,1,0.0003
20,Ambala,Sourcing,1873,3,0.0016
20,Erode,Pod,3684,1,0.0003
20,Warangal,Pod,8226,1,0.0001
20,Roorkee,Sourcing,1348,2,0.0015
20,Hyderabad,CX,327021,1476,0.0045
20,Vellore,Sourcing,6923,11,0.0016
20,Bangalore,CX,615444,1984,0.0032
20,Vijayawada,Pod,16802,112,0.0067
20,Nellore,Pod,5476,48,0.0088
20,Guwahati,Pod,10188,133,0.0131
20,Gurgaon,WH,91043,34,0.0004
20,Nagpur,Pod,10581,68,0.0064
20,Siliguri,Pod,3681,25,0.0068
20,Kurnool,Sourcing,5625,4,0.0007
20,Delhi,WH,169449,55,0.0003
20,Tumakuru,Pod,3494,22,0.0063
20,Gurgaon,Sourcing,91043,85,0.0009
20,Vapi,CX,3777,23,0.0061
20,Chennai,Pod,241257,23,0.0001
20,Aurangabad,WH,3121,4,0.0013
20,Muzaffarpur,Sourcing,1153,2,0.0017
20,Moradabad,Sourcing,2443,3,0.0012
20,Karur,Sourcing,2923,2,0.0007
20,Karnal,WH,1074,1,0.0009
20,Patna,Pod,20338,1,0
20,Kochi,Pod,91130,23,0.0003
20,Kanchipuram,Pod,2936,1,0.0003
20,Bangalore,Sourcing,615444,657,0.0011
20,Kurnool,Sourcing,5625,16,0.0028
20,Bhopal,CX,8473,46,0.0054
20,Thrissur,Pod,22568,6,0.0003
20,Pune,Pod,165346,36,0.0002
20,Tirupati,Pod,11508,6,0.0005
20,Trichy,CX,9206,24,0.0026
20,Kanchipuram,CX,2936,13,0.0044
20,Kottayam,CX,5626,5,0.0009
20,Anantapur,WH,4049,6,0.0015
20,Jabalpur,CX,3144,5,0.0016
20,Patiala,Sourcing,4402,7,0.0016
20,Lonavla,Sourcing,928,3,0.0032
20,Tumakuru,Sourcing,3494,6,0.0017
20,Thrissur,WH,22568,3,0.0001
20,Bhubaneswar,WH,34205,3,0.0001
20,Bikaner,Sourcing,1295,1,0.0008
20,Cuttack,Sourcing,3566,1,0.0003
20,Raipur,WH,5195,1,0.0002
20,Hubli,Sourcing,2940,1,0.0003
20,Hyderabad,Sourcing,327021,607,0.0019
20,Kozhikode,CX,14039,27,0.0019
20,Rajkot,Pod,3890,27,0.0069
20,Central Goa,Pod,35434,333,0.0094
20,Meerut,Pod,4225,47,0.0111
20,Bhubaneswar,Sourcing,34205,33,0.001
20,Indore,Pod,14431,192,0.0133
20,Kochi,Sourcing,91130,54,0.0006
20,Madurai,Pod,9852,47,0.0048
20,Dibrugarh,CX,2502,7,0.0028
20,Kanpur,Sourcing,3920,3,0.0008
20,Vizag,WH,20748,5,0.0002
20,Delhi,Pod,169449,3,0
20,Palakkad,Pod,4221,3,0.0007
20,Madurai,Sourcing,9852,2,0.0002
20,Bhopal,Sourcing,8473,3,0.0004
20,Palakkad,Pod,4221,1,0.0002
20,Gorakhpur,WH,2254,1,0.0004
20,Sonipat,WH,1121,1,0.0009
20,Madurai,Pod,9852,21,0.0021
20,Mathura,Sourcing,1324,4,0.003
20,Ujjain,CX,2185,11,0.005
20,Ranchi,Sourcing,7237,3,0.0004
20,Nashik,Pod,6931,4,0.0006
20,Thrissur,Pod,22568,4,0.0002
20,Rajkot,Sourcing,3890,5,0.0013
20,Amravati,WH,1085,3,0.0028
20,Warangal,Sourcing,8226,5,0.0006
20,Thoothukudi,Pod,4716,1,0.0002
20,Rajahmundry,WH,4078,1,0.0002
20,Tumakuru,Pod,3494,1,0.0003
20,Kurnool,Sourcing,5625,1,0.0002
20,Nizamabad,Sourcing,982,2,0.002
20,Cuttack,Pod,3566,1,0.0003
20,Palakkad,Sourcing,4221,2,0.0005
20,Davanagere,Sourcing,1479,1,0.0007
20,Thoothukudi,Sourcing,4716,1,0.0002
20,Bhopal,WH,8473,1,0.0001
20,Mangaluru,Pod,19677,117,0.0059
20,Gurgaon,Pod,91043,1209,0.0133
20,Nashik,Pod,6931,62,0.0089
20,Meerut,Pod,4225,11,0.0026
20,Ambala,Pod,1873,14,0.0075
20,Nellore,Pod,5476,29,0.0053
20,Noida,Pod,22080,19,0.0009
20,Gwalior,CX,3776,13,0.0034
20,Berhampur,CX,1848,5,0.0027
20,Bhubaneswar,Sourcing,34205,8,0.0002
20,Rohtak,Sourcing,2877,6,0.0021
20,Palakkad,WH,4221,3,0.0007
20,Bilaspur,Pod,1326,6,0.0045
20,Nashik,Sourcing,6931,7,0.001
20,Vijayawada,Pod,16802,2,0.0001
20,Indore,Sourcing,14431,7,0.0005
20,Vellore,Sourcing,6923,4,0.0006
20,Thanjavur,WH,5053,3,0.0006
20,Ujjain,WH,2185,1,0.0005
20,Guntur,Pod,10932,7,0.0006
20,Kollam,Sourcing,8434,2,0.0002
20,Khammam,Pod,5294,2,0.0004
20,Kanchipuram,WH,2936,2,0.0007
20,Cuttack,Sourcing,3566,2,0.0006
20,Muzaffarpur,Pod,1153,1,0.0009
20,Siliguri,Sourcing,3681,1,0.0003
20,Allahabad,Sourcing,1787,1,0.0006
20,Thiruvalla,Sourcing,4064,1,0.0002
20,Amritsar,WH,3142,2,0.0006
20,Siliguri,Pod,3681,13,0.0035
20,Gwalior,Pod,3776,46,0.0122
20,Varanasi,Sourcing,7958,16,0.002
20,Central Goa,WH,35434,9,0.0003
20,Vizag,Pod,20748,8,0.0004
20,Vellore,CX,6923,14,0.002
20,Surat,Sourcing,10679,14,0.0013
20,Kannur,Pod,1751,8,0.0046
20,Muzaffarpur,Sourcing,1153,2,0.0017
20,Pondicherry,Sourcing,11566,7,0.0006
20,Central Goa,Sourcing,35434,11,0.0003
20,Ludhiana,Pod,7976,1,0.0001
20,Karur,Pod,2923,2,0.0007
20,Karaikkudi,Sourcing,2294,2,0.0009
20,Kurnool,Pod,5625,1,0.0002
20,Tirunelveli,Sourcing,5386,1,0.0002
20,Aligarh,Pod,1899,1,0.0005
20,Ranchi,Pod,7237,1,0.0001
20,Noida,Pod,22080,239,0.0108
20,Shivamogga,Pod,3250,17,0.0052
20,Thanjavur,Pod,5053,37,0.0073
20,Panipat,Pod,3185,15,0.0047
20,Vizag,WH,20748,12,0.0006
20,Ajmer,Pod,2188,13,0.0059
20,Muzaffarpur,Pod,1153,10,0.0087
20,Mumbai,WH,338817,154,0.0005
20,Chennai,Pod,241257,28,0.0001
20,Vizianagaram,Pod,1022,3,0.0029
20,Erode,WH,3684,1,0.0003
20,Sonipat,Sourcing,1121,3,0.0027
20,Aurangabad,Pod,3121,2,0.0006
20,Kolhapur,Pod,2095,1,0.0005
20,Moradabad,Sourcing,2443,2,0.0008
20,Bhubaneswar,WH,34205,2,0.0001
20,Bangalore,Sourcing,615444,667,0.0011
20,Hyderabad,WH,327021,152,0.0005
20,Tirupur,Pod,6001,38,0.0063
20,Bhopal,Pod,8473,104,0.0123
20,Amritsar,Pod,3142,25,0.008
20,Kottayam,Pod,5626,4,0.0007
20,Udaipur,CX,5790,27,0.0047
20,Varanasi,Sourcing,7958,10,0.0013
20,Nagercoil,Pod,3527,6,0.0017
20,Faridabad,WH,10687,10,0.0009
20,Meerut,Sourcing,4225,11,0.0026
20,Dehradun,Sourcing,11574,6,0.0005
20,Ongole,Pod,1188,19,0.016
20,Thiruvallur,WH,2155,3,0.0014
20,Panipat,Sourcing,3185,5,0.0016
20,Guntur,Pod,10932,2,0.0002
20,Varanasi,WH,7958,4,0.0005
20,Udaipur,WH,5790,4,0.0007
20,Kanchipuram,Pod,2936,3,0.001
20,Rudrapur,Pod,1246,2,0.0016
20,Faridabad,Sourcing,10687,1,0.0001
20,Ambala,Sourcing,1873,4,0.0021
20,Gurgaon,Pod,91043,2,0
20,Aurangabad,Pod,3121,51,0.0163
20,Rohtak,Sourcing,2877,4,0.0014
20,Trichy,Sourcing,9206,3,0.0003
20,Jamshedpur,CX,4129,37,0.009
20,Kolkata,Pod,94090,22,0.0002
20,Jamshedpur,WH,4129,2,0.0005
20,Delhi,WH,169449,107,0.0006
20,Kottayam,Sourcing,5626,2,0.0004
20,Bareilly,Sourcing,1131,1,0.0009
20,Thiruvalla,Pod,4064,2,0.0005
20,Aurangabad,Sourcing,3121,1,0.0003
20,Ongole,WH,1188,2,0.0017
20,Bangalore,WH,615444,517,0.0008
20,Delhi,Sourcing,169449,195,0.0012
20,Chandigarh,Sourcing,37838,58,0.0015
20,Nagpur,Pod,10581,40,0.0038
20,Varanasi,Pod,7958,77,0.0097
20,Tirunelveli,Pod,5386,19,0.0035
20,Kurnool,WH,5625,4,0.0007
20,Kozhikode,Pod,14039,24,0.0017
20,Saharanpur,CX,742,4,0.0054
20,Kanpur,Pod,3920,32,0.0082
20,Patiala,CX,4402,4,0.0009
20,Karur,Pod,2923,15,0.0051
20,Nagpur,CX,10581,36,0.0034
20,Bathinda,WH,1173,2,0.0017
20,Trichy,WH,9206,5,0.0005
20,Mathura,Pod,1324,6,0.0045
20,Jaipur,Sourcing,26692,11,0.0004
20,Thiruvallur,WH,2155,3,0.0014
20,Bikaner,CX,1295,4,0.0031
20,Bhopal,Sourcing,8473,4,0.0005
20,Eluru,CX,1055,4,0.0038
20,Khammam,Pod,5294,3,0.0006
20,Lonavla,Sourcing,928,3,0.0032
20,Tirupur,Sourcing,6001,1,0.0002
20,Panipat,Pod,3185,1,0.0003
20,Rajahmundry,Pod,4078,1,0.0002
20,Salem,Sourcing,7364,1,0.0001
20,Nagpur,WH,10581,1,0.0001
20,Tirunelveli,Sourcing,5386,1,0.0002
20,Gwalior,Sourcing,3776,2,0.0005
20,Jaipur,Pod,26692,252,0.0094
20,Bangalore,Sourcing,615444,1021,0.0017
20,Ajmer,CX,2188,6,0.0027
20,Pondicherry,Sourcing,11566,9,0.0008
20,Warangal,Sourcing,8226,14,0.0017
20,Coimbatore,WH,30889,14,0.0005
20,Bhilai,Pod,943,18,0.0191
20,Thiruvalla,Pod,4064,17,0.0042
20,Vizag,Sourcing,20748,11,0.0005
20,Latur,Pod,841,7,0.0083
20,Kozhikode,Sourcing,14039,4,0.0003
20,Ajmer,WH,2188,3,0.0014
20,Vellore,WH,6923,3,0.0004
20,Vadodara,WH,8409,1,0.0001
20,Bilaspur,Pod,1326,2,0.0015
20,Bikaner,Sourcing,1295,1,0.0008
20,Madurai,WH,9852,2,0.0002
20,Karimnagar,Sourcing,2983,1,0.0003
20,Coimbatore,Pod,30889,12,0.0004
20,Shivamogga,Sourcing,3250,3,0.0009
20,Bangalore,WH,615444,183,0.0003
20,Chandigarh,CX,37838,197,0.0052
20,Varanasi,CX,7958,37,0.0046
20,Patiala,Sourcing,4402,8,0.0018
20,Dehradun,CX,11574,31,0.0027
20,Vijayawada,Sourcing,16802,10,0.0006
20,Chandigarh,Pod,37838,4,0.0001
20,Noida 1,WH,67984,18,0.0003
20,Silchar,Sourcing,3967,4,0.001
20,Mysore,Sourcing,20434,14,0.0007
20,Mumbai,Pod,338817,175,0.0005
20,Mysore,WH,20434,14,0.0007
20,Patna,Sourcing,20338,16,0.0008
20,Kurnool,Pod,5625,29,0.0052
20,Kochi,Sourcing,91130,9,0.0001
20,Coimbatore,Pod,30889,4,0.0001
20,Tirunelveli,Pod,5386,3,0.0006
20,Thanjavur,Sourcing,5053,2,0.0004
20,Guntur,Sourcing,10932,14,0.0013
21,Nagercoil,WH,3728,1,0.0003
21,Warangal,Pod,8423,1,0.0001
21,Nagercoil,WH,3728,1,0.0003
21,Udaipur,WH,5225,1,0.0002
21,Dibrugarh,Pod,2250,4,0.0018
21,Rudrapur,Sourcing,1127,1,0.0009
21,Lucknow,WH,18428,1,0.0001
21,Patna,Sourcing,19545,19,0.001
21,Salem,CX,7514,11,0.0015
21,Mangaluru,Sourcing,17740,11,0.0006
21,Pune,WH,156717,78,0.0005
21,Ahmedabad,Sourcing,36332,42,0.0012
21,Jodhpur,Sourcing,1978,3,0.0015
21,Central Goa,WH,33741,3,0.0001
21,Vizag,Sourcing,18913,14,0.0007
21,Vizag,Pod,18913,10,0.0005
21,Mumbai,Pod,324581,7,0
21,Nellore,WH,6110,2,0.0003
21,Nellore,Pod,6110,13,0.0021
21,Chandigarh,Sourcing,37628,3,0.0001
21,Dehradun,Pod,11406,4,0.0004
21,Aurangabad,Sourcing,2393,2,0.0008
21,Eluru,Pod,1148,2,0.0017
21,Thanjavur,Sourcing,5022,3,0.0006
21,Saharanpur,CX,708,3,0.0042
21,Belgaum,Pod,3333,1,0.0003
21,Bhopal,Pod,8035,3,0.0004
21,Cuttack,Sourcing,3811,1,0.0003
21,Eluru,Pod,1148,2,0.0017
21,Kollam,Pod,7332,1,0.0001
21,Kota,Sourcing,2551,1,0.0004
21,Noida,WH,22326,13,0.0006
21,Rajkot,Pod,4011,40,0.01
21,Pondicherry,Pod,11475,21,0.0018
21,Panipat,Sourcing,3634,15,0.0041
21,Guwahati,CX,9416,36,0.0038
21,Nizamabad,Pod,1012,2,0.002
21,Vijayawada,Sourcing,16663,16,0.001
21,Anantapur,CX,3855,16,0.0042
21,Vellore,WH,7007,2,0.0003
21,Meerut,WH,4140,3,0.0007
21,Nanded,WH,772,2,0.0026
21,Trichy,WH,9096,4,0.0004
21,Bareilly,CX,1099,2,0.0018
21,Tumakuru,CX,3376,3,0.0009
21,Ludhiana,WH,7862,2,0.0003
21,Pondicherry,Sourcing,11475,4,0.0003
21,Thiruvananthapuram,Pod,41287,1,0
21,Rajahmundry,Pod,4542,1,0.0002
21,Alappuzha,Sourcing,3818,1,0.0003
21,Nanded,Sourcing,772,1,0.0013
21,Ambala,Sourcing,1930,2,0.001
21,Ajmer,Sourcing,2025,1,0.0005
21,Pune,CX,156717,543,0.0035
21,Chandigarh,Sourcing,37628,17,0.0005
21,Mysore,Pod,19534,105,0.0054
21,Salem,Pod,7514,9,0.0012
21,Karimnagar,WH,2981,2,0.0007
21,Rudrapur,Pod,1127,5,0.0044
21,Karimnagar,CX,2981,11,0.0037
21,Sri Ganganagar,CX,2064,14,0.0068
21,Amritsar,CX,2990,9,0.003
21,Trichy,CX,9096,18,0.002
21,Lucknow,Sourcing,18428,11,0.0006
21,Tirupati,Sourcing,10126,11,0.0011
21,Dehradun,Sourcing,11406,9,0.0008
21,Kozhikode,CX,13902,14,0.001
21,Nanded,CX,772,3,0.0039
21,Manipal,Sourcing,6409,6,0.0009
21,Bikaner,Sourcing,1189,2,0.0017
21,Kota,Sourcing,2551,1,0.0004
21,Mathura,CX,1093,6,0.0055
21,Latur,Pod,720,1,0.0014
21,Bhimavaram,Sourcing,982,2,0.002
21,Bilaspur,WH,1035,2,0.0019
21,Lonavla,WH,867,1,0.0012
21,Roorkee,Sourcing,1250,1,0.0008
21,Ludhiana,Pod,7862,17,0.0022
21,Mangaluru,CX,17740,33,0.0019
21,Bangalore,WH,609130,213,0.0004
21,Gwalior,CX,3341,19,0.0057
21,Central Goa,Pod,33741,8,0.0002
21,Kolkata,Sourcing,89552,48,0.0005
21,Gurgaon,Pod,92760,17,0.0002
21,Kanchipuram,CX,3007,8,0.0027
21,Nashik,Pod,6871,21,0.0031
21,Udaipur,Sourcing,5225,5,0.001
21,Karaikkudi,Pod,2303,20,0.0087
21,Salem,WH,7514,6,0.0008
21,Ranchi,Sourcing,6853,6,0.0009
21,Jaipur,Sourcing,27698,16,0.0006
21,Karaikkudi,CX,2303,6,0.0026
21,Mathura,Pod,1093,5,0.0046
21,Vizag,Pod,18913,2,0.0001
21,Lucknow,Sourcing,18428,3,0.0002
21,Nanded,Pod,772,1,0.0013
21,Sonipat,Sourcing,1129,1,0.0009
21,Varanasi,WH,7927,1,0.0001
21,Warangal,Pod,8423,1,0.0001
21,Chandigarh,Pod,37628,448,0.0119
21,Vizag,Pod,18913,125,0.0066
21,Lucknow,CX,18428,30,0.0016
21,Vapi,CX,3598,12,0.0033
21,Mysore,WH,19534,21,0.0011
21,Tirupati,Pod,10126,84,0.0083
21,Thrissur,Pod,21136,50,0.0024
21,Raipur,CX,5105,25,0.0049
21,Thrissur,CX,21136,7,0.0003
21,Kozhikode,Sourcing,13902,10,0.0007
21,Khammam,CX,5460,28,0.0051
21,Vellore,CX,7007,6,0.0009
21,Allahabad,Pod,1813,20,0.011
21,Karimnagar,Sourcing,2981,4,0.0013
21,Vijayawada,WH,16663,3,0.0002
21,Meerut,Sourcing,4140,10,0.0024
21,Nellore,WH,6110,5,0.0008
21,Dibrugarh,Sourcing,2250,3,0.0013
21,Amravati,Sourcing,1061,3,0.0028
21,Bhilai,WH,958,3,0.0031
21,Faridabad,Pod,10636,3,0.0003
21,Amritsar,Sourcing,2990,1,0.0003
21,Bilaspur,Sourcing,1035,1,0.001
21,Gorakhpur,Sourcing,2128,1,0.0005
21,Jalandhar,Pod,1946,1,0.0005
21,Central Goa,Sourcing,33741,1,0
21,Dibrugarh,Pod,2250,1,0.0004
21,Bangalore,Sourcing,609130,395,0.0006
21,Hyderabad,Pod,320059,4021,0.0126
21,Tirupati,Pod,10126,10,0.001
21,Ahmedabad,CX,36332,140,0.0039
21,Vijayawada,Sourcing,16663,5,0.0003
21,Nagpur,Sourcing,9760,19,0.0019
21,Moradabad,Sourcing,2162,9,0.0042
21,Dibrugarh,Pod,2250,15,0.0067
21,Udaipur,Sourcing,5225,7,0.0013
21,Nagpur,WH,9760,18,0.0018
21,Karur,CX,2858,2,0.0007
21,Surat,Sourcing,9800,6,0.0006
21,Cuttack,Sourcing,3811,3,0.0008
21,Belgaum,CX,3333,3,0.0009
21,Vadodara,Sourcing,7863,4,0.0005
21,Guwahati,WH,9416,3,0.0003
21,Salem,Sourcing,7514,4,0.0005
21,Shivamogga,Sourcing,3122,1,0.0003
21,Thanjavur,WH,5022,1,0.0002
21,Amravati,Pod,1061,3,0.0028
21,Aligarh,Pod,1620,2,0.0012
21,Bhilai,WH,958,1,0.001
21,Noida,Pod,22326,244,0.0109
21,Gurgaon,Pod,92760,1130,0.0122
21,Bangalore,Pod,609130,201,0.0003
21,Nellore,Sourcing,6110,3,0.0005
21,Manipal,Pod,6409,7,0.0011
21,Rajkot,Sourcing,4011,4,0.001
21,Bhopal,Sourcing,8035,15,0.0019
21,Roorkee,Sourcing,1250,2,0.0016
21,Muzaffarpur,Sourcing,1174,2,0.0017
21,Thiruvananthapuram,WH,41287,8,0.0002
21,Aligarh,Sourcing,1620,2,0.0012
21,Jamshedpur,Sourcing,4610,5,0.0011
21,Jaipur,WH,27698,7,0.0003
21,Anantapur,Sourcing,3855,4,0.001
21,Mysore,Sourcing,19534,1,0.0001
21,Amritsar,Sourcing,2990,2,0.0007
21,Jodhpur,Sourcing,1978,1,0.0005
21,Anantapur,Sourcing,3855,1,0.0003
21,Bareilly,Sourcing,1099,1,0.0009
21,Karnal,Pod,1061,1,0.0009
21,Thiruvananthapuram,Pod,41287,124,0.003
21,Mumbai,CX,324581,1072,0.0033
21,Vijayawada,CX,16663,50,0.003
21,Mumbai,WH,324581,106,0.0003
21,Davanagere,Pod,1449,8,0.0055
21,Tirupati,Sourcing,10126,11,0.0011
21,Nashik,Sourcing,6871,10,0.0015
21,Ludhiana,Sourcing,7862,11,0.0014
21,Thrissur,Sourcing,21136,4,0.0002
21,Kolhapur,Pod,1949,11,0.0056
21,Hyderabad,Pod,320059,83,0.0003
21,Varanasi,Pod,7927,3,0.0004
21,Muzaffarpur,Pod,1174,16,0.0136
21,Warangal,Sourcing,8423,17,0.002
21,Raipur,WH,5105,9,0.0018
21,Silchar,WH,3816,4,0.001
21,Madurai,Sourcing,10108,2,0.0002
21,Palakkad,Pod,4187,7,0.0017
21,Kottayam,Sourcing,5458,2,0.0004
21,Mumbai,Sourcing,324581,4,0
21,Mysore,WH,19534,2,0.0001
21,Bilaspur,Pod,1035,1,0.001
21,Eluru,WH,1148,1,0.0009
21,Tirupur,WH,5743,1,0.0002
21,Tirupur,Sourcing,5743,1,0.0002
21,Thiruvallur,Sourcing,2240,1,0.0004
21,Salem,Pod,7514,1,0.0001
21,Aurangabad,Sourcing,2393,1,0.0004
21,Delhi,Pod,173498,159,0.0009
21,Bhubaneswar,Pod,34727,214,0.0062
21,Kolkata,Sourcing,89552,179,0.002
21,Bhopal,Pod,8035,4,0.0005
21,Kollam,Pod,7332,31,0.0042
21,Mangaluru,Pod,17740,42,0.0024
21,Madurai,WH,10108,12,0.0012
21,Chennai,Pod,240967,32,0.0001
21,Patiala,Sourcing,4046,3,0.0007
21,Bhopal,WH,8035,5,0.0006
21,Bathinda,Sourcing,1306,6,0.0046
21,Tumakuru,Sourcing,3376,3,0.0009
21,Bhilai,CX,958,11,0.0115
21,Karaikkudi,WH,2303,5,0.0022
21,Madurai,Sourcing,10108,3,0.0003
21,Shivamogga,Sourcing,3122,1,0.0003
21,Davanagere,Sourcing,1449,1,0.0007
21,Gwalior,Sourcing,3341,1,0.0003
21,Bhimavaram,WH,982,1,0.001
21,Karimnagar,Pod,2981,1,0.0003
21,Thiruvallur,Pod,2240,22,0.0098
21,Delhi,WH,173498,87,0.0005
21,Noida 1,WH,68409,25,0.0004
21,Coimbatore,Sourcing,29947,22,0.0007
21,Guntur,Sourcing,11562,9,0.0008
21,Mysore,Sourcing,19534,21,0.0011
21,Thiruvalla,Pod,4064,6,0.0015
21,Vijayawada,Pod,16663,11,0.0007
21,Rohtak,Sourcing,2607,6,0.0023
21,Kurnool,WH,5175,2,0.0004
21,Coimbatore,WH,29947,16,0.0005
21,Jabalpur,Sourcing,2921,9,0.0031
21,Guwahati,WH,9416,2,0.0002
21,Rajahmundry,Pod,4542,2,0.0004
21,Dibrugarh,Sourcing,2250,2,0.0009
21,Udaipur,Pod,5225,2,0.0004
21,Karimnagar,Sourcing,2981,1,0.0003
21,Sonipat,CX,1129,1,0.0009
21,Moradabad,Sourcing,2162,1,0.0005
21,Shivamogga,Pod,3122,2,0.0006
21,Belgaum,WH,3333,1,0.0003
21,Jalandhar,Sourcing,1946,1,0.0005
21,Bangalore,Pod,609130,4078,0.0067
21,Ahmedabad,Pod,36332,355,0.0098
21,Chennai,Sourcing,240967,275,0.0011
21,Anantapur,Pod,3855,34,0.0088
21,Pune,Sourcing,156717,142,0.0009
21,Noida,Pod,22326,55,0.0025
21,Nellore,Pod,6110,46,0.0075
21,Vizag,Sourcing,18913,31,0.0016
21,Trichy,Pod,9096,53,0.0058
21,Ahmedabad,WH,36332,10,0.0003
21,Kolkata,Pod,89552,18,0.0002
21,Hyderabad,Sourcing,320059,135,0.0004
21,Pondicherry,Sourcing,11475,11,0.001
21,Pondicherry,WH,11475,4,0.0003
21,Noida,Pod,22326,7,0.0003
21,Ludhiana,Sourcing,7862,3,0.0004
21,Moradabad,WH,2162,1,0.0005
21,Thiruvalla,Sourcing,4064,1,0.0002
21,Bikaner,WH,1189,1,0.0008
21,Khammam,Sourcing,5460,1,0.0002
21,Rohtak,WH,2607,3,0.0012
21,Delhi,Sourcing,173498,373,0.0022
21,Karimnagar,Pod,2981,30,0.0101
21,Vellore,Pod,7007,38,0.0054
21,Mysore,Sourcing,19534,13,0.0007
21,Jaipur,Pod,27698,265,0.0096
21,Delhi,WH,173498,77,0.0004
21,Panipat,Pod,3634,40,0.011
21,Kozhikode,Pod,13902,5,0.0004
21,Varanasi,Pod,7927,62,0.0078
21,Gwalior,Pod,3341,34,0.0102
21,Belgaum,Pod,3333,10,0.003
21,Varanasi,Sourcing,7927,9,0.0011
21,Ongole,WH,1348,2,0.0015
21,Davanagere,CX,1449,3,0.0021
21,Vellore,WH,7007,2,0.0003
21,Sri Ganganagar,Sourcing,2064,4,0.0019
21,Thoothukudi,Pod,4808,2,0.0004
21,Dibrugarh,WH,2250,1,0.0004
21,Bhopal,WH,8035,2,0.0002
21,Alappuzha,Sourcing,3818,1,0.0003
21,Bathinda,WH,1306,1,0.0008
21,Davanagere,Sourcing,1449,1,0.0007
21,Tirupur,Pod,5743,1,0.0002
21,Chandigarh,Sourcing,37628,66,0.0018
21,Chennai,WH,240967,99,0.0004
21,Gurgaon,Pod,92760,55,0.0006
21,Tirupur,Pod,5743,27,0.0047
21,Bathinda,Pod,1306,5,0.0038
21,Kota,Sourcing,2551,7,0.0027
21,Tirupur,CX,5743,21,0.0037
21,Meerut,WH,4140,2,0.0005
21,Pondicherry,Sourcing,11475,4,0.0003
21,Patiala,CX,4046,14,0.0035
21,Belgaum,Sourcing,3333,3,0.0009
21,Saharanpur,Pod,708,8,0.0113
21,Kozhikode,WH,13902,4,0.0003
21,Jabalpur,Sourcing,2921,4,0.0014
21,Ongole,Pod,1348,4,0.003
21,Karur,Sourcing,2858,1,0.0004
21,Kanchipuram,Sourcing,3007,1,0.0003
21,Belgaum,Sourcing,3333,1,0.0003
21,Eluru,Sourcing,1148,1,0.0009
21,Silchar,Pod,3816,1,0.0003
21,Hubli,Sourcing,2622,1,0.0004
21,Jodhpur,WH,1978,1,0.0005
21,Central Goa,Sourcing,33741,19,0.0006
21,Jaipur,CX,27698,120,0.0043
21,Kochi,CX,87823,116,0.0013
21,Amravati,Pod,1061,6,0.0057
21,Delhi,Pod,173498,22,0.0001
21,Bikaner,Pod,1189,21,0.0177
21,Mangaluru,Pod,17740,2,0.0001
21,Lucknow,WH,18428,5,0.0003
21,Tirunelveli,Sourcing,5521,2,0.0004
21,Kollam,CX,7332,6,0.0008
21,Madurai,CX,10108,18,0.0018
21,Agra,WH,1619,3,0.0019
21,Nanded,Sourcing,772,4,0.0052
21,Vizag,Sourcing,18913,4,0.0002
21,Mathura,Sourcing,1093,3,0.0027
21,Thoothukudi,Sourcing,4808,1,0.0002
21,Berhampur,Sourcing,1700,1,0.0006
21,Nagercoil,Pod,3728,1,0.0003
21,Dehradun,WH,11406,2,0.0002
21,Rudrapur,Pod,1127,1,0.0009
21,Thiruvallur,Sourcing,2240,1,0.0004
21,Coimbatore,Pod,29947,11,0.0004
21,Karaikkudi,Pod,2303,1,0.0004
21,Thiruvananthapuram,Pod,41287,1,0
21,Kanchipuram,Pod,3007,13,0.0043
21,Nagpur,Sourcing,9760,24,0.0025
21,Udaipur,Pod,5225,40,0.0077
21,Guwahati,Sourcing,9416,6,0.0006
21,Hyderabad,Sourcing,320059,487,0.0015
21,Ranchi,Pod,6853,12,0.0018
21,Faridabad,Sourcing,10636,12,0.0011
21,Cuttack,Pod,3811,11,0.0029
21,Nellore,CX,6110,29,0.0047
21,Bhubaneswar,Sourcing,34727,18,0.0005
21,Ujjain,Pod,1907,2,0.001
21,Noida,Sourcing,22326,35,0.0016
21,Pune,Sourcing,156717,69,0.0004
21,Karnal,CX,1061,7,0.0066
21,Kolhapur,Sourcing,1949,2,0.001
21,Manipal,Sourcing,6409,3,0.0005
21,Moradabad,Sourcing,2162,2,0.0009
21,Thiruvananthapuram,Sourcing,41287,2,0
21,Thiruvallur,WH,2240,2,0.0009
21,Jamshedpur,Sourcing,4610,2,0.0004
21,Nizamabad,Sourcing,1012,1,0.001
21,Kottayam,Pod,5458,2,0.0004
21,Siliguri,WH,3236,1,0.0003
21,Hyderabad,CX,320059,1415,0.0044
21,Hyderabad,Sourcing,320059,390,0.0012
21,Mumbai,Sourcing,324581,204,0.0006
21,Coimbatore,Pod,29947,216,0.0072
21,Hyderabad,Pod,320059,188,0.0006
21,Warangal,Pod,8423,10,0.0012
21,Kolkata,WH,89552,12,0.0001
21,Madurai,Pod,10108,45,0.0045
21,Coimbatore,Pod,29947,5,0.0002
21,Patna,Pod,19545,77,0.0039
21,Patna,WH,19545,10,0.0005
21,Central Goa,Sourcing,33741,35,0.001
21,Central Goa,Sourcing,33741,5,0.0001
21,Anand,CX,786,3,0.0038
21,Bhilai,Sourcing,958,4,0.0042
21,Rajahmundry,Sourcing,4542,2,0.0004
21,Patiala,WH,4046,3,0.0007
21,Jamshedpur,WH,4610,2,0.0004
21,Kollam,Sourcing,7332,4,0.0005
21,Manipal,WH,6409,2,0.0003
21,Cuttack,Pod,3811,2,0.0005
21,Alappuzha,Pod,3818,1,0.0003
21,Guntur,Pod,11562,2,0.0002
21,Gwalior,Sourcing,3341,1,0.0003
21,Kochi,Pod,87823,21,0.0002
21,Delhi,CX,173498,717,0.0041
21,Central Goa,Pod,33741,232,0.0069
21,Patna,CX,19545,92,0.0047
21,Indore,Sourcing,12703,14,0.0011
21,Kota,Pod,2551,6,0.0024
21,Meerut,Pod,4140,41,0.0099
21,Surat,Sourcing,9800,6,0.0006
21,Chandigarh,WH,37628,10,0.0003
21,Patna,Pod,19545,6,0.0003
21,Nashik,Sourcing,6871,5,0.0007
21,Warangal,CX,8423,34,0.004
21,Nizamabad,Pod,1012,10,0.0099
21,Noida 1,Sourcing,68409,9,0.0001
21,Vijayawada,Sourcing,16663,8,0.0005
21,Berhampur,CX,1700,2,0.0012
21,Kakinada,WH,3558,2,0.0006
21,Vadodara,WH,7863,5,0.0006
21,Vizag,WH,18913,9,0.0005
21,Guwahati,Pod,9416,6,0.0006
21,Gorakhpur,CX,2128,1,0.0005
21,Kollam,Pod,7332,1,0.0001
21,Gurgaon,Sourcing,92760,1,0
21,Saharanpur,Sourcing,708,1,0.0014
21,Trichy,Pod,9096,1,0.0001
21,Thiruvananthapuram,Sourcing,41287,35,0.0008
21,Indore,CX,12703,65,0.0051
21,Guwahati,Pod,9416,111,0.0118
21,Lucknow,Pod,18428,17,0.0009
21,Noida,Sourcing,22326,13,0.0006
21,Vadodara,CX,7863,23,0.0029
21,Agra,Pod,1619,17,0.0105
21,Kota,Pod,2551,25,0.0098
21,Pondicherry,Pod,11475,84,0.0073
21,Aligarh,Sourcing,1620,6,0.0037
21,Pune,WH,156717,56,0.0004
21,Patiala,Pod,4046,8,0.002
21,Anantapur,WH,3855,3,0.0008
21,Vapi,Pod,3598,5,0.0014
21,Guntur,WH,11562,7,0.0006
21,Eluru,CX,1148,2,0.0017
21,Thoothukudi,Sourcing,4808,2,0.0004
21,Kannur,Sourcing,1827,1,0.0005
21,Vapi,Pod,3598,1,0.0003
21,Jamshedpur,Pod,4610,5,0.0011
21,Anand,WH,786,1,0.0013
21,Aurangabad,CX,2393,2,0.0008
21,Tirunelveli,WH,5521,1,0.0002
21,Ludhiana,WH,7862,1,0.0001
21,Rohtak,WH,2607,1,0.0004
21,Varanasi,Pod,7927,3,0.0004
21,Jodhpur,Pod,1978,1,0.0005
21,Warangal,Pod,8423,82,0.0097
21,Mangaluru,Pod,17740,78,0.0044
21,Udaipur,Sourcing,5225,6,0.0011
21,Kochi,Sourcing,87823,40,0.0005
21,Mangaluru,Sourcing,17740,21,0.0012
21,Vizag,WH,18913,12,0.0006
21,Patna,WH,19545,6,0.0003
21,Salem,Pod,7514,27,0.0036
21,Ambala,Pod,1930,16,0.0083
21,Raipur,WH,5105,5,0.001
21,Bhopal,Sourcing,8035,2,0.0002
21,Kollam,Sourcing,7332,4,0.0005
21,Ranchi,WH,6853,5,0.0007
21,Karaikkudi,Sourcing,2303,2,0.0009
21,Hyderabad,Pod,320059,1,0
21,Kota,Sourcing,2551,1,0.0004
21,Sri Ganganagar,WH,2064,1,0.0005
21,Karaikkudi,Sourcing,2303,1,0.0004
21,Nashik,WH,6871,1,0.0001
21,Muzaffarpur,Sourcing,1174,1,0.0009
21,Noida 1,Sourcing,68409,119,0.0017
21,Jamshedpur,Pod,4610,57,0.0124
21,Pondicherry,CX,11475,29,0.0025
21,Mysore,Pod,19534,34,0.0017
21,Nagpur,Pod,9760,12,0.0012
21,Thrissur,Pod,21136,3,0.0001
21,Berhampur,Pod,1700,14,0.0082
21,Bhubaneswar,WH,34727,2,0.0001
21,Vadodara,WH,7863,2,0.0003
21,Tirupur,WH,5743,3,0.0005
21,Jodhpur,WH,1978,3,0.0015
21,Nagpur,Pod,9760,3,0.0003
21,Kottayam,WH,5458,2,0.0004
21,Ongole,Sourcing,1348,4,0.003
21,Kannur,Pod,1827,5,0.0027
21,Karimnagar,Sourcing,2981,1,0.0003
21,Moradabad,Sourcing,2162,1,0.0005
21,Bhopal,Sourcing,8035,1,0.0001
21,Raipur,Pod,5105,1,0.0002
21,Saharanpur,WH,708,1,0.0014
21,Mathura,WH,1093,1,0.0009
21,Kota,Pod,2551,1,0.0004
21,Sri Ganganagar,Sourcing,2064,1,0.0005
21,Karnal,Sourcing,1061,1,0.0009
21,Kollam,Pod,7332,9,0.0012
21,Vijayawada,WH,16663,21,0.0013
21,Nagercoil,Pod,3728,8,0.0021
21,Faridabad,Sourcing,10636,30,0.0028
21,Ranchi,Sourcing,6853,7,0.001
21,Gorakhpur,Pod,2128,19,0.0089
21,Hubli,CX,2622,7,0.0027
21,Hyderabad,Sourcing,320059,8,0
21,Palakkad,Pod,4187,5,0.0012
21,Vellore,Pod,7007,4,0.0006
21,Coimbatore,CX,29947,72,0.0024
21,Meerut,Pod,4140,7,0.0017
21,Madurai,Pod,10108,9,0.0009
21,Kurnool,Sourcing,5175,4,0.0008
21,Faridabad,WH,10636,4,0.0004
21,Nagpur,Sourcing,9760,2,0.0002
21,Siliguri,Pod,3236,8,0.0025
21,Kota,WH,2551,1,0.0004
21,Erode,Pod,3643,2,0.0005
21,Dehradun,CX,11406,53,0.0046
21,Tirunelveli,CX,5521,6,0.0011
21,Chandigarh,Pod,37628,7,0.0002
21,Kolkata,Sourcing,89552,41,0.0005
21,Kota,CX,2551,13,0.0051
21,Meerut,CX,4140,13,0.0031
21,Raipur,Sourcing,5105,11,0.0022
21,Surat,CX,9800,18,0.0018
21,Lucknow,Sourcing,18428,18,0.001
21,Thoothukudi,Pod,4808,25,0.0052
21,Silchar,Pod,3816,3,0.0008
21,Bhubaneswar,Sourcing,34727,10,0.0003
21,Siliguri,CX,3236,6,0.0019
21,Guntur,Pod,11562,3,0.0003
21,Saharanpur,Pod,708,2,0.0028
21,Warangal,Sourcing,8423,1,0.0001
21,Kochi,Sourcing,87823,1,0
21,Tirupur,Sourcing,5743,1,0.0002
21,Karimnagar,WH,2981,1,0.0003
21,Kakinada,WH,3558,1,0.0003
21,Rajahmundry,WH,4542,1,0.0002
21,Davanagere,Pod,1449,1,0.0007
21,Vizianagaram,CX,1043,1,0.001
21,Thiruvananthapuram,CX,41287,41,0.001
21,Nashik,Pod,6871,64,0.0093
21,Noida,CX,22326,87,0.0039
21,Gurgaon,Sourcing,92760,135,0.0015
21,Guntur,CX,11562,33,0.0029
21,Panipat,CX,3634,10,0.0028
21,Gurgaon,WH,92760,63,0.0007
21,Cuttack,CX,3811,5,0.0013
21,Hyderabad,WH,320059,167,0.0005
21,Coimbatore,Sourcing,29947,25,0.0008
21,Rohtak,Pod,2607,4,0.0015
21,Dibrugarh,CX,2250,9,0.004
21,Central Goa,WH,33741,5,0.0001
21,Nagpur,Sourcing,9760,4,0.0004
21,Rajkot,WH,4011,2,0.0005
21,Bilaspur,Pod,1035,5,0.0048
21,Kakinada,Pod,3558,3,0.0008
21,Trichy,Sourcing,9096,3,0.0003
21,Rajkot,Sourcing,4011,3,0.0007
21,Silchar,WH,3816,2,0.0005
21,Thoothukudi,WH,4808,2,0.0004
21,Tirunelveli,WH,5521,5,0.0009
21,Panipat,WH,3634,1,0.0003
21,Cuttack,Sourcing,3811,1,0.0003
21,Allahabad,Sourcing,1813,1,0.0006
21,Salem,WH,7514,1,0.0001
21,Karnal,Sourcing,1061,1,0.0009
21,Karur,Sourcing,2858,1,0.0004
21,Tirupati,Pod,10126,1,0.0001
21,Kakinada,Sourcing,3558,1,0.0003
21,Patiala,Pod,4046,1,0.0002
21,Hyderabad,WH,320059,155,0.0005
21,Varanasi,CX,7927,35,0.0044
21,Vapi,Pod,3598,29,0.0081
21,Karnal,Pod,1061,12,0.0113
21,Ranchi,Pod,6853,72,0.0105
21,Noida,WH,22326,7,0.0003
21,Ahmedabad,WH,36332,7,0.0002
21,Erode,CX,3643,5,0.0014
21,Dehradun,Sourcing,11406,2,0.0002
21,Lonavla,Sourcing,867,1,0.0012
21,Gwalior,WH,3341,1,0.0003
21,Allahabad,Pod,1813,1,0.0006
21,Rajkot,Pod,4011,1,0.0002
21,Bikaner,Pod,1189,2,0.0017
21,Ajmer,Pod,2025,1,0.0005
21,Tumakuru,Sourcing,3376,2,0.0006
21,Saharanpur,Sourcing,708,1,0.0014
21,Bangalore,Pod,609130,1650,0.0027
21,Mumbai,Pod,324581,3003,0.0093
21,Mumbai,Sourcing,324581,413,0.0013
21,Bhopal,CX,8035,39,0.0049
21,Jodhpur,Pod,1978,26,0.0131
21,Meerut,Sourcing,4140,7,0.0017
21,Vizag,CX,18913,47,0.0025
21,Chandigarh,Sourcing,37628,46,0.0012
21,Vapi,Sourcing,3598,4,0.0011
21,Warangal,WH,8423,7,0.0008
21,Alappuzha,Pod,3818,5,0.0013
21,Agra,CX,1619,7,0.0043
21,Khammam,Sourcing,5460,3,0.0005
21,Jalandhar,Pod,1946,7,0.0036
21,Kanpur,Sourcing,3602,3,0.0008
21,Kakinada,Sourcing,3558,4,0.0011
21,Tirupur,Pod,5743,3,0.0005
21,Kozhikode,Sourcing,13902,3,0.0002
21,Aligarh,WH,1620,3,0.0019
21,Mysore,Pod,19534,2,0.0001
21,Vijayawada,Sourcing,16663,4,0.0002
21,Kurnool,Pod,5175,2,0.0004
21,Lonavla,Sourcing,867,1,0.0012
21,Allahabad,Sourcing,1813,1,0.0006
21,Vadodara,Pod,7863,1,0.0001
21,Jabalpur,WH,2921,1,0.0003
21,Bilaspur,CX,1035,4,0.0039
21,Patna,Sourcing,19545,1,0.0001
21,Kochi,Pod,87823,365,0.0042
21,Varanasi,WH,7927,10,0.0013
21,Aligarh,Pod,1620,23,0.0142
21,Coimbatore,WH,29947,10,0.0003
21,Chandigarh,Pod,37628,13,0.0003
21,Kurnool,Sourcing,5175,3,0.0006
21,Pondicherry,Sourcing,11475,4,0.0003
21,Surat,Pod,9800,8,0.0008
21,Nashik,Sourcing,6871,5,0.0007
21,Allahabad,CX,1813,1,0.0006
21,Trichy,Pod,9096,1,0.0001
21,Aligarh,WH,1620,1,0.0006
21,Aurangabad,Pod,2393,4,0.0017
21,Chandigarh,CX,37628,165,0.0044
21,Bangalore,CX,609130,1678,0.0028
21,Vadodara,Sourcing,7863,15,0.0019
21,Delhi,Sourcing,173498,253,0.0015
21,Ahmedabad,Sourcing,36332,14,0.0004
21,Kolkata,CX,89552,184,0.0021
21,Varanasi,Sourcing,7927,10,0.0013
21,Panipat,Sourcing,3634,7,0.0019
21,Tirupati,WH,10126,6,0.0006
21,Kolkata,Sourcing,89552,11,0.0001
21,Tirupati,Sourcing,10126,6,0.0006
21,Cuttack,Pod,3811,2,0.0005
21,Anantapur,Sourcing,3855,1,0.0003
21,Gwalior,Pod,3341,2,0.0006
21,Erode,Sourcing,3643,1,0.0003
21,Siliguri,Sourcing,3236,1,0.0003
21,Thiruvalla,CX,4064,1,0.0002
21,Shivamogga,Sourcing,3122,1,0.0003
21,Kakinada,Pod,3558,1,0.0003
21,Gwalior,WH,3341,1,0.0003
21,Bangalore,Sourcing,609130,540,0.0009
21,Pune,Pod,156717,59,0.0004
21,Thiruvallur,CX,2240,19,0.0085
21,Noida 1,Pod,68409,160,0.0023
21,Ludhiana,CX,7862,17,0.0022
21,Bikaner,CX,1189,10,0.0084
21,Patna,Sourcing,19545,30,0.0015
21,Siliguri,Pod,3236,19,0.0059
21,Eluru,Sourcing,1148,3,0.0026
21,Ongole,Pod,1348,10,0.0074
21,Sonipat,Sourcing,1129,2,0.0018
21,Bhubaneswar,Pod,34727,5,0.0001
21,Vapi,Sourcing,3598,3,0.0008
21,Rohtak,Sourcing,2607,4,0.0015
21,Vellore,Sourcing,7007,2,0.0003
21,Guwahati,Pod,9416,1,0.0001
21,Pondicherry,WH,11475,2,0.0002
21,Tumakuru,WH,3376,1,0.0003
21,Bhimavaram,Sourcing,982,1,0.001
21,Bangalore,WH,609130,409,0.0007
21,Vijayawada,Pod,16663,94,0.0056
21,Chennai,Sourcing,240967,258,0.0011
21,Rohtak,Pod,2607,25,0.0096
21,Nellore,Sourcing,6110,14,0.0023
21,Central Goa,CX,33741,79,0.0023
21,Rajahmundry,Pod,4542,24,0.0053
21,Warangal,Sourcing,8423,4,0.0005
21,Tirunelveli,Sourcing,5521,2,0.0004
21,Thanjavur,CX,5022,7,0.0014
21,Lonavla,CX,867,3,0.0035
21,Trichy,WH,9096,9,0.001
21,Vadodara,Sourcing,7863,2,0.0003
21,Aligarh,Sourcing,1620,2,0.0012
21,Ujjain,WH,1907,1,0.0005
21,Anand,Pod,786,3,0.0038
21,Indore,Pod,12703,2,0.0002
21,Anand,WH,786,1,0.0013
21,Indore,Pod,12703,12,0.0009
21,Indore,Pod,12703,163,0.0128
21,Noida,Sourcing,22326,50,0.0022
21,Noida 1,Sourcing,68409,123,0.0018
21,Noida 1,CX,68409,243,0.0036
21,Kolkata,Pod,89552,236,0.0026
21,Muzaffarpur,Pod,1174,6,0.0051
21,Chandigarh,WH,37628,9,0.0002
21,Warangal,Sourcing,8423,18,0.0021
21,Mumbai,Pod,324581,306,0.0009
21,Kolkata,WH,89552,10,0.0001
21,Rajahmundry,CX,4542,6,0.0013
21,Indore,Sourcing,12703,3,0.0002
21,Ludhiana,Sourcing,7862,7,0.0009
21,Kanpur,Sourcing,3602,6,0.0017
21,Amravati,WH,1061,2,0.0019
21,Aurangabad,Sourcing,2393,2,0.0008
21,Tirupati,WH,10126,3,0.0003
21,Bareilly,Sourcing,1099,3,0.0027
21,Tumakuru,Pod,3376,2,0.0006
21,Sonipat,WH,1129,1,0.0009
21,Hubli,Sourcing,2622,1,0.0004
21,Thoothukudi,Sourcing,4808,1,0.0002
21,Anand,Sourcing,786,1,0.0013
21,Khammam,Pod,5460,1,0.0002
21,Thrissur,Sourcing,21136,2,0.0001
21,Chennai,Pod,240967,2980,0.0124
21,Chennai,Sourcing,240967,66,0.0003
21,Udaipur,WH,5225,7,0.0013
21,Kurnool,Pod,5175,38,0.0073
21,Erode,Pod,3643,15,0.0041
21,Patiala,Pod,4046,34,0.0084
21,Jodhpur,CX,1978,11,0.0056
21,Tirunelveli,Pod,5521,16,0.0029
21,Trichy,Sourcing,9096,11,0.0012
21,Trichy,Sourcing,9096,3,0.0003
21,Mangaluru,WH,17740,6,0.0003
21,Panipat,Pod,3634,5,0.0014
21,Ongole,CX,1348,7,0.0052
21,Coimbatore,Sourcing,29947,7,0.0002
21,Ujjain,Sourcing,1907,3,0.0016
21,Tirunelveli,Sourcing,5521,2,0.0004
21,Rajkot,Pod,4011,2,0.0005
21,Panipat,Sourcing,3634,3,0.0008
21,Moradabad,Pod,2162,3,0.0014
21,Jabalpur,Pod,2921,1,0.0003
21,Ongole,WH,1348,1,0.0007
21,Jaipur,Pod,27698,9,0.0003
21,Pune,Sourcing,156717,11,0.0001
21,Jodhpur,Pod,1978,1,0.0005
21,Delhi,Sourcing,173498,7,0
21,Ongole,Sourcing,1348,1,0.0007
21,Erode,Sourcing,3643,1,0.0003
21,Faridabad,Pod,10636,5,0.0005
21,Udaipur,Pod,5225,1,0.0002
21,Kottayam,Sourcing,5458,1,0.0002
21,Nagpur,WH,9760,1,0.0001
21,Guntur,Sourcing,11562,2,0.0002
21,Pune,Pod,156717,1736,0.0111
21,Khammam,Pod,5460,50,0.0092
21,Ajmer,CX,2025,7,0.0035
21,Manipal,CX,6409,13,0.002
21,Bhilai,Pod,958,10,0.0104
21,Amritsar,Pod,2990,27,0.009
21,Kurnool,CX,5175,32,0.0062
21,Thoothukudi,CX,4808,10,0.0021
21,Kurnool,Pod,5175,5,0.001
21,Thiruvananthapuram,WH,41287,8,0.0002
21,Udaipur,CX,5225,19,0.0036
21,Pune,Pod,156717,84,0.0005
21,Muzaffarpur,Sourcing,1174,4,0.0034
21,Bangalore,Pod,609130,4,0
21,Mangaluru,WH,17740,3,0.0002
21,Jabalpur,CX,2921,6,0.0021
21,Ranchi,Sourcing,6853,4,0.0006
21,Rohtak,Sourcing,2607,5,0.0019
21,Nizamabad,CX,1012,4,0.004
21,Indore,WH,12703,11,0.0009
21,Amritsar,WH,2990,1,0.0003
21,Cuttack,WH,3811,1,0.0003
21,Thanjavur,Pod,5022,1,0.0002
21,Faridabad,CX,10636,48,0.0045
21,Kozhikode,Pod,13902,33,0.0024
21,Moradabad,Pod,2162,14,0.0065
21,Ujjain,CX,1907,9,0.0047
21,Thanjavur,WH,5022,2,0.0004
21,Jaipur,Sourcing,27698,3,0.0001
21,Chennai,WH,240967,123,0.0005
21,Kottayam,Pod,5458,12,0.0022
21,Surat,Pod,9800,2,0.0002
21,Latur,Pod,720,5,0.0069
21,Bhopal,Sourcing,8035,11,0.0014
21,Tirunelveli,Pod,5521,5,0.0009
21,Kanpur,CX,3602,5,0.0014
21,Aurangabad,Pod,2393,21,0.0088
21,Silchar,Sourcing,3816,3,0.0008
21,Bhimavaram,CX,982,5,0.0051
21,Allahabad,WH,1813,1,0.0006
21,Nellore,Sourcing,6110,8,0.0013
21,Varanasi,Sourcing,7927,11,0.0014
21,Kochi,WH,87823,9,0.0001
21,Bangalore,Sourcing,609130,71,0.0001
21,Karaikkudi,WH,2303,1,0.0004
21,Nagercoil,CX,3728,2,0.0005
21,Jalandhar,Sourcing,1946,1,0.0005
21,Kozhikode,WH,13902,1,0.0001
21,Meerut,Pod,4140,1,0.0002
21,Shivamogga,CX,3122,12,0.0038
21,Jamshedpur,WH,4610,2,0.0004
21,Surat,WH,9800,12,0.0012
21,Madurai,Pod,10108,1,0.0001
21,Patiala,Sourcing,4046,4,0.001
21,Bhubaneswar,Sourcing,34727,24,0.0007
21,Berhampur,Sourcing,1700,1,0.0006
21,Kozhikode,Sourcing,13902,5,0.0004
21,Mumbai,Pod,324581,80,0.0002
21,Surat,Pod,9800,68,0.0069
21,Nagpur,CX,9760,32,0.0033
21,Guwahati,Sourcing,9416,7,0.0007
21,Lonavla,Pod,867,4,0.0046
21,Amravati,Sourcing,1061,1,0.0009
21,Bhilai,Sourcing,958,2,0.0021
21,Nashik,WH,6871,1,0.0001
21,Chennai,Pod,240967,70,0.0003
21,Mumbai,WH,324581,196,0.0006
21,Mysore,Sourcing,19534,13,0.0007
21,Tumakuru,Pod,3376,17,0.005
21,Meerut,Sourcing,4140,2,0.0005
21,Kanpur,Pod,3602,18,0.005
21,Manipal,Pod,6409,38,0.0059
21,Rajkot,Sourcing,4011,2,0.0005
21,Eluru,Pod,1148,8,0.007
21,Salem,Sourcing,7514,5,0.0007
21,Madurai,Sourcing,10108,4,0.0004
21,Udaipur,Pod,5225,2,0.0004
21,Guntur,Pod,11562,95,0.0082
21,Kochi,Sourcing,87823,29,0.0003
21,Roorkee,Pod,1250,20,0.016
21,Amravati,CX,1061,7,0.0066
21,Chennai,Pod,240967,1,0
21,Ludhiana,Sourcing,7862,1,0.0001
21,Erode,Pod,3643,1,0.0003
21,Noida 1,Pod,68409,570,0.0083
21,Sri Ganganagar,Pod,2064,15,0.0073
21,Shivamogga,Pod,3122,15,0.0048
21,Bathinda,CX,1306,3,0.0023
21,Moradabad,CX,2162,8,0.0037
21,Lucknow,Pod,18428,2,0.0001
21,Gurgaon,Pod,92760,4,0
21,Silchar,CX,3816,10,0.0026
21,Amritsar,Sourcing,2990,1,0.0003
21,Manipal,Sourcing,6409,8,0.0012
21,Noida,Sourcing,22326,46,0.0021
21,Indore,Sourcing,12703,16,0.0013
21,Vapi,Sourcing,3598,4,0.0011
21,Karimnagar,Pod,2981,2,0.0007
21,Sri Ganganagar,Sourcing,2064,1,0.0005
21,Gurgaon,CX,92760,452,0.0049
21,Jaipur,Sourcing,27698,42,0.0015
21,Roorkee,CX,1250,7,0.0056
21,Shivamogga,WH,3122,2,0.0006
21,Panipat,Sourcing,3634,1,0.0003
21,Tumakuru,Sourcing,3376,2,0.0006
21,Kurnool,WH,5175,2,0.0004
21,Lucknow,Pod,18428,99,0.0054
21,Dehradun,Pod,11406,123,0.0108
21,Bhubaneswar,Pod,34727,10,0.0003
21,Rajahmundry,Sourcing,4542,3,0.0007
21,Vadodara,Pod,7863,5,0.0006
21,Silchar,Sourcing,3816,3,0.0008
21,Guntur,Sourcing,11562,2,0.0002
21,Thiruvalla,Sourcing,4064,1,0.0002
21,Patiala,Sourcing,4046,3,0.0007
21,Bhopal,Pod,8035,69,0.0086
21,Surat,Sourcing,9800,13,0.0013
21,Faridabad,Sourcing,10636,18,0.0017
21,Ujjain,Pod,1907,12,0.0063
21,Vadodara,Pod,7863,65,0.0083
21,Vellore,Sourcing,7007,8,0.0011
21,Ongole,Sourcing,1348,5,0.0037
21,Vizag,Pod,18913,6,0.0003
21,Palakkad,WH,4187,1,0.0002
21,Rohtak,CX,2607,7,0.0027
21,Sonipat,Pod,1129,6,0.0053
21,Ranchi,WH,6853,4,0.0006
21,Surat,WH,9800,3,0.0003
21,Bilaspur,Sourcing,1035,3,0.0029
21,Gurgaon,Sourcing,92760,219,0.0024
21,Guntur,Sourcing,11562,8,0.0007
21,Mangaluru,Sourcing,17740,11,0.0006
21,Delhi,Pod,173498,2,0
21,Anand,Pod,786,7,0.0089
21,Kanchipuram,Pod,3007,2,0.0007
21,Karur,Pod,2858,8,0.0028
21,Jalandhar,CX,1946,2,0.001
21,Kanpur,Pod,3602,1,0.0003
21,Vellore,Pod,7007,1,0.0001
21,Kakinada,Sourcing,3558,1,0.0003
21,Thanjavur,Pod,5022,13,0.0026
21,Bhimavaram,Pod,982,6,0.0061
21,Gurgaon,Sourcing,92760,85,0.0009
21,Rajahmundry,WH,4542,2,0.0004
21,Silchar,Pod,3816,28,0.0073
21,Noida 1,WH,68409,23,0.0003
21,Rajkot,CX,4011,17,0.0042
21,Bhubaneswar,WH,34727,6,0.0002
21,Bareilly,Pod,1099,6,0.0055
21,Kurnool,Sourcing,5175,3,0.0006
21,Ujjain,WH,1907,5,0.0026
21,Bangalore,Sourcing,609130,983,0.0016
21,Raipur,Pod,5105,9,0.0018
21,Lucknow,Sourcing,18428,14,0.0008
21,Kochi,Sourcing,87823,7,0.0001
21,Noida 1,Pod,68409,15,0.0002
21,Vellore,Sourcing,7007,3,0.0004
21,Pune,Sourcing,156717,155,0.001
21,Jaipur,Sourcing,27698,68,0.0025
21,Kolhapur,CX,1949,7,0.0036
21,Indore,WH,12703,5,0.0004
21,Alappuzha,CX,3818,1,0.0003
21,Kochi,WH,87823,7,0.0001
21,Nizamabad,Sourcing,1012,1,0.001
21,Thiruvallur,Sourcing,2240,4,0.0018
21,Delhi,Sourcing,173498,273,0.0016
21,Kochi,Pod,87823,8,0.0001
21,Muzaffarpur,CX,1174,5,0.0043
21,Ranchi,CX,6853,34,0.005
21,Aligarh,CX,1620,12,0.0074
21,Ahmedabad,Pod,36332,17,0.0005
21,Ludhiana,Pod,7862,38,0.0048
21,Warangal,WH,8423,9,0.0011
21,Patna,Pod,19545,219,0.0112
21,Kottayam,CX,5458,5,0.0009
21,Jalandhar,Sourcing,1946,4,0.0021
21,Nellore,Pod,6110,2,0.0003
21,Bhubaneswar,CX,34727,75,0.0022
21,Jabalpur,Pod,2921,25,0.0086
21,Khammam,Sourcing,5460,2,0.0004
21,Anantapur,Sourcing,3855,1,0.0003
21,Nashik,CX,6871,40,0.0058
21,Mysore,CX,19534,39,0.002
21,Karnal,WH,1061,1,0.0009
21,Kolkata,Pod,89552,449,0.005
21,Faridabad,Pod,10636,148,0.0139
21,Thiruvananthapuram,Pod,41287,25,0.0006
21,Kannur,Sourcing,1827,1,0.0005
21,Raipur,Pod,5105,53,0.0104
21,Ahmedabad,Sourcing,36332,26,0.0007
21,Palakkad,WH,4187,1,0.0002
21,Nagercoil,Sourcing,3728,2,0.0005
21,Gurgaon,WH,92760,39,0.0004
21,Raipur,Sourcing,5105,13,0.0025
21,Palakkad,CX,4187,5,0.0012
21,Ajmer,Pod,2025,16,0.0079
21,Dehradun,Pod,11406,8,0.0007
21,Panipat,WH,3634,2,0.0006
21,Rajkot,WH,4011,2,0.0005
21,Amravati,Sourcing,1061,1,0.0009
21,Faridabad,WH,10636,2,0.0002
21,Patna,Sourcing,19545,47,0.0024
21,Mumbai,Sourcing,324581,290,0.0009
21,Amritsar,WH,2990,1,0.0003
21,Noida 1,Sourcing,68409,138,0.002
21,Nagpur,Pod,9760,56,0.0057
21,Nanded,Pod,772,6,0.0078
21,Jamshedpur,Sourcing,4610,3,0.0007
21,Mysore,Pod,19534,1,0.0001
21,Ahmedabad,Pod,36332,12,0.0003
21,Jamshedpur,CX,4610,34,0.0074
21,Dehradun,Sourcing,11406,18,0.0016
21,Jaipur,WH,27698,18,0.0007
21,Nashik,Pod,6871,5,0.0007
21,Thiruvallur,WH,2240,4,0.0018
21,Manipal,WH,6409,2,0.0003
21,Central Goa,Pod,33741,12,0.0004
21,Allahabad,WH,1813,1,0.0006
21,Vijayawada,Pod,16663,1,0.0001
21,Thrissur,Pod,21136,1,0
21,Agra,Sourcing,1619,1,0.0006
21,Guntur,WH,11562,13,0.0011
21,Kakinada,CX,3558,8,0.0022
21,Kakinada,Pod,3558,25,0.007
21,Ajmer,Sourcing,2025,3,0.0015
21,Gwalior,Sourcing,3341,6,0.0018
21,Delhi,Pod,173498,1775,0.0102
21,Tirupati,CX,10126,53,0.0052
21,Jaipur,Pod,27698,7,0.0003
21,Thiruvananthapuram,Sourcing,41287,19,0.0005
21,Hubli,Pod,2622,14,0.0053
21,Chennai,CX,240967,909,0.0038
21,Palakkad,Sourcing,4187,3,0.0007
22,Cuddalore,CX,456,5,0.011
22,Vadodara,Sourcing,7966,4,0.0005
22,Vapi,Sourcing,3793,4,0.0011
22,Raipur,WH,5198,8,0.0015
22,Tumakuru,WH,3487,2,0.0006
22,Noida,Pod,21989,4,0.0002
22,Agra,WH,2125,3,0.0014
22,Berhampur,Sourcing,1780,2,0.0011
22,Davanagere,Pod,1584,4,0.0025
22,Gorakhpur,Sourcing,2531,1,0.0004
22,Amravati,Pod,1140,1,0.0009
22,Guwahati,Pod,10822,4,0.0004
22,Thiruvananthapuram,Sourcing,43090,1,0
22,Saharanpur,Sourcing,715,2,0.0028
22,Salem,Sourcing,7859,1,0.0001
22,Kakinada,Sourcing,3371,1,0.0003
22,Thanjavur,Sourcing,5704,1,0.0002
22,Belgaum,Pod,3365,1,0.0003
22,Ongole,Sourcing,1457,3,0.0021
22,Kottayam,WH,5556,1,0.0002
22,Erode,Sourcing,3956,1,0.0003
22,Ambala,Sourcing,1881,1,0.0005
22,Shivamogga,Sourcing,3066,1,0.0003
22,Bhubaneswar,Pod,34061,193,0.0057
22,Meerut,Pod,4410,27,0.0061
22,Bathinda,CX,1263,6,0.0048
22,Mangaluru,Sourcing,18256,16,0.0009
22,Warangal,Sourcing,8390,14,0.0017
22,Chandigarh,Sourcing,33649,74,0.0022
22,Jabalpur,Sourcing,2996,7,0.0023
22,Ludhiana,Sourcing,8175,12,0.0015
22,Dibrugarh,Sourcing,2273,4,0.0018
22,Aligarh,CX,2072,16,0.0077
22,Patna,Sourcing,20514,39,0.0019
22,Gorakhpur,Sourcing,2531,5,0.002
22,Meerut,Sourcing,4410,10,0.0023
22,Rudrapur,CX,1053,4,0.0038
22,Palakkad,Pod,4874,3,0.0006
22,Bareilly,CX,1326,4,0.003
22,Tirupur,WH,5999,1,0.0002
22,Pondicherry,WH,11031,5,0.0005
22,Kollam,Sourcing,8462,1,0.0001
22,Ongole,Sourcing,1457,1,0.0007
22,Eluru,WH,1234,1,0.0008
22,Central Goa,Sourcing,35118,27,0.0008
22,Ujjain,Pod,2010,1,0.0005
22,Rajkot,Pod,4265,17,0.004
22,Tirupati,Pod,8677,52,0.006
22,Chennai,WH,237446,116,0.0005
22,Manipal,Sourcing,6907,6,0.0009
22,Hyderabad,Sourcing,306848,402,0.0013
22,Guntur,Pod,11583,68,0.0059
22,Central Goa,Pod,35118,21,0.0006
22,Pondicherry,Pod,11031,16,0.0015
22,Noida,Sourcing,21989,49,0.0022
22,Nellore,Sourcing,5980,10,0.0017
22,Nizamabad,Sourcing,1188,2,0.0017
22,Ambala,Sourcing,1881,2,0.0011
22,Tirupati,Sourcing,8677,6,0.0007
22,Dindigul,Pod,524,2,0.0038
22,Kota,Pod,2511,3,0.0012
22,Noida,Sourcing,21989,4,0.0002
22,Pondicherry,WH,11031,3,0.0003
22,Nizamabad,CX,1188,4,0.0034
22,Vellore,WH,7077,3,0.0004
22,Erode,CX,3956,4,0.001
22,Surat,WH,10110,11,0.0011
22,Jabalpur,Sourcing,2996,1,0.0003
22,Silchar,Pod,4122,10,0.0024
22,Rohtak,CX,2767,8,0.0029
22,Kota,Sourcing,2511,1,0.0004
22,Berhampur,Pod,1780,1,0.0006
22,Hubli,Pod,2621,10,0.0038
22,Alappuzha,Pod,3932,7,0.0018
22,Thoothukudi,Pod,5287,2,0.0004
22,Tirupur,Pod,5999,3,0.0005
22,Gurgaon,WH,89691,34,0.0004
22,Nashik,Pod,8210,51,0.0062
22,Patna,Pod,20514,221,0.0108
22,Lucknow,Pod,19124,54,0.0028
22,Panipat,Pod,3719,34,0.0091
22,Pondicherry,Pod,11031,68,0.0062
22,Coimbatore,CX,30194,65,0.0022
22,Ludhiana,Pod,8175,35,0.0043
22,Mysore,Sourcing,19934,17,0.0009
22,Amravati,WH,1140,3,0.0026
22,Tumakuru,Sourcing,3487,4,0.0011
22,Muzaffarpur,Sourcing,1247,2,0.0016
22,Vapi,Sourcing,3793,4,0.0011
22,Thiruvalla,Pod,4274,2,0.0005
22,Pune,Pod,155460,95,0.0006
22,Alappuzha,Sourcing,3932,4,0.001
22,Bhubaneswar,Pod,34061,10,0.0003
22,Guwahati,WH,10822,2,0.0002
22,Siliguri,WH,3410,2,0.0006
22,Jamshedpur,Pod,5618,1,0.0002
22,Lonavla,Sourcing,1082,2,0.0018
22,Thoothukudi,Sourcing,5287,1,0.0002
22,Palakkad,WH,4874,1,0.0002
22,Ranchi,Pod,7489,1,0.0001
22,Pune,Pod,155460,1963,0.0126
22,Noida 1,Sourcing,64183,129,0.002
22,Hyderabad,Sourcing,306848,124,0.0004
22,Pune,Sourcing,155460,114,0.0007
22,Kozhikode,Pod,14426,40,0.0028
22,Raipur,CX,5198,30,0.0058
22,Kanpur,Sourcing,4227,10,0.0024
22,Kochi,Pod,89133,9,0.0001
22,Karimnagar,CX,3089,15,0.0049
22,Dehradun,Sourcing,11865,11,0.0009
22,Ajmer,Sourcing,2060,2,0.001
22,Pondicherry,Sourcing,11031,13,0.0012
22,Bikaner,CX,1202,5,0.0042
22,Tumakuru,CX,3487,7,0.002
22,Ahmedabad,Sourcing,34733,7,0.0002
22,Cuttack,Sourcing,3917,3,0.0008
22,Dehradun,Pod,11865,2,0.0002
22,Tirunelveli,Pod,5820,4,0.0007
22,Udaipur,Sourcing,5507,3,0.0005
22,Kanpur,CX,4227,3,0.0007
22,Madurai,WH,10803,3,0.0003
22,Jalandhar,Sourcing,2057,2,0.001
22,Udaipur,Pod,5507,32,0.0058
22,Thiruvalla,Sourcing,4274,1,0.0002
22,Allahabad,WH,2104,1,0.0005
22,Delhi,Sourcing,165920,229,0.0014
22,Ongole,Sourcing,1457,1,0.0007
22,Alappuzha,Sourcing,3932,1,0.0003
22,Nashik,WH,8210,5,0.0006
22,Manipal,Sourcing,6907,1,0.0001
22,Varanasi,Pod,7918,53,0.0067
22,Ajmer,CX,2060,1,0.0005
22,Kolkata,Pod,89889,37,0.0004
22,Kozhikode,CX,14426,12,0.0008
22,Lucknow,Pod,19124,16,0.0008
22,Bhilai,Pod,1107,11,0.0099
22,Pune,Sourcing,155460,10,0.0001
22,Jaipur,WH,28868,16,0.0006
22,Udaipur,Pod,5507,2,0.0004
22,Karur,Pod,2946,14,0.0048
22,Cuttack,Pod,3917,14,0.0036
22,Mumbai,Sourcing,312493,13,0
22,Vellore,Pod,7077,28,0.004
22,Kochi,WH,89133,12,0.0001
22,Silchar,Sourcing,4122,3,0.0007
22,Nashik,Pod,8210,28,0.0034
22,Vizag,Sourcing,18023,9,0.0005
22,Bhilai,Sourcing,1107,11,0.0099
22,Varanasi,Sourcing,7918,8,0.001
22,Trichy,Sourcing,9079,6,0.0007
22,Kakinada,WH,3371,2,0.0006
22,Kozhikode,WH,14426,3,0.0002
22,Saharanpur,Pod,715,1,0.0014
22,Hubli,Pod,2621,1,0.0004
22,Kottayam,Sourcing,5556,1,0.0002
22,Eluru,WH,1234,1,0.0008
22,Belgaum,CX,3365,2,0.0006
22,Thoothukudi,Pod,5287,4,0.0008
22,Vadodara,Sourcing,7966,4,0.0005
22,Vizianagaram,Pod,970,7,0.0072
22,Mumbai,WH,312493,213,0.0007
22,Nellore,Pod,5980,11,0.0018
22,Thiruvananthapuram,Pod,43090,153,0.0036
22,Jaipur,Sourcing,28868,60,0.0021
22,Jaipur,CX,28868,140,0.0049
22,Raipur,Pod,5198,54,0.0104
22,Amritsar,Pod,3158,25,0.0079
22,Aurangabad,Pod,2822,32,0.0113
22,Gwalior,CX,3563,17,0.0048
22,Coimbatore,WH,30194,21,0.0007
22,Madurai,WH,10803,3,0.0003
22,Nanded,Pod,801,8,0.01
22,Manipal,WH,6907,5,0.0007
22,Kottayam,Pod,5556,3,0.0005
22,Bhimavaram,Pod,949,1,0.0011
22,Karnal,Sourcing,1039,1,0.001
22,Aligarh,Sourcing,2072,1,0.0005
22,Rohtak,Sourcing,2767,1,0.0004
22,Karnal,Pod,1039,1,0.001
22,Rajahmundry,Sourcing,4104,2,0.0005
22,Nellore,CX,5980,20,0.0033
22,Ludhiana,CX,8175,17,0.0021
22,Dehradun,Pod,11865,126,0.0106
22,Jamshedpur,Sourcing,5618,15,0.0027
22,Nagercoil,CX,3741,18,0.0048
22,Delhi,WH,165920,88,0.0005
22,Varanasi,Sourcing,7918,5,0.0006
22,Pune,WH,155460,59,0.0004
22,Manipal,CX,6907,17,0.0025
22,Noida,Sourcing,21989,44,0.002
22,Sonipat,Pod,1162,10,0.0086
22,Vadodara,WH,7966,4,0.0005
22,Noida 1,WH,64183,10,0.0002
22,Tirupur,WH,5999,7,0.0012
22,Khammam,CX,5720,20,0.0035
22,Kota,Sourcing,2511,3,0.0012
22,Davanagere,CX,1584,10,0.0063
22,Kanpur,Pod,4227,35,0.0083
22,Mangaluru,Sourcing,18256,13,0.0007
22,Bhimavaram,Pod,949,5,0.0053
22,Agra,Sourcing,2125,1,0.0005
22,Thiruvallur,Pod,2110,2,0.0009
22,Gwalior,Sourcing,3563,5,0.0014
22,Varanasi,WH,7918,5,0.0006
22,Faridabad,Sourcing,11727,2,0.0002
22,Karimnagar,Pod,3089,21,0.0068
22,Nagercoil,Pod,3741,9,0.0024
22,Noida,WH,21989,9,0.0004
22,Mumbai,WH,312493,133,0.0004
22,Bangalore,Pod,604096,1537,0.0025
22,Bhubaneswar,Sourcing,34061,35,0.001
22,Muzaffarpur,CX,1247,8,0.0064
22,Salem,Sourcing,7859,5,0.0006
22,Thiruvananthapuram,WH,43090,17,0.0004
22,Chandigarh,WH,33649,7,0.0002
22,Moradabad,Pod,2305,12,0.0052
22,Roorkee,CX,1108,5,0.0045
22,Patiala,Pod,4051,15,0.0037
22,Shivamogga,CX,3066,5,0.0016
22,Bhubaneswar,WH,34061,6,0.0002
22,Palakkad,CX,4874,4,0.0008
22,Panipat,WH,3719,3,0.0008
22,Jodhpur,WH,1833,2,0.0011
22,Anantapur,WH,3772,3,0.0008
22,Kolhapur,CX,1662,2,0.0012
22,Thanjavur,CX,5704,14,0.0025
22,Mysore,Sourcing,19934,7,0.0004
22,Trichy,Sourcing,9079,1,0.0001
22,Indore,WH,12949,2,0.0002
22,Moradabad,Pod,2305,6,0.0026
22,Mathura,WH,1224,2,0.0016
22,Thoothukudi,Sourcing,5287,2,0.0004
22,Faridabad,Pod,11727,159,0.0136
22,Delhi,Sourcing,165920,282,0.0017
22,Mumbai,Sourcing,312493,417,0.0013
22,Kurnool,Pod,5409,15,0.0028
22,Bathinda,Pod,1263,12,0.0095
22,Rajahmundry,Pod,4104,16,0.0039
22,Patiala,CX,4051,8,0.002
22,Kannur,Pod,1829,3,0.0016
22,Nellore,Sourcing,5980,8,0.0013
22,Rohtak,Sourcing,2767,5,0.0018
22,Patna,WH,20514,5,0.0002
22,Ujjain,Pod,2010,7,0.0035
22,Dibrugarh,CX,2273,6,0.0026
22,Faridabad,WH,11727,3,0.0003
22,Roorkee,Pod,1108,3,0.0027
22,Moradabad,Sourcing,2305,2,0.0009
22,Rajahmundry,WH,4104,3,0.0007
22,Rajkot,Pod,4265,3,0.0007
22,Guwahati,WH,10822,3,0.0003
22,Khammam,Pod,5720,2,0.0004
22,Bilaspur,WH,1248,2,0.0016
22,Anantapur,Sourcing,3772,1,0.0003
22,Ongole,WH,1457,1,0.0007
22,Guntur,Sourcing,11583,1,0.0001
22,Thiruvananthapuram,Pod,43090,1,0
22,Central Goa,CX,35118,108,0.0031
22,Kochi,Sourcing,89133,39,0.0004
22,Rohtak,Pod,2767,35,0.0126
22,Nashik,Sourcing,8210,9,0.0011
22,Aligarh,Pod,2072,21,0.0101
22,Kozhikode,Sourcing,14426,4,0.0003
22,Warangal,WH,8390,5,0.0006
22,Meerut,WH,4410,8,0.0018
22,Trichy,Pod,9079,6,0.0007
22,Kanpur,Sourcing,4227,3,0.0007
22,Guwahati,Sourcing,10822,6,0.0006
22,Cuttack,CX,3917,9,0.0023
22,Vizag,WH,18023,2,0.0001
22,Vijayawada,WH,17015,4,0.0002
22,Rajkot,WH,4265,2,0.0005
22,Warangal,Sourcing,8390,3,0.0004
22,Kakinada,Pod,3371,1,0.0003
22,Bikaner,WH,1202,1,0.0008
22,Ajmer,WH,2060,1,0.0005
22,Bhimavaram,Sourcing,949,1,0.0011
22,Tumakuru,Sourcing,3487,1,0.0003
22,Rajkot,Sourcing,4265,1,0.0002
22,Chandigarh,Pod,33649,19,0.0006
22,Silchar,Sourcing,4122,1,0.0002
22,Bangalore,CX,604096,1658,0.0027
22,Shivamogga,Pod,3066,1,0.0003
22,Kollam,Sourcing,8462,1,0.0001
22,Rajahmundry,Pod,4104,1,0.0002
22,Kanchipuram,Pod,3091,14,0.0045
22,Kolkata,Pod,89889,531,0.0059
22,Bangalore,Sourcing,604096,85,0.0001
22,Manipal,Pod,6907,15,0.0022
22,Mathura,Pod,1224,11,0.009
22,Mumbai,Pod,312493,103,0.0003
22,Ahmedabad,Pod,34733,320,0.0092
22,Surat,Pod,10110,82,0.0081
22,Coimbatore,Pod,30194,198,0.0066
22,Noida 1,CX,64183,235,0.0037
22,Patna,Pod,20514,60,0.0029
22,Varanasi,CX,7918,28,0.0035
22,Faridabad,Sourcing,11727,23,0.002
22,Guwahati,Pod,10822,101,0.0093
22,Coimbatore,Sourcing,30194,21,0.0007
22,Nagercoil,Sourcing,3741,4,0.0011
22,Siliguri,CX,3410,7,0.0021
22,Surat,Sourcing,10110,7,0.0007
22,Palakkad,Sourcing,4874,4,0.0008
22,Patna,Pod,20514,7,0.0003
22,Madurai,Sourcing,10803,7,0.0006
22,Vijayawada,Pod,17015,4,0.0002
22,Vellore,Sourcing,7077,1,0.0001
22,Salem,WH,7859,1,0.0001
22,Eluru,Sourcing,1234,1,0.0008
22,Meerut,Pod,4410,10,0.0023
22,Tirupati,Pod,8677,11,0.0013
22,Indore,CX,12949,49,0.0038
22,Chennai,CX,237446,852,0.0036
22,Udaipur,CX,5507,19,0.0035
22,Agra,CX,2125,6,0.0028
22,Rajahmundry,Pod,4104,3,0.0007
22,Tirupati,CX,8677,26,0.003
22,Nagpur,Sourcing,9343,14,0.0015
22,Kochi,WH,89133,8,0.0001
22,Karnal,Pod,1039,7,0.0067
22,Berhampur,Pod,1780,10,0.0056
22,Vapi,Pod,3793,2,0.0005
22,Varanasi,WH,7918,3,0.0004
22,Kota,Sourcing,2511,3,0.0012
22,Ujjain,Sourcing,2010,3,0.0015
22,Mathura,Sourcing,1224,4,0.0033
22,Thrissur,Sourcing,22591,4,0.0002
22,Kannur,CX,1829,2,0.0011
22,Anand,CX,732,2,0.0027
22,Bareilly,Sourcing,1326,2,0.0015
22,Silchar,Pod,4122,3,0.0007
22,Silchar,Sourcing,4122,1,0.0002
22,Thoothukudi,Sourcing,5287,1,0.0002
22,Anantapur,Pod,3772,2,0.0005
22,Surat,Pod,10110,1,0.0001
22,Pune,CX,155460,584,0.0038
22,Gurgaon,Sourcing,89691,89,0.001
22,Ranchi,Pod,7489,69,0.0092
22,Thiruvananthapuram,Sourcing,43090,25,0.0006
22,Kolkata,Sourcing,89889,47,0.0005
22,Sri Ganganagar,Pod,1985,19,0.0096
22,Guwahati,CX,10822,40,0.0037
22,Mysore,Sourcing,19934,30,0.0015
22,Amritsar,Sourcing,3158,6,0.0019
22,Kollam,Pod,8462,3,0.0004
22,Ranchi,Sourcing,7489,5,0.0007
22,Bilaspur,Sourcing,1248,5,0.004
22,Surat,Sourcing,10110,10,0.001
22,Cuttack,Sourcing,3917,3,0.0008
22,Mangaluru,Sourcing,18256,3,0.0002
22,Tirupur,Sourcing,5999,5,0.0008
22,Allahabad,Sourcing,2104,2,0.001
22,Jamshedpur,WH,5618,2,0.0004
22,Moradabad,WH,2305,1,0.0004
22,Nizamabad,Sourcing,1188,2,0.0017
22,Bangalore,Sourcing,604096,461,0.0008
22,Meerut,Sourcing,4410,4,0.0009
22,Kanchipuram,Sourcing,3091,1,0.0003
22,Latur,Pod,862,1,0.0012
22,Erode,WH,3956,1,0.0003
22,Silchar,Sourcing,4122,1,0.0002
22,Hyderabad,Pod,306848,120,0.0004
22,Thrissur,Pod,22591,41,0.0018
22,Delhi,Pod,165920,187,0.0011
22,Jodhpur,CX,1833,13,0.0071
22,Noida 1,WH,64183,31,0.0005
22,Dehradun,CX,11865,53,0.0045
22,Panipat,Pod,3719,11,0.003
22,Vijayawada,WH,17015,23,0.0014
22,Thiruvallur,WH,2110,2,0.0009
22,Kolkata,Sourcing,89889,23,0.0003
22,Bhopal,Pod,8189,74,0.009
22,Jaipur,Pod,28868,15,0.0005
22,Faridabad,WH,11727,4,0.0003
22,Vadodara,WH,7966,6,0.0008
22,Tirunelveli,CX,5820,5,0.0009
22,Karimnagar,Sourcing,3089,4,0.0013
22,Tirupur,Sourcing,5999,2,0.0003
22,Bhilai,Sourcing,1107,4,0.0036
22,Thanjavur,Pod,5704,5,0.0009
22,Bilaspur,CX,1248,5,0.004
22,Gurgaon,Pod,89691,1,0
22,Kanchipuram,Pod,3091,1,0.0003
22,Bangalore,Pod,604096,3,0
22,Amravati,CX,1140,9,0.0079
22,Vizag,Pod,18023,7,0.0004
22,Bhimavaram,CX,949,4,0.0042
22,Bilaspur,Pod,1248,2,0.0016
22,Lucknow,WH,19124,4,0.0002
22,Warangal,CX,8390,27,0.0032
22,Amravati,Pod,1140,8,0.007
22,Noida 1,Pod,64183,19,0.0003
22,Vapi,Sourcing,3793,3,0.0008
22,Kolkata,WH,89889,17,0.0002
22,Patiala,Pod,4051,23,0.0057
22,Cuddalore,Sourcing,456,2,0.0044
22,Salem,Pod,7859,5,0.0006
22,Nagpur,Sourcing,9343,2,0.0002
22,Anand,Sourcing,732,2,0.0027
22,Lucknow,Pod,19124,3,0.0002
22,Nanded,Sourcing,801,1,0.0012
22,Chennai,Sourcing,237446,1,0
22,Tirupati,Sourcing,8677,5,0.0006
22,Bhilai,WH,1107,4,0.0036
22,Nellore,Sourcing,5980,2,0.0003
22,Chandigarh,Sourcing,33649,1,0
22,Patna,Sourcing,20514,33,0.0016
22,Chennai,WH,237446,102,0.0004
22,Jamshedpur,CX,5618,19,0.0034
22,Central Goa,Sourcing,35118,44,0.0013
22,Mangaluru,Pod,18256,93,0.0051
22,Vapi,CX,3793,6,0.0016
22,Allahabad,Pod,2104,12,0.0057
22,Indore,Sourcing,12949,9,0.0007
22,Thoothukudi,Pod,5287,30,0.0057
22,Bhopal,WH,8189,4,0.0005
22,Thrissur,Pod,22591,2,0.0001
22,Patna,WH,20514,6,0.0003
22,Agra,Sourcing,2125,9,0.0042
22,Guwahati,Pod,10822,2,0.0002
22,Karaikkudi,WH,2433,4,0.0016
22,Thiruvananthapuram,Sourcing,43090,8,0.0002
22,Nagpur,Pod,9343,3,0.0003
22,Pune,Sourcing,155460,246,0.0016
22,Alappuzha,WH,3932,1,0.0003
22,Saharanpur,CX,715,2,0.0028
22,Tirunelveli,Pod,5820,1,0.0002
22,Anand,Pod,732,2,0.0027
22,Berhampur,Pod,1780,1,0.0006
22,Karaikkudi,WH,2433,1,0.0004
22,Hyderabad,WH,306848,155,0.0005
22,Chandigarh,CX,33649,135,0.004
22,Trichy,CX,9079,27,0.003
22,Vadodara,Pod,7966,54,0.0068
22,Delhi,WH,165920,76,0.0005
22,Bangalore,Pod,604096,262,0.0004
22,Kozhikode,WH,14426,5,0.0003
22,Jaipur,Sourcing,28868,23,0.0008
22,Sri Ganganagar,CX,1985,9,0.0045
22,Udaipur,WH,5507,3,0.0005
22,Nagpur,Sourcing,9343,7,0.0007
22,Berhampur,CX,1780,6,0.0034
22,Guntur,WH,11583,9,0.0008
22,Jabalpur,Sourcing,2996,2,0.0007
22,Kanpur,Sourcing,4227,3,0.0007
22,Nanded,WH,801,2,0.0025
22,Thanjavur,Sourcing,5704,2,0.0004
22,Ludhiana,Sourcing,8175,2,0.0002
22,Surat,CX,10110,28,0.0028
22,Ahmedabad,Sourcing,34733,79,0.0023
22,Allahabad,Sourcing,2104,1,0.0005
22,Delhi,Sourcing,165920,4,0
22,Amravati,Pod,1140,2,0.0018
22,Karur,Sourcing,2946,1,0.0003
22,Salem,CX,7859,17,0.0022
22,Mumbai,Pod,312493,6,0
22,Gurgaon,Pod,89691,1156,0.0129
22,Vizag,Sourcing,18023,32,0.0018
22,Anantapur,Sourcing,3772,5,0.0013
22,Bhopal,Sourcing,8189,20,0.0024
22,Ambala,Pod,1881,14,0.0074
22,Mathura,CX,1224,4,0.0033
22,Thrissur,Pod,22591,3,0.0001
22,Erode,Pod,3956,12,0.003
22,Thiruvalla,Pod,4274,8,0.0019
22,Surat,Pod,10110,4,0.0004
22,Vellore,Sourcing,7077,4,0.0006
22,Karimnagar,WH,3089,5,0.0016
22,Karnal,Sourcing,1039,3,0.0029
22,Tirunelveli,Pod,5820,15,0.0026
22,Lonavla,Sourcing,1082,1,0.0009
22,Sonipat,Pod,1162,1,0.0009
22,Kakinada,Sourcing,3371,3,0.0009
22,Chennai,Pod,237446,32,0.0001
22,Tumakuru,Pod,3487,23,0.0066
22,Hyderabad,Pod,306848,3655,0.0119
22,Bangalore,Sourcing,604096,373,0.0006
22,Kolkata,CX,89889,260,0.0029
22,Gwalior,Pod,3563,41,0.0115
22,Vadodara,CX,7966,35,0.0044
22,Thiruvananthapuram,CX,43090,55,0.0013
22,Raipur,Sourcing,5198,13,0.0025
22,Jaipur,WH,28868,18,0.0006
22,Thrissur,CX,22591,24,0.0011
22,Ludhiana,Sourcing,8175,9,0.0011
22,Jalandhar,CX,2057,7,0.0034
22,Siliguri,Pod,3410,19,0.0056
22,Gwalior,Pod,3563,3,0.0008
22,Gorakhpur,WH,2531,3,0.0012
22,Patiala,WH,4051,3,0.0007
22,Mangaluru,WH,18256,3,0.0002
22,Saharanpur,Pod,715,4,0.0056
22,Jodhpur,Sourcing,1833,2,0.0011
22,Aligarh,Sourcing,2072,1,0.0005
22,Kottayam,Sourcing,5556,1,0.0002
22,Karimnagar,Pod,3089,1,0.0003
22,Tirupur,Pod,5999,1,0.0002
22,Raipur,Pod,5198,6,0.0012
22,Nizamabad,Pod,1188,2,0.0017
22,Warangal,WH,8390,8,0.001
22,Kochi,CX,89133,92,0.001
22,Ongole,CX,1457,6,0.0041
22,Thoothukudi,CX,5287,20,0.0038
22,Kolkata,WH,89889,40,0.0004
22,Agra,Pod,2125,30,0.0141
22,Siliguri,Pod,3410,5,0.0015
22,Faridabad,Pod,11727,4,0.0003
22,Kurnool,WH,5409,3,0.0006
22,Central Goa,WH,35118,9,0.0003
22,Kanchipuram,Sourcing,3091,4,0.0013
22,Udaipur,Sourcing,5507,2,0.0004
22,Varanasi,Sourcing,7918,1,0.0001
22,Berhampur,WH,1780,1,0.0006
22,Ajmer,Pod,2060,2,0.001
22,Varanasi,Pod,7918,2,0.0003
22,Latur,Sourcing,862,2,0.0023
22,Salem,Sourcing,7859,5,0.0006
22,Dehradun,Pod,11865,5,0.0004
22,Ujjain,WH,2010,1,0.0005
22,Sri Ganganagar,Sourcing,1985,2,0.001
22,Rudrapur,Sourcing,1053,1,0.001
22,Cuttack,Pod,3917,1,0.0003
22,Hyderabad,CX,306848,1254,0.0041
22,Kolkata,Pod,89889,286,0.0032
22,Bhubaneswar,CX,34061,51,0.0015
22,Indore,Pod,12949,83,0.0064
22,Vellore,CX,7077,21,0.003
22,Ahmedabad,WH,34733,11,0.0003
22,Kakinada,Pod,3371,24,0.0071
22,Kanpur,WH,4227,2,0.0005
22,Ranchi,WH,7489,11,0.0015
22,Ujjain,Pod,2010,17,0.0085
22,Kottayam,Pod,5556,7,0.0013
22,Hyderabad,Pod,306848,93,0.0003
22,Kozhikode,Sourcing,14426,4,0.0003
22,Thoothukudi,Sourcing,5287,2,0.0004
22,Vizag,Pod,18023,2,0.0001
22,Kolkata,Pod,89889,1,0
22,Cuddalore,Sourcing,456,1,0.0022
22,Alappuzha,Pod,3932,2,0.0005
22,Mysore,Pod,19934,2,0.0001
22,Saharanpur,WH,715,1,0.0014
22,Kanchipuram,WH,3091,2,0.0006
22,Berhampur,Sourcing,1780,1,0.0006
22,Nashik,Sourcing,8210,1,0.0001
22,Madurai,Pod,10803,47,0.0044
22,Rajahmundry,WH,4104,2,0.0005
22,Aurangabad,Sourcing,2822,1,0.0004
22,Nagpur,Sourcing,9343,7,0.0007
22,Ahmedabad,Sourcing,34733,49,0.0014
22,Vadodara,Sourcing,7966,12,0.0015
22,Kozhikode,Pod,14426,10,0.0007
22,Noida 1,Pod,64183,543,0.0085
22,Hyderabad,Sourcing,306848,271,0.0009
22,Nizamabad,Pod,1188,10,0.0084
22,Aurangabad,CX,2822,16,0.0057
22,Warangal,Pod,8390,5,0.0006
22,Anantapur,CX,3772,6,0.0016
22,Hubli,WH,2621,2,0.0008
22,Vijayawada,Sourcing,17015,11,0.0006
22,Sonipat,Sourcing,1162,3,0.0026
22,Surat,WH,10110,2,0.0002
22,Erode,Sourcing,3956,2,0.0005
22,Raipur,Pod,5198,3,0.0006
22,Tirupur,Pod,5999,26,0.0043
22,Jalandhar,Pod,2057,1,0.0005
22,Madurai,Sourcing,10803,3,0.0003
22,Amritsar,Sourcing,3158,4,0.0013
22,Tirunelveli,WH,5820,1,0.0002
22,Coimbatore,Pod,30194,15,0.0005
22,Sri Ganganagar,Sourcing,1985,1,0.0005
22,Kurnool,WH,5409,1,0.0002
22,Noida 1,Sourcing,64183,110,0.0017
22,Vijayawada,Sourcing,17015,16,0.0009
22,Noida,Pod,21989,77,0.0035
22,Gurgaon,Pod,89691,70,0.0008
22,Salem,Pod,7859,32,0.0041
22,Vizag,CX,18023,72,0.004
22,Thiruvallur,Pod,2110,27,0.0128
22,Nashik,Sourcing,8210,11,0.0013
22,Mathura,Pod,1224,3,0.0025
22,Thiruvallur,CX,2110,3,0.0014
22,Central Goa,WH,35118,7,0.0002
22,Coimbatore,Pod,30194,3,0.0001
22,Silchar,CX,4122,6,0.0015
22,Faridabad,Sourcing,11727,11,0.0009
22,Patna,Sourcing,20514,1,0
22,Nagercoil,WH,3741,1,0.0003
22,Nellore,WH,5980,3,0.0005
22,Sri Ganganagar,Pod,1985,1,0.0005
22,Bhubaneswar,Sourcing,34061,1,0
22,Indore,Pod,12949,6,0.0005
22,Allahabad,WH,2104,2,0.001
22,Thiruvalla,Pod,4274,1,0.0002
22,Ranchi,WH,7489,1,0.0001
22,Muzaffarpur,Sourcing,1247,2,0.0016
22,Vizag,WH,18023,15,0.0008
22,Vellore,WH,7077,1,0.0001
22,Belgaum,Sourcing,3365,1,0.0003
22,Kota,Sourcing,2511,9,0.0036
22,Manipal,Pod,6907,41,0.0059
22,Thanjavur,Pod,5704,28,0.0049
22,Jabalpur,Pod,2996,26,0.0087
22,Ujjain,CX,2010,7,0.0035
22,Bathinda,Sourcing,1263,2,0.0016
22,Chandigarh,Sourcing,33649,51,0.0015
22,Kollam,Pod,8462,11,0.0013
22,Vijayawada,Pod,17015,84,0.0049
22,Karur,Sourcing,2946,3,0.001
22,Kurnool,Pod,5409,32,0.0059
22,Panipat,Sourcing,3719,5,0.0013
22,Palakkad,Pod,4874,5,0.001
22,Mangaluru,WH,18256,2,0.0001
22,Kanchipuram,CX,3091,9,0.0029
22,Bikaner,Pod,1202,8,0.0067
22,Tirupati,WH,8677,2,0.0002
22,Jaipur,Pod,28868,18,0.0006
22,Nashik,Pod,8210,3,0.0004
22,Belgaum,Sourcing,3365,5,0.0015
22,Rudrapur,Pod,1053,3,0.0028
22,Saharanpur,WH,715,1,0.0014
22,Pune,Pod,155460,96,0.0006
22,Tirupati,Sourcing,8677,10,0.0012
22,Ahmedabad,WH,34733,15,0.0004
22,Mangaluru,Pod,18256,1,0.0001
22,Khammam,Sourcing,5720,1,0.0002
22,Jamshedpur,Sourcing,5618,11,0.002
22,Gurgaon,CX,89691,347,0.0039
22,Bhubaneswar,Sourcing,34061,15,0.0004
22,Chennai,Sourcing,237446,227,0.001
22,Kurnool,Sourcing,5409,7,0.0013
22,Chandigarh,WH,33649,14,0.0004
22,Sonipat,CX,1162,3,0.0026
22,Bhilai,CX,1107,5,0.0045
22,Thiruvalla,CX,4274,4,0.0009
22,Lucknow,WH,19124,6,0.0003
22,Warangal,Pod,8390,4,0.0005
22,Anand,Sourcing,732,3,0.0041
22,Meerut,Pod,4410,1,0.0002
22,Gorakhpur,CX,2531,3,0.0012
22,Jamshedpur,WH,5618,2,0.0004
22,Jabalpur,WH,2996,1,0.0003
22,Aurangabad,Pod,2822,3,0.0011
22,Moradabad,Sourcing,2305,1,0.0004
22,Kurnool,Sourcing,5409,2,0.0004
22,Vizag,Sourcing,18023,1,0.0001
22,Central Goa,Pod,35118,17,0.0005
22,Jaipur,Pod,28868,300,0.0104
22,Mysore,Sourcing,19934,1,0.0001
22,Thiruvananthapuram,WH,43090,1,0
22,Gwalior,Sourcing,3563,11,0.0031
22,Cuddalore,Pod,456,7,0.0154
22,Bangalore,Pod,604096,3753,0.0062
22,Karaikkudi,Pod,2433,15,0.0062
22,Mysore,Pod,19934,26,0.0013
22,Lucknow,Sourcing,19124,16,0.0008
22,Faridabad,Sourcing,11727,30,0.0026
22,Lucknow,Sourcing,19124,16,0.0008
22,Kollam,Pod,8462,11,0.0013
22,Salem,WH,7859,3,0.0004
22,Moradabad,CX,2305,6,0.0026
22,Ambala,Pod,1881,4,0.0021
22,Kota,WH,2511,1,0.0004
22,Vijayawada,Pod,17015,11,0.0006
22,Rajkot,WH,4265,1,0.0002
22,Mysore,Pod,19934,80,0.004
22,Thiruvalla,Sourcing,4274,4,0.0009
22,Vadodara,Pod,7966,9,0.0011
22,Thiruvallur,Sourcing,2110,2,0.0009
22,Davanagere,Sourcing,1584,2,0.0013
22,Thanjavur,WH,5704,1,0.0002
22,Ahmedabad,Sourcing,34733,1,0
22,Lonavla,Pod,1082,6,0.0055
22,Ranchi,Sourcing,7489,1,0.0001
22,Hyderabad,WH,306848,113,0.0004
22,Davanagere,Pod,1584,21,0.0133
22,Ranchi,Sourcing,7489,5,0.0007
22,Panipat,CX,3719,10,0.0027
22,Guntur,WH,11583,7,0.0006
22,Indore,WH,12949,1,0.0001
22,Aligarh,Pod,2072,4,0.0019
22,Amritsar,Sourcing,3158,1,0.0003
22,Dehradun,WH,11865,3,0.0003
22,Pondicherry,Sourcing,11031,2,0.0002
22,Vizag,Pod,18023,13,0.0007
22,Chandigarh,Sourcing,33649,15,0.0004
22,Bilaspur,Pod,1248,8,0.0064
22,Patiala,Sourcing,4051,7,0.0017
22,Rohtak,WH,2767,4,0.0014
22,Tirupati,WH,8677,7,0.0008
22,Ahmedabad,CX,34733,127,0.0037
22,Chennai,Sourcing,237446,238,0.001
22,Mumbai,Sourcing,312493,152,0.0005
22,Raipur,Sourcing,5198,8,0.0015
22,Jalandhar,Pod,2057,15,0.0073
22,Nanded,CX,801,1,0.0012
22,Thrissur,Sourcing,22591,6,0.0003
22,Noida,CX,21989,70,0.0032
22,Gwalior,Pod,3563,2,0.0006
22,Bikaner,Pod,1202,1,0.0008
22,Madurai,Sourcing,10803,2,0.0002
22,Ambala,WH,1881,1,0.0005
22,Agra,Pod,2125,1,0.0005
22,Mysore,CX,19934,45,0.0023
22,Gurgaon,Pod,89691,21,0.0002
22,Madurai,Pod,10803,9,0.0008
22,Dehradun,Sourcing,11865,20,0.0017
22,Pondicherry,CX,11031,29,0.0026
22,Panipat,Sourcing,3719,14,0.0038
22,Noida 1,Sourcing,64183,20,0.0003
22,Chandigarh,Pod,33649,13,0.0004
22,Agra,Sourcing,2125,3,0.0014
22,Ongole,Sourcing,1457,3,0.0021
22,Thrissur,Sourcing,22591,4,0.0002
22,Ambala,Pod,1881,2,0.0011
22,Tirunelveli,Sourcing,5820,1,0.0002
22,Thanjavur,WH,5704,1,0.0002
22,Thiruvallur,Sourcing,2110,1,0.0005
22,Eluru,Sourcing,1234,1,0.0008
22,Tumakuru,WH,3487,1,0.0003
22,Allahabad,Sourcing,2104,1,0.0005
22,Kannur,Sourcing,1829,1,0.0005
22,Delhi,Pod,165920,1764,0.0106
22,Vellore,Pod,7077,5,0.0007
22,Bareilly,Sourcing,1326,1,0.0008
22,Nashik,WH,8210,2,0.0002
22,Jamshedpur,Pod,5618,65,0.0116
22,Madurai,Sourcing,10803,6,0.0006
22,Pune,WH,155460,55,0.0004
22,Hubli,CX,2621,3,0.0011
22,Guntur,Pod,11583,2,0.0002
22,Kolhapur,Pod,1662,13,0.0078
22,Shivamogga,Pod,3066,16,0.0052
22,Central Goa,Sourcing,35118,9,0.0003
22,Kurnool,Sourcing,5409,5,0.0009
22,Vadodara,Pod,7966,4,0.0005
22,Muzaffarpur,Pod,1247,19,0.0152
22,Silchar,WH,4122,3,0.0007
22,Indore,Pod,12949,7,0.0005
22,Lonavla,CX,1082,5,0.0046
22,Allahabad,CX,2104,6,0.0029
22,Nellore,WH,5980,7,0.0012
22,Bhubaneswar,Pod,34061,12,0.0004
22,Palakkad,Sourcing,4874,2,0.0004
22,Alappuzha,Pod,3932,1,0.0003
22,Jabalpur,Sourcing,2996,1,0.0003
22,Mumbai,Pod,312493,2971,0.0095
22,Patna,CX,20514,76,0.0037
22,Amritsar,CX,3158,14,0.0044
22,Guntur,Sourcing,11583,5,0.0004
22,Khammam,WH,5720,3,0.0005
22,Coimbatore,Sourcing,30194,2,0.0001
22,Nizamabad,Pod,1188,1,0.0008
22,Ujjain,Sourcing,2010,4,0.002
22,Dibrugarh,WH,2273,1,0.0004
22,Siliguri,Pod,3410,1,0.0003
22,Chennai,Pod,237446,2624,0.0111
22,Gurgaon,Sourcing,89691,181,0.002
22,Kota,CX,2511,17,0.0068
22,Indore,Sourcing,12949,17,0.0013
22,Vizianagaram,CX,970,1,0.001
22,Chennai,Pod,237446,2,0
22,Bathinda,Sourcing,1263,2,0.0016
22,Patiala,Sourcing,4051,4,0.001
22,Mumbai,Sourcing,312493,242,0.0008
22,Ranchi,Pod,7489,9,0.0012
22,Kota,Pod,2511,18,0.0072
22,Rajkot,CX,4265,9,0.0021
22,Nizamabad,Sourcing,1188,3,0.0025
22,Bhopal,Sourcing,8189,11,0.0013
22,Nellore,Sourcing,5980,6,0.001
22,Bikaner,Sourcing,1202,1,0.0008
22,Tirunelveli,Sourcing,5820,1,0.0002
22,Varanasi,Sourcing,7918,3,0.0004
22,Bareilly,Sourcing,1326,1,0.0008
22,Guntur,Sourcing,11583,5,0.0004
22,Rajkot,Pod,4265,1,0.0002
22,Kakinada,CX,3371,8,0.0024
22,Delhi,Pod,165920,44,0.0003
22,Mysore,WH,19934,4,0.0002
22,Kozhikode,Sourcing,14426,3,0.0002
22,Jalandhar,Sourcing,2057,1,0.0005
22,Tirupati,Pod,8677,1,0.0001
22,Karur,CX,2946,4,0.0014
22,Khammam,WH,5720,2,0.0004
22,Noida,Sourcing,21989,42,0.0019
22,Kochi,Sourcing,89133,37,0.0004
22,Kurnool,CX,5409,14,0.0026
22,Thiruvallur,WH,2110,2,0.0009
22,Muzaffarpur,Sourcing,1247,2,0.0016
22,Rajahmundry,Sourcing,4104,2,0.0005
22,Sonipat,WH,1162,1,0.0009
22,Hubli,Sourcing,2621,1,0.0004
22,Mumbai,Pod,312493,440,0.0014
22,Kolkata,Sourcing,89889,53,0.0006
22,Anantapur,Pod,3772,25,0.0066
22,Mangaluru,CX,18256,28,0.0015
22,Rohtak,Sourcing,2767,2,0.0007
22,Udaipur,Sourcing,5507,9,0.0016
22,Kolhapur,Pod,1662,1,0.0006
22,Trichy,WH,9079,1,0.0001
22,Ranchi,CX,7489,36,0.0048
22,Gwalior,WH,3563,2,0.0006
22,Davanagere,Sourcing,1584,2,0.0013
22,Ongole,Pod,1457,1,0.0007
22,Roorkee,Sourcing,1108,1,0.0009
22,Vijayawada,Sourcing,17015,1,0.0001
22,Pondicherry,Sourcing,11031,1,0.0001
22,Mangaluru,Pod,18256,42,0.0023
22,Vijayawada,Sourcing,17015,17,0.001
22,Lucknow,Sourcing,19124,18,0.0009
22,Belgaum,Sourcing,3365,3,0.0009
22,Ludhiana,Pod,8175,1,0.0001
22,Anantapur,Pod,3772,1,0.0003
22,Nashik,CX,8210,21,0.0026
22,Patiala,Sourcing,4051,4,0.001
22,Trichy,WH,9079,3,0.0003
22,Kurnool,Pod,5409,4,0.0007
22,Karnal,Sourcing,1039,3,0.0029
22,Erode,WH,3956,2,0.0005
22,Karimnagar,Sourcing,3089,3,0.001
22,Kollam,CX,8462,4,0.0005
22,Ajmer,Pod,2060,7,0.0034
22,Anantapur,WH,3772,3,0.0008
22,Rajahmundry,CX,4104,13,0.0032
22,Eluru,CX,1234,5,0.0041
22,Cuttack,Pod,3917,1,0.0003
22,Kollam,WH,8462,1,0.0001
22,Guntur,Pod,11583,2,0.0002
22,Kolkata,Sourcing,89889,153,0.0017
22,Lucknow,CX,19124,31,0.0016
22,Gurgaon,WH,89691,64,0.0007
22,Kolhapur,Sourcing,1662,3,0.0018
22,Belgaum,Pod,3365,18,0.0053
22,Vizag,Sourcing,18023,4,0.0002
22,Sonipat,Sourcing,1162,4,0.0034
22,Eluru,Pod,1234,6,0.0049
22,Warangal,Pod,8390,1,0.0001
22,Rajahmundry,Sourcing,4104,1,0.0002
22,Dibrugarh,Sourcing,2273,1,0.0004
22,Meerut,Sourcing,4410,4,0.0009
22,Chennai,Pod,237446,106,0.0004
22,Noida 1,Sourcing,64183,145,0.0023
22,Jaipur,Sourcing,28868,61,0.0021
22,Warangal,Pod,8390,61,0.0073
22,Vijayawada,CX,17015,44,0.0026
22,Mysore,WH,19934,8,0.0004
22,Kurnool,Sourcing,5409,8,0.0015
22,Warangal,Sourcing,8390,5,0.0006
22,Delhi,Sourcing,165920,347,0.0021
22,Coimbatore,Sourcing,30194,34,0.0011
22,Guwahati,Sourcing,10822,24,0.0022
22,Kota,WH,2511,4,0.0016
22,Bhopal,Pod,8189,2,0.0002
22,Vellore,Sourcing,7077,3,0.0004
22,Karaikkudi,CX,2433,15,0.0062
22,Jabalpur,CX,2996,6,0.002
22,Mathura,Sourcing,1224,4,0.0033
22,Nellore,Pod,5980,3,0.0005
22,Amravati,Sourcing,1140,3,0.0026
22,Gwalior,Sourcing,3563,1,0.0003
22,Karimnagar,WH,3089,1,0.0003
22,Dibrugarh,Pod,2273,20,0.0088
22,Coimbatore,WH,30194,5,0.0002
22,Delhi,Pod,165920,5,0
22,Muzaffarpur,Pod,1247,2,0.0016
22,Jabalpur,Pod,2996,1,0.0003
22,Hubli,Sourcing,2621,1,0.0004
22,Kannur,WH,1829,1,0.0005
22,Nagpur,CX,9343,32,0.0034
22,Rohtak,Pod,2767,2,0.0007
22,Nanded,Pod,801,3,0.0037
22,Bhubaneswar,WH,34061,3,0.0001
22,Rudrapur,Sourcing,1053,1,0.001
22,Aligarh,Pod,2072,3,0.0014
22,Faridabad,CX,11727,46,0.0039
22,Thrissur,WH,22591,2,0.0001
22,Jodhpur,Sourcing,1833,3,0.0016
22,Tumakuru,Pod,3487,2,0.0006
22,Ambala,CX,1881,3,0.0016
22,Nagpur,WH,9343,5,0.0005
22,Nashik,Sourcing,8210,10,0.0012
22,Ahmedabad,Pod,34733,20,0.0006
22,Nagercoil,Pod,3741,2,0.0005
22,Shivamogga,WH,3066,1,0.0003
22,Ludhiana,WH,8175,2,0.0002
22,Siliguri,Sourcing,3410,1,0.0003
22,Central Goa,Sourcing,35118,2,0.0001
22,Faridabad,Pod,11727,6,0.0005
22,Nagercoil,Sourcing,3741,1,0.0003
22,Manipal,Pod,6907,1,0.0001
22,Tirupur,Sourcing,5999,1,0.0002
22,Manipal,Sourcing,6907,13,0.0019
22,Chennai,Sourcing,237446,60,0.0003
22,Sri Ganganagar,WH,1985,1,0.0005
22,Thiruvananthapuram,Pod,43090,18,0.0004
22,Lonavla,Pod,1082,3,0.0028
22,Ongole,Pod,1457,2,0.0014
22,Ongole,Pod,1457,13,0.0089
22,Kochi,Pod,89133,393,0.0044
22,Chandigarh,Pod,33649,356,0.0106
22,Guntur,CX,11583,22,0.0019
22,Khammam,Pod,5720,37,0.0065
22,Nagpur,Pod,9343,14,0.0015
22,Pondicherry,Pod,11031,3,0.0003
22,Shivamogga,Sourcing,3066,3,0.001
22,Kozhikode,Sourcing,14426,3,0.0002
22,Meerut,CX,4410,13,0.0029
22,Ludhiana,Pod,8175,16,0.002
22,Dehradun,Sourcing,11865,3,0.0003
22,Kanchipuram,Sourcing,3091,2,0.0006
22,Ajmer,Pod,2060,1,0.0005
22,Tirupur,CX,5999,13,0.0022
22,Mumbai,CX,312493,1068,0.0034
22,Noida 1,Pod,64183,202,0.0031
22,Nellore,Pod,5980,40,0.0067
22,Bhopal,Sourcing,8189,2,0.0002
22,Surat,Sourcing,10110,1,0.0001
22,Madurai,CX,10803,21,0.0019
22,Nagercoil,Pod,3741,1,0.0003
22,Guwahati,Sourcing,10822,3,0.0003
22,Patna,Sourcing,20514,18,0.0009
22,Ahmedabad,Pod,34733,12,0.0003
22,Siliguri,Sourcing,3410,4,0.0012
22,Nagpur,Pod,9343,48,0.0051
22,Bareilly,Pod,1326,9,0.0068
22,Pondicherry,Sourcing,11031,9,0.0008
22,Gorakhpur,Pod,2531,14,0.0055
22,Bangalore,WH,604096,171,0.0003
22,Manipal,Sourcing,6907,4,0.0006
22,Thiruvalla,Sourcing,4274,3,0.0007
22,Trichy,Sourcing,9079,4,0.0004
22,Palakkad,Sourcing,4874,2,0.0004
22,Aligarh,Sourcing,2072,1,0.0005
22,Bangalore,WH,604096,365,0.0006
22,Pune,Sourcing,155460,41,0.0003
22,Ludhiana,WH,8175,1,0.0001
22,Gorakhpur,Sourcing,2531,1,0.0004
22,Gurgaon,Sourcing,89691,159,0.0018
22,Ludhiana,Sourcing,8175,6,0.0007
22,Thanjavur,Sourcing,5704,1,0.0002
22,Vapi,Pod,3793,16,0.0042
22,Roorkee,Pod,1108,6,0.0054
22,Silchar,WH,4122,1,0.0002
22,Jodhpur,Pod,1833,19,0.0104
22,Tirunelveli,WH,5820,1,0.0002
22,Sri Ganganagar,Pod,1985,1,0.0005
22,Nagercoil,Sourcing,3741,1,0.0003
22,Bangalore,Sourcing,604096,1004,0.0017
22,Vizag,Pod,18023,97,0.0054
22,Bhopal,WH,8189,1,0.0001
22,Delhi,CX,165920,594,0.0036
22,Thiruvananthapuram,Pod,43090,3,0.0001
22,Muzaffarpur,Pod,1247,4,0.0032
22,Noida,WH,21989,10,0.0005
22,Siliguri,Sourcing,3410,2,0.0006
22,Indore,Sourcing,12949,4,0.0003
22,Manipal,WH,6907,2,0.0003
22,Bhubaneswar,Sourcing,34061,4,0.0001
22,Rudrapur,Pod,1053,3,0.0028
22,Khammam,Sourcing,5720,3,0.0005
22,Karaikkudi,Sourcing,2433,2,0.0008
22,Hyderabad,Sourcing,306848,16,0.0001
22,Jodhpur,Sourcing,1833,1,0.0005
22,Trichy,Pod,9079,47,0.0052
22,Central Goa,Pod,35118,274,0.0078
22,Noida,Pod,21989,215,0.0098
22,Bhopal,CX,8189,20,0.0024
22,Aligarh,Sourcing,2072,11,0.0053
22,Latur,Pod,862,6,0.007
22,Kochi,Sourcing,89133,4,0
22,Guntur,Sourcing,11583,17,0.0015
22,Panipat,Sourcing,3719,5,0.0013
22,Kollam,Sourcing,8462,5,0.0006
22,Siliguri,WH,3410,1,0.0003
22,Thoothukudi,WH,5287,5,0.0009
23,Davanagere,Pod,1700,1,0.0006
23,Aurangabad,Sourcing,3634,1,0.0003
23,Siliguri,Pod,4147,1,0.0002
23,Jodhpur,Sourcing,1747,1,0.0006
23,Hubli,WH,2609,1,0.0004
23,Karnal,Pod,1101,1,0.0009
23,Thoothukudi,Pod,5447,36,0.0066
23,Patna,Pod,22042,49,0.0022
23,Gurgaon,WH,87686,38,0.0004
23,Karimnagar,CX,3208,5,0.0016
23,Bhubaneswar,Pod,36575,6,0.0002
23,Tirupati,Sourcing,8480,5,0.0006
23,Erode,Pod,4199,22,0.0052
23,Pondicherry,Sourcing,11696,5,0.0004
23,Bikaner,Sourcing,1168,2,0.0017
23,Karaikkudi,Sourcing,2512,1,0.0004
23,Jaipur,WH,27482,1,0
23,Kanchipuram,Pod,3293,1,0.0003
23,Gorakhpur,Sourcing,2623,2,0.0008
23,Ranchi,Pod,7933,2,0.0003
23,Pondicherry,WH,11696,4,0.0003
23,Shivamogga,Sourcing,3112,2,0.0006
23,Vapi,Sourcing,4266,2,0.0005
23,Ranchi,Sourcing,7933,4,0.0005
23,Karur,Sourcing,2861,2,0.0007
23,Anantapur,Pod,3888,1,0.0003
23,Panipat,WH,3773,1,0.0003
23,Bangalore,Sourcing,645647,503,0.0008
23,Kota,CX,2439,9,0.0037
23,Aurangabad,Pod,3634,1,0.0003
23,Faridabad,Pod,11230,7,0.0006
23,Manipal,Sourcing,7357,1,0.0001
23,Mathura,Pod,1301,10,0.0077
23,Latur,Pod,978,7,0.0072
23,Central Goa,Sourcing,35857,18,0.0005
23,Amritsar,Sourcing,3483,2,0.0006
23,Ambala,Sourcing,1847,5,0.0027
23,Agra,Sourcing,2230,6,0.0027
23,Udaipur,Sourcing,5110,3,0.0006
23,Silchar,WH,4275,1,0.0002
23,Dibrugarh,Pod,2358,2,0.0008
23,Noida 1,CX,61366,218,0.0036
23,Nellore,Pod,5725,41,0.0072
23,Thiruvananthapuram,CX,45418,42,0.0009
23,Thrissur,Pod,23707,46,0.0019
23,Gwalior,CX,3905,18,0.0046
23,Gurgaon,WH,87686,51,0.0006
23,Kolkata,Sourcing,93608,42,0.0004
23,Kota,Pod,2439,19,0.0078
23,Warangal,Sourcing,8494,7,0.0008
23,Aligarh,Pod,2042,20,0.0098
23,Aurangabad,Sourcing,3634,4,0.0011
23,Hubli,CX,2609,3,0.0012
23,Surat,WH,10313,2,0.0002
23,Thoothukudi,CX,5447,20,0.0037
23,Vizianagaram,CX,1116,5,0.0045
23,Nellore,Sourcing,5725,3,0.0005
23,Ludhiana,WH,8615,5,0.0006
23,Bareilly,Sourcing,1264,3,0.0024
23,Rohtak,Pod,2726,2,0.0007
23,Guntur,Sourcing,10870,6,0.0006
23,Karaikkudi,Sourcing,2512,1,0.0004
23,Jabalpur,Pod,3252,40,0.0123
23,Noida 1,Pod,61366,205,0.0033
23,Amravati,CX,1126,12,0.0107
23,Vellore,Pod,7636,5,0.0007
23,Chennai,CX,252902,877,0.0035
23,Sri Ganganagar,CX,1815,7,0.0039
23,Patna,CX,22042,86,0.0039
23,Trichy,WH,9773,2,0.0002
23,Hubli,Pod,2609,11,0.0042
23,Vadodara,Pod,8507,40,0.0047
23,Guntur,Sourcing,10870,13,0.0012
23,Kurnool,WH,5352,2,0.0004
23,Moradabad,Pod,2139,2,0.0009
23,Aurangabad,Sourcing,3634,3,0.0008
23,Nagpur,Sourcing,8826,2,0.0002
23,Sri Ganganagar,Pod,1815,2,0.0011
23,Mathura,Pod,1301,2,0.0015
23,Ongole,Sourcing,1399,3,0.0021
23,Vapi,Pod,4266,2,0.0005
23,Kanpur,CX,4584,11,0.0024
23,Kanchipuram,Sourcing,3293,1,0.0003
23,Palakkad,Sourcing,5030,1,0.0002
23,Ludhiana,Sourcing,8615,1,0.0001
23,Jalandhar,CX,2066,4,0.0019
23,Dehradun,Sourcing,12818,6,0.0005
23,Eluru,CX,1192,3,0.0025
23,Nashik,Pod,7904,3,0.0004
23,Allahabad,Sourcing,2029,1,0.0005
23,Nizamabad,Pod,1338,1,0.0007
23,Kozhikode,WH,15825,1,0.0001
23,Amritsar,Pod,3483,18,0.0052
23,Jaipur,Sourcing,27482,16,0.0006
23,Vizag,Pod,19840,10,0.0005
23,Faridabad,Sourcing,11230,20,0.0018
23,Pondicherry,Pod,11696,100,0.0086
23,Tirupati,Sourcing,8480,11,0.0013
23,Jabalpur,Sourcing,3252,12,0.0037
23,Bilaspur,CX,1296,10,0.0077
23,Ongole,CX,1399,5,0.0036
23,Tirupati,WH,8480,5,0.0006
23,Allahabad,Sourcing,2029,5,0.0025
23,Thanjavur,Sourcing,5990,7,0.0012
23,Panipat,Sourcing,3773,9,0.0024
23,Vijayawada,Pod,17407,6,0.0003
23,Rajahmundry,Pod,4106,1,0.0002
23,Vijayawada,Sourcing,17407,3,0.0002
23,Ambala,Sourcing,1847,1,0.0005
23,Thiruvalla,Sourcing,4523,3,0.0007
23,Bareilly,WH,1264,1,0.0008
23,Bhimavaram,Sourcing,918,1,0.0011
23,Khammam,Pod,5433,1,0.0002
23,Gurgaon,Pod,87686,32,0.0004
23,Bangalore,Pod,645647,3790,0.0059
23,Bangalore,Sourcing,645647,372,0.0006
23,Delhi,Pod,160603,131,0.0008
23,Mysore,CX,20479,49,0.0024
23,Davanagere,Pod,1700,15,0.0088
23,Ludhiana,Sourcing,8615,5,0.0006
23,Kurnool,Sourcing,5352,11,0.0021
23,Jaipur,CX,27482,92,0.0033
23,Faridabad,Sourcing,11230,27,0.0024
23,Ahmedabad,Pod,37830,27,0.0007
23,Tirunelveli,CX,6220,13,0.0021
23,Lucknow,WH,18588,6,0.0003
23,Patiala,Pod,3885,19,0.0049
23,Kozhikode,Sourcing,15825,2,0.0001
23,Tirunelveli,WH,6220,2,0.0003
23,Tirunelveli,Sourcing,6220,6,0.001
23,Sonipat,Pod,1127,8,0.0071
23,Surat,Sourcing,10313,7,0.0007
23,Siliguri,Sourcing,4147,1,0.0002
23,Anand,Pod,807,7,0.0087
23,Mysore,WH,20479,4,0.0002
23,Surat,Sourcing,10313,1,0.0001
23,Guwahati,Pod,12798,172,0.0134
23,Pune,Sourcing,161219,97,0.0006
23,Surat,Pod,10313,67,0.0065
23,Berhampur,CX,1853,4,0.0022
23,Amravati,Pod,1126,1,0.0009
23,Noida 1,Pod,61366,1,0
23,Ujjain,WH,1975,1,0.0005
23,Meerut,Pod,4129,1,0.0002
23,Trichy,Sourcing,9773,4,0.0004
23,Palakkad,Sourcing,5030,1,0.0002
23,Vizag,CX,19840,45,0.0023
23,Salem,Pod,8453,52,0.0062
23,Karur,CX,2861,2,0.0007
23,Madurai,Pod,11909,14,0.0012
23,Hubli,Sourcing,2609,6,0.0023
23,Silchar,Pod,4275,5,0.0012
23,Ujjain,Pod,1975,18,0.0091
23,Meerut,Sourcing,4129,6,0.0015
23,Rajkot,CX,4508,13,0.0029
23,Panipat,CX,3773,10,0.0027
23,Delhi,Sourcing,160603,199,0.0012
23,Kozhikode,CX,15825,8,0.0005
23,Rajkot,Pod,4508,3,0.0007
23,Anand,Pod,807,1,0.0012
23,Pune,WH,161219,29,0.0002
23,Tirunelveli,Pod,6220,34,0.0055
23,Kurnool,Pod,5352,32,0.006
23,Kurnool,Pod,5352,5,0.0009
23,Madurai,WH,11909,3,0.0003
23,Rohtak,Sourcing,2726,3,0.0011
23,Rajkot,Sourcing,4508,1,0.0002
23,Shivamogga,Sourcing,3112,2,0.0006
23,Anantapur,Pod,3888,20,0.0051
23,Muzaffarpur,Pod,1279,1,0.0008
23,Sri Ganganagar,WH,1815,2,0.0011
23,Tirupur,Sourcing,6449,1,0.0002
23,Agra,Pod,2230,1,0.0004
23,Jabalpur,Sourcing,3252,4,0.0012
23,Sri Ganganagar,Sourcing,1815,3,0.0017
23,Thanjavur,WH,5990,2,0.0003
23,Alappuzha,Sourcing,4341,1,0.0002
23,Nagpur,Sourcing,8826,6,0.0007
23,Ujjain,Sourcing,1975,5,0.0025
23,Rajahmundry,CX,4106,7,0.0017
23,Bhubaneswar,Pod,36575,196,0.0054
23,Ahmedabad,CX,37830,127,0.0034
23,Pune,Sourcing,161219,53,0.0003
23,Guwahati,CX,12798,68,0.0053
23,Patna,WH,22042,12,0.0005
23,Meerut,CX,4129,10,0.0024
23,Gwalior,Pod,3905,2,0.0005
23,Kochi,Sourcing,98686,49,0.0005
23,Bhubaneswar,Sourcing,36575,14,0.0004
23,Karimnagar,Pod,3208,25,0.0078
23,Ongole,Pod,1399,3,0.0021
23,Latur,Pod,978,3,0.0031
23,Surat,Pod,10313,7,0.0007
23,Tirunelveli,Pod,6220,2,0.0003
23,Kolhapur,Sourcing,2135,1,0.0005
23,Vadodara,Sourcing,8507,2,0.0002
23,Vizag,Pod,19840,2,0.0001
23,Karaikkudi,WH,2512,3,0.0012
23,Kanchipuram,Sourcing,3293,3,0.0009
23,Tirupur,WH,6449,1,0.0002
23,Kolhapur,Sourcing,2135,1,0.0005
23,Guwahati,WH,12798,4,0.0003
23,Thanjavur,Sourcing,5990,1,0.0002
23,Warangal,Pod,8494,94,0.0111
23,Rajkot,Pod,4508,27,0.006
23,Hubli,Pod,2609,1,0.0004
23,Cuttack,Sourcing,4386,4,0.0009
23,Gorakhpur,Sourcing,2623,4,0.0015
23,Rajkot,Pod,4508,3,0.0007
23,Kottayam,Pod,6191,8,0.0013
23,Vadodara,Pod,8507,6,0.0007
23,Siliguri,Sourcing,4147,3,0.0007
23,Bhubaneswar,Pod,36575,7,0.0002
23,Thiruvalla,Sourcing,4523,3,0.0007
23,Belgaum,Pod,3473,1,0.0003
23,Davanagere,WH,1700,1,0.0006
23,Jaipur,Sourcing,27482,1,0
23,Bangalore,Sourcing,645647,1048,0.0016
23,Rohtak,WH,2726,1,0.0004
23,Nashik,Sourcing,7904,5,0.0006
23,Vizag,Pod,19840,129,0.0065
23,Thiruvananthapuram,Pod,45418,17,0.0004
23,Pune,Pod,161219,106,0.0007
23,Meerut,Pod,4129,7,0.0017
23,Dibrugarh,Pod,2358,17,0.0072
23,Lucknow,Pod,18588,6,0.0003
23,Jaipur,Sourcing,27482,19,0.0007
23,Mangaluru,Pod,20215,95,0.0047
23,Kolkata,Pod,93608,266,0.0028
23,Thiruvallur,Sourcing,2412,3,0.0012
23,Noida,Sourcing,21701,28,0.0013
23,Mumbai,Pod,334156,2708,0.0081
23,Chandigarh,Pod,33718,342,0.0101
23,Jaipur,Pod,27482,208,0.0076
23,Belgaum,Sourcing,3473,8,0.0023
23,Eluru,Pod,1192,8,0.0067
23,Surat,Sourcing,10313,19,0.0018
23,Vijayawada,Sourcing,17407,8,0.0005
23,Alappuzha,Sourcing,4341,3,0.0007
23,Kota,WH,2439,2,0.0008
23,Coimbatore,Pod,32683,198,0.0061
23,Karur,WH,2861,1,0.0004
23,Dibrugarh,Pod,2358,1,0.0004
23,Bathinda,Sourcing,1191,1,0.0008
23,Anand,CX,807,3,0.0037
23,Kolkata,Pod,93608,1,0
23,Bhilai,Sourcing,1167,1,0.0009
23,Kannur,Pod,1975,2,0.001
23,Guwahati,Pod,12798,6,0.0005
23,Guntur,Pod,10870,5,0.0005
23,Udaipur,WH,5110,12,0.0023
23,Pondicherry,Sourcing,11696,11,0.0009
23,Allahabad,Sourcing,2029,5,0.0025
23,Jodhpur,WH,1747,1,0.0006
23,Roorkee,Pod,1211,1,0.0008
23,Bangalore,Pod,645647,1,0
23,Kolkata,Sourcing,93608,153,0.0016
23,Vizag,Sourcing,19840,6,0.0003
23,Bhubaneswar,CX,36575,86,0.0024
23,Lucknow,Pod,18588,72,0.0039
23,Mumbai,WH,334156,139,0.0004
23,Vijayawada,WH,17407,12,0.0007
23,Vizag,Sourcing,19840,23,0.0012
23,Coimbatore,Pod,32683,9,0.0003
23,Central Goa,Pod,35857,4,0.0001
23,Thrissur,Pod,23707,4,0.0002
23,Thoothukudi,WH,5447,2,0.0004
23,Mysore,Sourcing,20479,24,0.0012
23,Faridabad,WH,11230,10,0.0009
23,Bilaspur,Sourcing,1296,3,0.0023
23,Jamshedpur,Sourcing,6803,11,0.0016
23,Surat,Pod,10313,5,0.0005
23,Lonavla,CX,1212,6,0.005
23,Bhopal,Pod,8004,3,0.0004
23,Muzaffarpur,Sourcing,1279,1,0.0008
23,Bhopal,Sourcing,8004,11,0.0014
23,Karnal,WH,1101,1,0.0009
23,Kannur,CX,1975,1,0.0005
23,Gorakhpur,CX,2623,3,0.0011
23,Bhimavaram,Sourcing,918,3,0.0033
23,Muzaffarpur,Sourcing,1279,2,0.0016
23,Coimbatore,Sourcing,32683,3,0.0001
23,Shivamogga,WH,3112,1,0.0003
23,Anand,WH,807,1,0.0012
23,Gurgaon,Pod,87686,1020,0.0116
23,Ranchi,Pod,7933,72,0.0091
23,Coimbatore,Sourcing,32683,38,0.0012
23,Kolkata,Pod,93608,536,0.0057
23,Chennai,Sourcing,252902,198,0.0008
23,Chennai,Pod,252902,123,0.0005
23,Faridabad,CX,11230,43,0.0038
23,Dehradun,Sourcing,12818,17,0.0013
23,Vellore,WH,7636,4,0.0005
23,Tirupur,WH,6449,9,0.0014
23,Nellore,Sourcing,5725,6,0.001
23,Trichy,CX,9773,17,0.0017
23,Pondicherry,CX,11696,45,0.0038
23,Indore,Pod,12693,7,0.0006
23,Nizamabad,Sourcing,1338,2,0.0015
23,Mumbai,Pod,334156,7,0
23,Nellore,CX,5725,21,0.0037
23,Dehradun,WH,12818,2,0.0002
23,Kozhikode,WH,15825,1,0.0001
23,Jabalpur,CX,3252,10,0.0031
23,Saharanpur,CX,631,1,0.0016
23,Thoothukudi,Sourcing,5447,2,0.0004
23,Manipal,Pod,7357,2,0.0003
23,Bhimavaram,CX,918,2,0.0022
23,Bhilai,Pod,1167,1,0.0009
23,Karimnagar,WH,3208,1,0.0003
23,Kanpur,WH,4584,1,0.0002
23,Vijayawada,Sourcing,17407,1,0.0001
23,Aligarh,WH,2042,2,0.001
23,Bilaspur,Sourcing,1296,1,0.0008
23,Indore,Sourcing,12693,8,0.0006
23,Delhi,Pod,160603,5,0
23,Noida,Sourcing,21701,2,0.0001
23,Jaipur,Sourcing,27482,43,0.0016
23,Noida 1,WH,61366,17,0.0003
23,Raipur,Pod,5506,6,0.0011
23,Thiruvallur,Pod,2412,34,0.0141
23,Mysore,Pod,20479,7,0.0003
23,Nanded,Pod,845,10,0.0118
23,Thiruvalla,Pod,4523,10,0.0022
23,Pondicherry,Sourcing,11696,2,0.0002
23,Allahabad,Pod,2029,8,0.0039
23,Khammam,Sourcing,5433,3,0.0006
23,Moradabad,CX,2139,4,0.0019
23,Manipal,Sourcing,7357,1,0.0001
23,Vellore,Sourcing,7636,1,0.0001
23,Anand,Sourcing,807,2,0.0025
23,Gwalior,Sourcing,3905,6,0.0015
23,Warangal,Pod,8494,6,0.0007
23,Karnal,Sourcing,1101,3,0.0027
23,Ajmer,Sourcing,1884,6,0.0032
23,Meerut,Sourcing,4129,1,0.0002
23,Pune,Pod,161219,49,0.0003
23,Mumbai,CX,334156,933,0.0028
23,Ahmedabad,WH,37830,8,0.0002
23,Nagpur,CX,8826,23,0.0026
23,Pune,WH,161219,48,0.0003
23,Shivamogga,Pod,3112,9,0.0029
23,Alappuzha,CX,4341,5,0.0012
23,Mumbai,Sourcing,334156,375,0.0011
23,Kozhikode,Pod,15825,62,0.0039
23,Ajmer,Pod,1884,15,0.008
23,Jamshedpur,Pod,6803,6,0.0009
23,Vapi,Sourcing,4266,6,0.0014
23,Davanagere,CX,1700,4,0.0024
23,Salem,CX,8453,11,0.0013
23,Jamshedpur,Sourcing,6803,7,0.001
23,Tirupati,Pod,8480,9,0.0011
23,Cuttack,CX,4386,6,0.0014
23,Kakinada,Sourcing,3323,6,0.0018
23,Mysore,WH,20479,12,0.0006
23,Thiruvananthapuram,Sourcing,45418,22,0.0005
23,Mysore,Sourcing,20479,1,0
23,Belgaum,CX,3473,4,0.0012
23,Vizianagaram,Sourcing,1116,1,0.0009
23,Salem,Sourcing,8453,1,0.0001
23,Thiruvallur,Sourcing,2412,2,0.0008
23,Ludhiana,Sourcing,8615,4,0.0005
23,Roorkee,CX,1211,1,0.0008
23,Agra,WH,2230,1,0.0004
23,Kota,Sourcing,2439,1,0.0004
23,Amravati,Sourcing,1126,1,0.0009
23,Hubli,Pod,2609,1,0.0004
23,Chennai,Pod,252902,2482,0.0098
23,Karaikkudi,CX,2512,12,0.0048
23,Lucknow,Sourcing,18588,9,0.0005
23,Chennai,Pod,252902,37,0.0001
23,Varanasi,Sourcing,8400,7,0.0008
23,Faridabad,WH,11230,4,0.0004
23,Vapi,Pod,4266,26,0.0061
23,Kota,Pod,2439,9,0.0037
23,Vizag,Pod,19840,10,0.0005
23,Mangaluru,Sourcing,20215,9,0.0004
23,Dehradun,Pod,12818,5,0.0004
23,Mysore,Sourcing,20479,8,0.0004
23,Bhubaneswar,WH,36575,3,0.0001
23,Mathura,Sourcing,1301,1,0.0008
23,Eluru,Sourcing,1192,1,0.0008
23,Nagpur,Sourcing,8826,24,0.0027
23,Pune,Sourcing,161219,1,0
23,Siliguri,Pod,4147,1,0.0002
23,Indore,Sourcing,12693,1,0.0001
23,Eluru,Sourcing,1192,2,0.0017
23,Udaipur,WH,5110,1,0.0002
23,Chandigarh,Sourcing,33718,61,0.0018
23,Kochi,Pod,98686,6,0.0001
23,Silchar,Pod,4275,24,0.0056
23,Nashik,Pod,7904,57,0.0072
23,Central Goa,Sourcing,35857,19,0.0005
23,Noida 1,WH,61366,38,0.0006
23,Mangaluru,Pod,20215,5,0.0002
23,Udaipur,CX,5110,31,0.0061
23,Jodhpur,Pod,1747,23,0.0132
23,Bhopal,CX,8004,28,0.0035
23,Aligarh,Pod,2042,3,0.0015
23,Kota,Sourcing,2439,4,0.0016
23,Kochi,WH,98686,8,0.0001
23,Ludhiana,Sourcing,8615,3,0.0003
23,Bhopal,WH,8004,6,0.0008
23,Varanasi,Pod,8400,5,0.0006
23,Alappuzha,Sourcing,4341,2,0.0005
23,Bathinda,Sourcing,1191,1,0.0008
23,Silchar,CX,4275,11,0.0026
23,Ongole,WH,1399,1,0.0007
23,Amravati,Pod,1126,1,0.0009
23,Vellore,CX,7636,12,0.0016
23,Guwahati,Sourcing,12798,4,0.0003
23,Khammam,Pod,5433,2,0.0004
23,Udaipur,Pod,5110,3,0.0006
23,Bikaner,Pod,1168,14,0.012
23,Guntur,WH,10870,3,0.0003
23,Jamshedpur,Sourcing,6803,2,0.0003
23,Rudrapur,CX,1065,1,0.0009
23,Dibrugarh,WH,2358,1,0.0004
23,Guntur,Pod,10870,2,0.0002
23,Delhi,Pod,160603,1763,0.011
23,Vellore,Pod,7636,34,0.0045
23,Raipur,CX,5506,49,0.0089
23,Indore,Sourcing,12693,8,0.0006
23,Karimnagar,Sourcing,3208,1,0.0003
23,Ujjain,Pod,1975,2,0.001
23,Vijayawada,Pod,17407,3,0.0002
23,Bhopal,Sourcing,8004,4,0.0005
23,Bilaspur,Pod,1296,19,0.0147
23,Thiruvananthapuram,WH,45418,8,0.0002
23,Jabalpur,Pod,3252,4,0.0012
23,Anand,Sourcing,807,4,0.005
23,Gorakhpur,Pod,2623,2,0.0008
23,Erode,Sourcing,4199,1,0.0002
23,Rudrapur,WH,1065,1,0.0009
23,Kolhapur,Pod,2135,1,0.0005
23,Mangaluru,Sourcing,20215,22,0.0011
23,Raipur,Sourcing,5506,1,0.0002
23,Thrissur,Pod,23707,5,0.0002
23,Anantapur,Pod,3888,1,0.0003
23,Noida,Pod,21701,91,0.0042
23,Rudrapur,Pod,1065,6,0.0056
23,Nashik,Sourcing,7904,7,0.0009
23,Noida 1,Pod,61366,17,0.0003
23,Siliguri,Sourcing,4147,3,0.0007
23,Coimbatore,Sourcing,32683,5,0.0002
23,Kanpur,Sourcing,4584,7,0.0015
23,Hyderabad,Pod,330331,161,0.0005
23,Ludhiana,CX,8615,19,0.0022
23,Jaipur,Pod,27482,15,0.0005
23,Hubli,Sourcing,2609,2,0.0008
23,Muzaffarpur,Pod,1279,2,0.0016
23,Amritsar,Sourcing,3483,2,0.0006
23,Tumakuru,Sourcing,3745,2,0.0005
23,Salem,Sourcing,8453,1,0.0001
23,Tirupur,Sourcing,6449,1,0.0002
23,Warangal,Pod,8494,1,0.0001
23,Meerut,Sourcing,4129,1,0.0002
23,Patna,Sourcing,22042,10,0.0005
23,Vadodara,Sourcing,8507,2,0.0002
23,Nagpur,WH,8826,2,0.0002
23,Kanchipuram,Pod,3293,1,0.0003
23,Salem,Sourcing,8453,2,0.0002
23,Aligarh,WH,2042,2,0.001
23,Bangalore,CX,645647,1593,0.0025
23,Hyderabad,Sourcing,330331,451,0.0014
23,Delhi,Sourcing,160603,239,0.0015
23,Thiruvananthapuram,Pod,45418,140,0.0031
23,Kochi,Sourcing,98686,33,0.0003
23,Nanded,WH,845,2,0.0024
23,Jabalpur,Pod,3252,4,0.0012
23,Guwahati,WH,12798,5,0.0004
23,Ranchi,Sourcing,7933,8,0.001
23,Kozhikode,Pod,15825,17,0.0011
23,Raipur,WH,5506,10,0.0018
23,Karur,Pod,2861,14,0.0049
23,Kolkata,WH,93608,23,0.0002
23,Varanasi,WH,8400,5,0.0006
23,Pondicherry,Sourcing,11696,2,0.0002
23,Madurai,Sourcing,11909,3,0.0003
23,Warangal,WH,8494,2,0.0002
23,Chennai,Pod,252902,1,0
23,Anantapur,Sourcing,3888,4,0.001
23,Panipat,Pod,3773,1,0.0003
23,Erode,Pod,4199,1,0.0002
23,Kanchipuram,WH,3293,1,0.0003
23,Pune,CX,161219,534,0.0033
23,Mysore,Pod,20479,108,0.0053
23,Nellore,Pod,5725,13,0.0023
23,Mumbai,WH,334156,162,0.0005
23,Noida 1,Sourcing,61366,89,0.0015
23,Vijayawada,Sourcing,17407,17,0.001
23,Ahmedabad,Sourcing,37830,3,0.0001
23,Trichy,Pod,9773,4,0.0004
23,Surat,WH,10313,4,0.0004
23,Jodhpur,Pod,1747,1,0.0006
23,Tumakuru,WH,3745,4,0.0011
23,Kottayam,CX,6191,2,0.0003
23,Rohtak,Pod,2726,1,0.0004
23,Khammam,CX,5433,11,0.002
23,Bathinda,WH,1191,1,0.0008
23,Ujjain,Sourcing,1975,3,0.0015
23,Nashik,Sourcing,7904,1,0.0001
23,Kottayam,Sourcing,6191,1,0.0002
23,Ajmer,WH,1884,1,0.0005
23,Aligarh,Sourcing,2042,1,0.0005
23,Vadodara,Pod,8507,1,0.0001
23,Bilaspur,Sourcing,1296,1,0.0008
23,Bangalore,WH,645647,174,0.0003
23,Mumbai,Sourcing,334156,155,0.0005
23,Hyderabad,CX,330331,1328,0.004
23,Bhubaneswar,Sourcing,36575,12,0.0003
23,Mangaluru,WH,20215,3,0.0001
23,Tirupati,CX,8480,35,0.0041
23,Dehradun,CX,12818,47,0.0037
23,Coimbatore,WH,32683,5,0.0002
23,Kolhapur,CX,2135,8,0.0037
23,Agra,Sourcing,2230,4,0.0018
23,Gwalior,Sourcing,3905,4,0.001
23,Thrissur,WH,23707,3,0.0001
23,Bhubaneswar,WH,36575,4,0.0001
23,Shivamogga,CX,3112,4,0.0013
23,Rajkot,Sourcing,4508,4,0.0009
23,Mangaluru,Sourcing,20215,3,0.0001
23,Jamshedpur,WH,6803,2,0.0003
23,Erode,Sourcing,4199,2,0.0005
23,Thoothukudi,Sourcing,5447,1,0.0002
23,Meerut,Sourcing,4129,1,0.0002
23,Hyderabad,Sourcing,330331,10,0
23,Lonavla,Sourcing,1212,1,0.0008
23,Karimnagar,Pod,3208,1,0.0003
23,Madurai,Pod,11909,70,0.0059
23,Dibrugarh,WH,2358,1,0.0004
23,Thiruvallur,Sourcing,2412,1,0.0004
23,Dindigul,Sourcing,523,1,0.0019
23,Dehradun,Pod,12818,98,0.0076
23,Bhopal,Pod,8004,49,0.0061
23,Lucknow,CX,18588,28,0.0015
23,Mangaluru,Sourcing,20215,11,0.0005
23,Ujjain,CX,1975,9,0.0046
23,Tumakuru,WH,3745,5,0.0013
23,Faridabad,Pod,11230,153,0.0136
23,Hyderabad,WH,330331,164,0.0005
23,Noida 1,Sourcing,61366,100,0.0016
23,Chennai,Sourcing,252902,346,0.0014
23,Agra,Pod,2230,20,0.009
23,Salem,WH,8453,6,0.0007
23,Pondicherry,Pod,11696,30,0.0026
23,Meerut,WH,4129,6,0.0015
23,Bhilai,CX,1167,8,0.0069
23,Vijayawada,WH,17407,8,0.0005
23,Guntur,WH,10870,3,0.0003
23,Raipur,WH,5506,2,0.0004
23,Manipal,Pod,7357,13,0.0018
23,Vapi,Pod,4266,4,0.0009
23,Vadodara,WH,8507,4,0.0005
23,Ongole,Sourcing,1399,3,0.0021
23,Nanded,Pod,845,1,0.0012
23,Gurgaon,Pod,87686,1,0
23,Shivamogga,Sourcing,3112,1,0.0003
23,Ranchi,Sourcing,7933,7,0.0009
23,Chandigarh,Pod,33718,12,0.0004
23,Chandigarh,Sourcing,33718,39,0.0012
23,Sonipat,CX,1127,3,0.0027
23,Ahmedabad,Sourcing,37830,89,0.0024
23,Kanpur,Pod,4584,26,0.0057
23,Gurgaon,Sourcing,87686,133,0.0015
23,Mangaluru,CX,20215,42,0.0021
23,Kakinada,Pod,3323,20,0.006
23,Gwalior,Sourcing,3905,4,0.001
23,Bathinda,Pod,1191,15,0.0126
23,Surat,CX,10313,20,0.0019
23,Allahabad,CX,2029,8,0.0039
23,Nagercoil,Pod,4006,9,0.0022
23,Chandigarh,WH,33718,17,0.0005
23,Panipat,Pod,3773,5,0.0013
23,Silchar,Sourcing,4275,2,0.0005
23,Ongole,Pod,1399,8,0.0057
23,Warangal,Sourcing,8494,3,0.0004
23,Latur,WH,978,1,0.001
23,Raipur,Sourcing,5506,6,0.0011
23,Faridabad,Sourcing,11230,1,0.0001
23,Ahmedabad,WH,37830,16,0.0004
23,Belgaum,Sourcing,3473,1,0.0003
23,Bhubaneswar,Sourcing,36575,25,0.0007
23,Delhi,CX,160603,540,0.0034
23,Noida,CX,21701,82,0.0038
23,Kolkata,CX,93608,243,0.0026
23,Delhi,WH,160603,122,0.0008
23,Udaipur,Pod,5110,57,0.0112
23,Central Goa,Sourcing,35857,70,0.002
23,Delhi,Pod,160603,40,0.0002
23,Belgaum,Pod,3473,16,0.0046
23,Karnal,CX,1101,3,0.0027
23,Patiala,Sourcing,3885,7,0.0018
23,Rohtak,CX,2726,15,0.0055
23,Ludhiana,Pod,8615,12,0.0014
23,Vadodara,Sourcing,8507,8,0.0009
23,Salem,Sourcing,8453,7,0.0008
23,Bhopal,Sourcing,8004,12,0.0015
23,Shivamogga,WH,3112,1,0.0003
23,Vellore,Sourcing,7636,6,0.0008
23,Ongole,Pod,1399,3,0.0021
23,Madurai,Sourcing,11909,3,0.0003
23,Muzaffarpur,CX,1279,5,0.0039
23,Nanded,Sourcing,845,1,0.0012
23,Rohtak,Sourcing,2726,5,0.0018
23,Kottayam,Pod,6191,1,0.0002
23,Anantapur,WH,3888,2,0.0005
23,Ludhiana,Pod,8615,38,0.0044
23,Kochi,Pod,98686,395,0.004
23,Aurangabad,Pod,3634,26,0.0072
23,Palakkad,Pod,5030,9,0.0018
23,Chandigarh,Pod,33718,16,0.0005
23,Ranchi,WH,7933,7,0.0009
23,Noida 1,Sourcing,61366,45,0.0007
23,Tirupur,CX,6449,18,0.0028
23,Mysore,Sourcing,20479,6,0.0003
23,Nizamabad,Pod,1338,2,0.0015
23,Thanjavur,WH,5990,2,0.0003
23,Kakinada,Sourcing,3323,3,0.0009
23,Jamshedpur,Pod,6803,2,0.0003
23,Aligarh,Sourcing,2042,2,0.001
23,Madurai,Pod,11909,1,0.0001
23,Ranchi,WH,7933,3,0.0004
23,Pune,Sourcing,161219,293,0.0018
23,Warangal,WH,8494,4,0.0005
23,Moradabad,Sourcing,2139,1,0.0005
23,Nizamabad,Sourcing,1338,2,0.0015
23,Bhilai,Sourcing,1167,6,0.0051
23,Karimnagar,Sourcing,3208,1,0.0003
23,Karaikkudi,Sourcing,2512,1,0.0004
23,Trichy,Pod,9773,40,0.0041
23,Erode,WH,4199,4,0.001
23,Dehradun,Sourcing,12818,10,0.0008
23,Guntur,CX,10870,32,0.0029
23,Kottayam,Pod,6191,6,0.001
23,Kochi,CX,98686,121,0.0012
23,Nagpur,WH,8826,8,0.0009
23,Chennai,Sourcing,252902,109,0.0004
23,Alappuzha,Pod,4341,10,0.0023
23,Guntur,Sourcing,10870,3,0.0003
23,Faridabad,Sourcing,11230,7,0.0006
23,Noida,Sourcing,21701,11,0.0005
23,Mangaluru,WH,20215,2,0.0001
23,Patiala,Sourcing,3885,2,0.0005
23,Udaipur,Pod,5110,3,0.0006
23,Thiruvananthapuram,Pod,45418,4,0.0001
23,Vellore,Sourcing,7636,2,0.0003
23,Gorakhpur,Sourcing,2623,3,0.0011
23,Ambala,WH,1847,1,0.0005
23,Jalandhar,Pod,2066,8,0.0039
23,Karnal,Sourcing,1101,4,0.0036
23,Karur,Sourcing,2861,2,0.0007
23,Jalandhar,Sourcing,2066,3,0.0015
23,Kakinada,WH,3323,1,0.0003
23,Chennai,WH,252902,100,0.0004
23,Chennai,WH,252902,55,0.0002
23,Hyderabad,WH,330331,68,0.0002
23,Madurai,CX,11909,34,0.0029
23,Nagpur,Sourcing,8826,4,0.0005
23,Vapi,CX,4266,12,0.0028
23,Panipat,Pod,3773,57,0.0151
23,Cuttack,Pod,4386,16,0.0036
23,Indore,Pod,12693,95,0.0075
23,Varanasi,WH,8400,6,0.0007
23,Varanasi,Sourcing,8400,4,0.0005
23,Karaikkudi,Pod,2512,12,0.0048
23,Thiruvananthapuram,Sourcing,45418,4,0.0001
23,Kottayam,WH,6191,2,0.0003
23,Thiruvananthapuram,WH,45418,2,0
23,Kurnool,Pod,5352,9,0.0017
23,Kozhikode,Pod,15825,3,0.0002
23,Palakkad,Pod,5030,2,0.0004
23,Madurai,Sourcing,11909,5,0.0004
23,Ajmer,CX,1884,7,0.0037
23,Lonavla,Sourcing,1212,1,0.0008
23,Berhampur,WH,1853,1,0.0005
23,Mathura,Sourcing,1301,1,0.0008
23,Khammam,Sourcing,5433,1,0.0002
23,Guwahati,Pod,12798,1,0.0001
23,Bilaspur,WH,1296,1,0.0008
23,Kochi,Sourcing,98686,1,0
23,Trichy,Pod,9773,1,0.0001
23,Ludhiana,WH,8615,2,0.0002
23,Agra,Sourcing,2230,1,0.0004
23,Kochi,Pod,98686,10,0.0001
23,Amravati,Pod,1126,17,0.0151
23,Kakinada,CX,3323,11,0.0033
23,Noida 1,Sourcing,61366,23,0.0004
23,Mysore,Pod,20479,36,0.0018
23,Gurgaon,Sourcing,87686,95,0.0011
23,Kanpur,Sourcing,4584,6,0.0013
23,Central Goa,WH,35857,10,0.0003
23,Saharanpur,Sourcing,631,2,0.0032
23,Kozhikode,Sourcing,15825,4,0.0003
23,Kozhikode,Sourcing,15825,7,0.0004
23,Dindigul,Pod,523,3,0.0057
23,Dibrugarh,Sourcing,2358,2,0.0008
23,Nagercoil,CX,4006,2,0.0005
23,Chandigarh,WH,33718,5,0.0001
23,Roorkee,Sourcing,1211,2,0.0017
23,Rajahmundry,WH,4106,2,0.0005
23,Thanjavur,CX,5990,10,0.0017
23,Moradabad,Sourcing,2139,1,0.0005
23,Kota,WH,2439,1,0.0004
23,Bhopal,Pod,8004,1,0.0001
23,Gorakhpur,WH,2623,2,0.0008
23,Sonipat,Sourcing,1127,1,0.0009
23,Mumbai,Pod,334156,101,0.0003
23,Nashik,Pod,7904,32,0.004
23,Bangalore,WH,645647,327,0.0005
23,Chandigarh,CX,33718,153,0.0045
23,Kolkata,WH,93608,36,0.0004
23,Jaipur,Pod,27482,5,0.0002
23,Thrissur,Sourcing,23707,10,0.0004
23,Manipal,Pod,7357,31,0.0042
23,Central Goa,Pod,35857,11,0.0003
23,Kota,Sourcing,2439,11,0.0045
23,Kochi,Sourcing,98686,7,0.0001
23,Bareilly,Pod,1264,6,0.0047
23,Udaipur,Sourcing,5110,4,0.0008
23,Latur,Sourcing,978,1,0.001
23,Delhi,Sourcing,160603,11,0.0001
23,Thiruvallur,Pod,2412,7,0.0029
23,Ambala,CX,1847,4,0.0022
23,Kolkata,Sourcing,93608,6,0.0001
23,Panipat,Sourcing,3773,4,0.0011
23,Berhampur,Sourcing,1853,3,0.0016
23,Patiala,WH,3885,1,0.0003
23,Kolkata,Sourcing,93608,60,0.0006
23,Raipur,Pod,5506,76,0.0138
23,Thanjavur,Pod,5990,30,0.005
23,Noida,WH,21701,13,0.0006
23,Agra,CX,2230,12,0.0054
23,Raipur,Sourcing,5506,8,0.0015
23,Saharanpur,Pod,631,6,0.0095
23,Rajkot,Sourcing,4508,6,0.0013
23,Madurai,Sourcing,11909,7,0.0006
23,Lucknow,Sourcing,18588,11,0.0006
23,Coimbatore,Pod,32683,10,0.0003
23,Muzaffarpur,Sourcing,1279,3,0.0023
23,Agra,WH,2230,2,0.0009
23,Karaikkudi,Pod,2512,2,0.0008
23,Panipat,Sourcing,3773,1,0.0003
23,Rajahmundry,Pod,4106,2,0.0005
23,Kurnool,WH,5352,2,0.0004
23,Meerut,WH,4129,1,0.0002
23,Aurangabad,WH,3634,1,0.0003
23,Amritsar,WH,3483,1,0.0003
23,Patna,WH,22042,5,0.0002
23,Mumbai,Pod,334156,267,0.0008
23,Coimbatore,CX,32683,72,0.0022
23,Bangalore,Pod,645647,239,0.0004
23,Noida 1,Pod,61366,550,0.009
23,Meerut,Pod,4129,37,0.009
23,Gurgaon,Pod,87686,26,0.0003
23,Gorakhpur,Pod,2623,14,0.0053
23,Vizag,WH,19840,14,0.0007
23,Kollam,Pod,9969,22,0.0022
23,Chandigarh,Sourcing,33718,15,0.0004
23,Kanchipuram,WH,3293,2,0.0006
23,Cuddalore,Pod,621,4,0.0064
23,Jaipur,WH,27482,5,0.0002
23,Mathura,CX,1301,5,0.0038
23,Tumakuru,Sourcing,3745,2,0.0005
23,Jamshedpur,WH,6803,1,0.0001
23,Nizamabad,WH,1338,1,0.0007
23,Thrissur,Sourcing,23707,2,0.0001
23,Jamshedpur,CX,6803,45,0.0066
23,Erode,CX,4199,4,0.001
23,Palakkad,CX,5030,4,0.0008
23,Vizag,Sourcing,19840,11,0.0006
23,Nagpur,Pod,8826,34,0.0039
23,Chandigarh,Sourcing,33718,3,0.0001
23,Indore,Pod,12693,6,0.0005
23,Kottayam,Sourcing,6191,4,0.0006
23,Sri Ganganagar,Pod,1815,11,0.0061
23,Rajahmundry,Pod,4106,16,0.0039
23,Thiruvananthapuram,Sourcing,45418,12,0.0003
23,Guwahati,Sourcing,12798,28,0.0022
23,Nashik,Sourcing,7904,7,0.0009
23,Nizamabad,Pod,1338,10,0.0075
23,Warangal,Pod,8494,2,0.0002
23,Pondicherry,Pod,11696,5,0.0004
23,Indore,WH,12693,3,0.0002
23,Trichy,WH,9773,5,0.0005
23,Patna,Pod,22042,3,0.0001
23,Dehradun,WH,12818,3,0.0002
23,Sonipat,Sourcing,1127,1,0.0009
23,Jalandhar,Pod,2066,2,0.001
23,Khammam,WH,5433,1,0.0002
23,Patna,Sourcing,22042,23,0.001
23,Patiala,CX,3885,9,0.0023
23,Vijayawada,CX,17407,33,0.0019
23,Rohtak,Pod,2726,33,0.0121
23,Ranchi,CX,7933,14,0.0018
23,Moradabad,Pod,2139,15,0.007
23,Varanasi,CX,8400,24,0.0029
23,Thiruvallur,CX,2412,8,0.0033
23,Amritsar,CX,3483,5,0.0014
23,Manipal,Sourcing,7357,2,0.0003
23,Dehradun,Pod,12818,2,0.0002
23,Gwalior,Pod,3905,31,0.0079
23,Moradabad,Pod,2139,7,0.0033
23,Aligarh,CX,2042,8,0.0039
23,Bhimavaram,WH,918,1,0.0011
23,Bathinda,Sourcing,1191,1,0.0008
23,Warangal,Sourcing,8494,7,0.0008
23,Rohtak,WH,2726,1,0.0004
23,Panipat,WH,3773,1,0.0003
23,Tirupur,Pod,6449,45,0.007
23,Bhilai,Pod,1167,9,0.0077
23,Nashik,CX,7904,17,0.0022
23,Anantapur,Sourcing,3888,8,0.0021
23,Moradabad,Sourcing,2139,3,0.0014
23,Tumakuru,CX,3745,4,0.0011
23,Ahmedabad,Pod,37830,301,0.008
23,Guntur,Pod,10870,102,0.0094
23,Delhi,Sourcing,160603,139,0.0009
23,Varanasi,Pod,8400,56,0.0067
23,Bangalore,Sourcing,645647,83,0.0001
23,Bangalore,Pod,645647,2176,0.0034
23,Faridabad,Pod,11230,9,0.0008
23,Nanded,Sourcing,845,4,0.0047
23,Vizianagaram,Pod,1116,4,0.0036
23,Nashik,WH,7904,4,0.0005
23,Siliguri,CX,4147,8,0.0019
23,Manipal,CX,7357,11,0.0015
23,Bikaner,CX,1168,4,0.0034
23,Kannur,Pod,1975,3,0.0015
23,Nellore,Sourcing,5725,2,0.0003
23,Kolhapur,Pod,2135,1,0.0005
23,Thiruvalla,CX,4523,2,0.0004
23,Bikaner,Sourcing,1168,1,0.0009
23,Noida,WH,21701,9,0.0004
23,Ajmer,WH,1884,1,0.0005
23,Jabalpur,WH,3252,1,0.0003
23,Kollam,Sourcing,9969,1,0.0001
23,Karaikkudi,Pod,2512,2,0.0008
23,Bhubaneswar,Sourcing,36575,1,0
23,Kurnool,Sourcing,5352,6,0.0011
23,Madurai,Pod,11909,4,0.0003
23,Amravati,Sourcing,1126,3,0.0027
23,Surat,Sourcing,10313,3,0.0003
23,Berhampur,Sourcing,1853,3,0.0016
23,Kollam,Sourcing,9969,4,0.0004
23,Panipat,Sourcing,3773,2,0.0005
23,Bilaspur,Pod,1296,1,0.0008
23,Tirunelveli,WH,6220,2,0.0003
23,Rajahmundry,WH,4106,2,0.0005
23,Noida,Pod,21701,221,0.0102
23,Kanchipuram,Pod,3293,29,0.0088
23,Siliguri,Pod,4147,25,0.006
23,Patna,Sourcing,22042,25,0.0011
23,Berhampur,Pod,1853,10,0.0054
23,Vadodara,CX,8507,15,0.0018
23,Anantapur,CX,3888,4,0.001
23,Jodhpur,CX,1747,13,0.0074
23,Nagpur,Pod,8826,12,0.0014
23,Davanagere,Sourcing,1700,4,0.0024
23,Kurnool,Sourcing,5352,4,0.0007
23,Mumbai,Sourcing,334156,2,0
23,Patna,Sourcing,22042,4,0.0002
23,Karur,Pod,2861,1,0.0004
23,Cuttack,Pod,4386,2,0.0005
23,Rajkot,WH,4508,2,0.0004
23,Bilaspur,Pod,1296,1,0.0008
23,Kurnool,CX,5352,22,0.0041
23,Amravati,Sourcing,1126,1,0.0009
23,Nagercoil,Sourcing,4006,2,0.0005
23,Ongole,WH,1399,1,0.0007
23,Tumakuru,Sourcing,3745,1,0.0003
23,Gurgaon,Sourcing,87686,77,0.0009
23,Ahmedabad,Sourcing,37830,13,0.0003
23,Bhopal,WH,8004,4,0.0005
23,Mumbai,Sourcing,334156,246,0.0007
23,Karnal,Pod,1101,17,0.0154
23,Bhimavaram,Pod,918,5,0.0054
23,Kolhapur,Sourcing,2135,2,0.0009
23,Ahmedabad,Pod,37830,14,0.0004
23,Karimnagar,Sourcing,3208,2,0.0006
23,Vadodara,WH,8507,6,0.0007
23,Allahabad,Pod,2029,2,0.001
23,Tirupur,Pod,6449,1,0.0002
23,Central Goa,WH,35857,4,0.0001
23,Siliguri,WH,4147,3,0.0007
23,Patiala,Sourcing,3885,1,0.0003
23,Gorakhpur,WH,2623,1,0.0004
23,Bhilai,Pod,1167,1,0.0009
23,Khammam,Pod,5433,28,0.0052
23,Berhampur,Pod,1853,1,0.0005
23,Bilaspur,WH,1296,1,0.0008
23,Noida,Pod,21701,15,0.0007
23,Thrissur,CX,23707,23,0.001
23,Kochi,WH,98686,5,0.0001
23,Mangaluru,Pod,20215,37,0.0018
23,Indore,CX,12693,50,0.0039
23,Lucknow,Pod,18588,18,0.001
23,Kollam,Sourcing,9969,5,0.0005
23,Rudrapur,Sourcing,1065,3,0.0028
23,Varanasi,Sourcing,8400,6,0.0007
23,Vapi,WH,4266,2,0.0005
23,Tirupur,Pod,6449,3,0.0005
23,Vizag,WH,19840,6,0.0003
23,Shivamogga,Pod,3112,1,0.0003
23,Thiruvallur,Pod,2412,1,0.0004
23,Jalandhar,Sourcing,2066,2,0.001
23,Khammam,Sourcing,5433,1,0.0002
23,Nizamabad,WH,1338,1,0.0007
23,Aurangabad,CX,3634,5,0.0014
23,Indore,Sourcing,12693,21,0.0017
23,Kanpur,Sourcing,4584,7,0.0015
23,Bathinda,CX,1191,1,0.0008
23,Patna,Pod,22042,233,0.0106
23,Tirupati,Pod,8480,66,0.0078
23,Udaipur,Sourcing,5110,8,0.0016
23,Lonavla,Pod,1212,13,0.0107
23,Manipal,Sourcing,7357,10,0.0014
23,Hyderabad,Pod,330331,96,0.0003
23,Muzaffarpur,Pod,1279,14,0.0109
23,Siliguri,WH,4147,5,0.0012
23,Tirupati,WH,8480,3,0.0004
23,Patiala,Pod,3885,8,0.0021
23,Thrissur,WH,23707,1,0
23,Trichy,Sourcing,9773,2,0.0002
23,Thoothukudi,Pod,5447,1,0.0002
23,Roorkee,Sourcing,1211,1,0.0008
23,Davanagere,Sourcing,1700,1,0.0006
23,Kollam,CX,9969,1,0.0001
23,Lucknow,Sourcing,18588,3,0.0002
23,Thiruvallur,WH,2412,1,0.0004
23,Hyderabad,Sourcing,330331,319,0.001
23,Jamshedpur,Pod,6803,74,0.0109
23,Coimbatore,WH,32683,8,0.0002
23,Rohtak,Sourcing,2726,5,0.0018
23,Vijayawada,Pod,17407,96,0.0055
23,Hyderabad,Sourcing,330331,194,0.0006
23,Warangal,CX,8494,32,0.0038
23,Madurai,WH,11909,8,0.0007
23,Kollam,Pod,9969,10,0.001
23,Nanded,Pod,845,5,0.0059
23,Tumakuru,Pod,3745,25,0.0067
23,Nagpur,Pod,8826,4,0.0005
23,Roorkee,Pod,1211,5,0.0041
23,Eluru,Sourcing,1192,2,0.0017
23,Lucknow,WH,18588,5,0.0003
23,Aligarh,Sourcing,2042,6,0.0029
23,Coimbatore,Sourcing,32683,12,0.0004
23,Ambala,Pod,1847,13,0.007
23,Kolkata,Pod,93608,41,0.0004
23,Manipal,WH,7357,3,0.0004
23,Nanded,CX,845,5,0.0059
23,Pune,Pod,161219,1406,0.0087
23,Central Goa,Pod,35857,257,0.0072
23,Ahmedabad,Sourcing,37830,25,0.0007
23,Noida,Sourcing,21701,40,0.0018
23,Kanchipuram,CX,3293,22,0.0067
23,Hyderabad,Pod,330331,2,0
23,Nagercoil,Pod,4006,8,0.002
23,Dibrugarh,CX,2358,12,0.0051
23,Kolhapur,Pod,2135,16,0.0075
23,Thoothukudi,WH,5447,4,0.0007
23,Raipur,Pod,5506,2,0.0004
23,Jabalpur,Sourcing,3252,3,0.0009
23,Khammam,WH,5433,2,0.0004
23,Nizamabad,Sourcing,1338,1,0.0007
23,Mathura,WH,1301,1,0.0008
23,Latur,CX,978,2,0.002
23,Kochi,Pod,98686,1,0
23,Salem,Pod,8453,11,0.0013
23,Ludhiana,Pod,8615,1,0.0001
23,Vijayawada,Pod,17407,3,0.0002
23,Kollam,WH,9969,1,0.0001
23,Tirupati,Pod,8480,2,0.0002
23,Rajahmundry,Sourcing,4106,2,0.0005
23,Bareilly,CX,1264,2,0.0016
23,Hyderabad,Pod,330331,3404,0.0103
23,Gurgaon,CX,87686,307,0.0035
23,Central Goa,CX,35857,91,0.0025
23,Delhi,WH,160603,71,0.0004
23,Guwahati,Sourcing,12798,17,0.0013
24,Allahabad,WH,2005,1,0.0005
24,Gurgaon,Pod,86851,1,0
24,Vizag,Sourcing,20273,32,0.0016
24,Gwalior,CX,4088,23,0.0056
24,Cuttack,Sourcing,4345,3,0.0007
24,Vellore,CX,7773,14,0.0018
24,Latur,CX,1022,7,0.0068
24,Salem,CX,8262,17,0.0021
24,Moradabad,WH,2236,2,0.0009
24,Vellore,Sourcing,7773,2,0.0003
24,Noida,CX,22293,54,0.0024
24,Cuttack,CX,4345,9,0.0021
24,Coimbatore,WH,32738,11,0.0003
24,Vadodara,WH,8654,9,0.001
24,Rohtak,Pod,2688,3,0.0011
24,Surat,Pod,10850,3,0.0003
24,Jaipur,Sourcing,29582,68,0.0023
24,Aurangabad,CX,3764,12,0.0032
24,Jaipur,CX,29582,120,0.0041
24,Muzaffarpur,Sourcing,1252,7,0.0056
24,Nizamabad,Pod,1336,5,0.0037
24,Indore,WH,12903,4,0.0003
24,Manipal,Sourcing,7247,1,0.0001
24,Silchar,WH,3981,3,0.0008
24,Mumbai,Sourcing,337458,278,0.0008
24,Bangalore,Pod,631148,1324,0.0021
24,Vizag,CX,20273,61,0.003
24,Nanded,Sourcing,885,1,0.0011
24,Noida,Sourcing,22293,28,0.0013
24,Aurangabad,Sourcing,3764,3,0.0008
24,Vizag,Pod,20273,15,0.0007
24,Warangal,Pod,8329,5,0.0006
24,Thiruvalla,CX,4466,5,0.0011
24,Aligarh,Sourcing,1779,4,0.0022
24,Kochi,Sourcing,94775,72,0.0008
24,Rajkot,Pod,5086,33,0.0065
24,Rohtak,Pod,2688,38,0.0141
24,Amritsar,Sourcing,3220,5,0.0016
24,Vizianagaram,Pod,1148,8,0.007
24,Warangal,WH,8329,8,0.001
24,Ongole,Pod,1542,3,0.0019
24,Nagpur,WH,9148,12,0.0013
24,Thiruvananthapuram,Pod,47272,15,0.0003
24,Thrissur,CX,23307,15,0.0006
24,Ahmedabad,WH,38942,11,0.0003
24,Meerut,Pod,3870,2,0.0005
24,Ongole,Sourcing,1542,2,0.0013
24,Siliguri,WH,4169,1,0.0002
24,Kurnool,Pod,5188,44,0.0085
24,Central Goa,CX,34192,67,0.002
24,Kakinada,Sourcing,3355,2,0.0006
24,Lonavla,Sourcing,748,1,0.0013
24,Rajahmundry,Sourcing,4198,1,0.0002
24,Ujjain,Pod,2153,25,0.0116
24,Moradabad,Sourcing,2236,3,0.0013
24,Warangal,Pod,8329,1,0.0001
24,Bilaspur,WH,1337,1,0.0007
24,Kolkata,Pod,89938,208,0.0023
24,Kozhikode,CX,15707,16,0.001
24,Trichy,WH,9902,8,0.0008
24,Surat,WH,10850,7,0.0006
24,Amritsar,Sourcing,3220,2,0.0006
24,Kanpur,Sourcing,4508,1,0.0002
24,Thanjavur,Sourcing,6046,1,0.0002
24,Guwahati,Pod,10979,7,0.0006
24,Allahabad,CX,2005,5,0.0025
24,Mathura,Sourcing,1692,2,0.0012
24,Jodhpur,Sourcing,1739,1,0.0006
24,Bikaner,Pod,1143,1,0.0009
24,Jabalpur,CX,3333,13,0.0039
24,Mysore,Sourcing,20485,10,0.0005
24,Kozhikode,Sourcing,15707,4,0.0003
24,Trichy,Sourcing,9902,4,0.0004
24,Vizianagaram,WH,1148,1,0.0009
24,Shivamogga,WH,2991,1,0.0003
24,Delhi,Pod,159903,96,0.0006
24,Khammam,Sourcing,5334,9,0.0017
24,Nashik,CX,7523,18,0.0024
24,Guntur,Pod,10473,4,0.0004
24,Latur,Pod,1022,2,0.002
24,Rajahmundry,Pod,4198,1,0.0002
24,Gwalior,Sourcing,4088,1,0.0002
24,Tirupur,Sourcing,6612,1,0.0002
24,Meerut,Pod,3870,23,0.0059
24,Jaipur,Sourcing,29582,34,0.0011
24,Anantapur,Sourcing,3862,1,0.0003
24,Ujjain,Pod,2153,1,0.0005
24,Vellore,Pod,7773,35,0.0045
24,Patna,Pod,20650,237,0.0115
24,Sri Ganganagar,Sourcing,2126,2,0.0009
24,Kanchipuram,WH,3245,1,0.0003
24,Mangaluru,CX,20649,42,0.002
24,Mysore,CX,20485,41,0.002
24,Mysore,Pod,20485,24,0.0012
24,Vadodara,Sourcing,8654,2,0.0002
24,Jodhpur,Pod,1739,28,0.0161
24,Lucknow,Sourcing,20096,8,0.0004
24,Karur,Sourcing,2922,2,0.0007
24,Kurnool,CX,5188,17,0.0033
24,Thoothukudi,Sourcing,5131,4,0.0008
24,Tirupati,WH,10015,11,0.0011
24,Gwalior,Pod,4088,3,0.0007
24,Guntur,WH,10473,4,0.0004
24,Ongole,CX,1542,7,0.0045
24,Karur,WH,2922,3,0.001
24,Dindigul,Sourcing,628,1,0.0016
24,Rajkot,Pod,5086,4,0.0008
24,Karaikkudi,Sourcing,2553,1,0.0004
24,Eluru,WH,1236,1,0.0008
24,Madurai,Sourcing,11661,13,0.0011
24,Aurangabad,WH,3764,2,0.0005
24,Madurai,Pod,11661,4,0.0003
24,Nellore,Sourcing,5881,3,0.0005
24,Roorkee,Sourcing,1217,2,0.0016
24,Patiala,Sourcing,3984,2,0.0005
24,Aligarh,WH,1779,2,0.0011
24,Patiala,WH,3984,1,0.0003
24,Pune,Sourcing,153238,81,0.0005
24,Faridabad,CX,10586,37,0.0035
24,Dibrugarh,CX,2421,10,0.0041
24,Trichy,Sourcing,9902,14,0.0014
24,Thiruvananthapuram,WH,47272,7,0.0001
24,Vadodara,Pod,8654,66,0.0076
24,Kolhapur,Sourcing,1982,3,0.0015
24,Karnal,Sourcing,975,2,0.0021
24,Agra,Pod,2645,31,0.0117
24,Vadodara,Sourcing,8654,17,0.002
24,Vadodara,Pod,8654,6,0.0007
24,Meerut,Sourcing,3870,5,0.0013
24,Ujjain,Sourcing,2153,2,0.0009
24,Delhi,WH,159903,81,0.0005
24,Mangaluru,Pod,20649,29,0.0014
24,Palakkad,Sourcing,4861,1,0.0002
24,Coimbatore,WH,32738,29,0.0009
24,Latur,Pod,1022,10,0.0098
24,Anantapur,Pod,3862,2,0.0005
24,Aligarh,Pod,1779,2,0.0011
24,Kolhapur,Sourcing,1982,5,0.0025
24,Manipal,Pod,7247,2,0.0003
24,Hubli,CX,2607,2,0.0008
24,Bangalore,Pod,631148,2,0
24,Hyderabad,Sourcing,329019,447,0.0014
24,Karnal,Pod,975,13,0.0133
24,Thanjavur,CX,6046,12,0.002
24,Lucknow,Sourcing,20096,6,0.0003
24,Lucknow,Sourcing,20096,8,0.0004
24,Rajkot,Sourcing,5086,7,0.0014
24,Amritsar,Sourcing,3220,2,0.0006
24,Kottayam,Sourcing,5881,2,0.0003
24,Trichy,Sourcing,9902,1,0.0001
24,Guwahati,Sourcing,10979,7,0.0006
24,Guntur,Sourcing,10473,7,0.0007
24,Rudrapur,WH,1031,1,0.001
24,Trichy,Pod,9902,1,0.0001
24,Ongole,Pod,1542,17,0.011
24,Faridabad,WH,10586,5,0.0005
24,Mumbai,Sourcing,337458,399,0.0012
24,Panipat,Sourcing,2926,2,0.0007
24,Lonavla,Pod,748,6,0.008
24,Madurai,WH,11661,2,0.0002
24,Kochi,Sourcing,94775,2,0
24,Jaipur,Sourcing,29582,23,0.0008
24,Varanasi,CX,8839,15,0.0017
24,Saharanpur,Pod,699,13,0.0186
24,Bhilai,Sourcing,1384,1,0.0007
24,Hyderabad,Pod,329019,3074,0.0093
24,Madurai,CX,11661,37,0.0032
24,Patna,Pod,20650,37,0.0018
24,Kozhikode,Pod,15707,21,0.0013
24,Bathinda,Pod,1184,1,0.0008
24,Dehradun,Sourcing,12607,21,0.0017
24,Coimbatore,Sourcing,32738,43,0.0013
24,Ujjain,Sourcing,2153,5,0.0023
24,Delhi,Pod,159903,30,0.0002
24,Ranchi,CX,9487,46,0.0048
24,Chennai,Sourcing,262254,278,0.0011
24,Gurgaon,WH,86851,47,0.0005
24,Surat,CX,10850,16,0.0015
24,Varanasi,Sourcing,8839,5,0.0006
24,Jamshedpur,WH,7127,11,0.0015
24,Coimbatore,Pod,32738,12,0.0004
24,Khammam,WH,5334,2,0.0004
24,Kottayam,Pod,5881,2,0.0003
24,Erode,Pod,4251,30,0.0071
24,Gurgaon,Sourcing,86851,119,0.0014
24,Gwalior,Pod,4088,35,0.0086
24,Kolkata,WH,89938,41,0.0005
24,Trichy,Pod,9902,10,0.001
24,Ongole,WH,1542,2,0.0013
24,Tirupur,Pod,6612,2,0.0003
24,Raipur,Pod,6409,2,0.0003
24,Jamshedpur,Pod,7127,114,0.016
24,Rajkot,WH,5086,5,0.001
24,Kakinada,CX,3355,4,0.0012
24,Jodhpur,WH,1739,1,0.0006
24,Nagercoil,WH,4137,1,0.0002
24,Mathura,Sourcing,1692,1,0.0006
24,Thanjavur,Sourcing,6046,2,0.0003
24,Jalandhar,Sourcing,2289,1,0.0004
24,Nanded,Pod,885,1,0.0011
24,Coimbatore,Pod,32738,294,0.009
24,Karimnagar,CX,3103,13,0.0042
24,Muzaffarpur,CX,1252,12,0.0096
24,Mysore,Pod,20485,123,0.006
24,Manipal,CX,7247,23,0.0032
24,Noida 1,WH,57949,33,0.0006
24,Gurgaon,Pod,86851,21,0.0002
24,Kanpur,Pod,4508,28,0.0062
24,Kollam,Pod,9715,12,0.0012
24,Nellore,WH,5881,10,0.0017
24,Ludhiana,WH,9340,4,0.0004
24,Siliguri,CX,4169,15,0.0036
24,Ajmer,Sourcing,2056,10,0.0049
24,Rajahmundry,Sourcing,4198,2,0.0005
24,Vadodara,Pod,8654,2,0.0002
24,Moradabad,Sourcing,2236,5,0.0022
24,Kozhikode,Sourcing,15707,4,0.0003
24,Cuttack,Sourcing,4345,2,0.0005
24,Lucknow,Pod,20096,1,0.0001
24,Bilaspur,Sourcing,1337,1,0.0007
24,Amritsar,Pod,3220,2,0.0006
24,Patiala,WH,3984,1,0.0003
24,Siliguri,WH,4169,1,0.0002
24,Patiala,Sourcing,3984,2,0.0005
24,Pondicherry,Pod,11644,1,0.0001
24,Sonipat,Sourcing,1080,1,0.0009
24,Agra,Sourcing,2645,1,0.0004
24,Tirunelveli,CX,6071,19,0.0031
24,Nashik,Pod,7523,66,0.0088
24,Gurgaon,WH,86851,40,0.0005
24,Sonipat,Pod,1080,9,0.0083
24,Kochi,Pod,94775,20,0.0002
24,Ludhiana,Pod,9340,7,0.0007
24,Vijayawada,CX,17796,34,0.0019
24,Vadodara,Sourcing,8654,4,0.0005
24,Karimnagar,Pod,3103,15,0.0048
24,Manipal,Sourcing,7247,3,0.0004
24,Mysore,Sourcing,20485,4,0.0002
24,Bhubaneswar,Sourcing,35078,12,0.0003
24,Ambala,CX,2091,8,0.0038
24,Gwalior,Sourcing,4088,12,0.0029
24,Eluru,CX,1236,5,0.004
24,Thiruvallur,Sourcing,2291,4,0.0017
24,Berhampur,WH,1926,2,0.001
24,Varanasi,WH,8839,2,0.0002
24,Karnal,Sourcing,975,2,0.0021
24,Silchar,Sourcing,3981,1,0.0003
24,Davanagere,Sourcing,1592,2,0.0013
24,Panipat,Pod,2926,1,0.0003
24,Cuttack,Pod,4345,2,0.0005
24,Kakinada,Pod,3355,2,0.0006
24,Bhilai,Sourcing,1384,1,0.0007
24,Ajmer,WH,2056,2,0.001
24,Pondicherry,Sourcing,11644,2,0.0002
24,Karaikkudi,Sourcing,2553,1,0.0004
24,Tirunelveli,Pod,6071,35,0.0058
24,Vijayawada,Pod,17796,129,0.0072
24,Mumbai,WH,337458,155,0.0005
24,Thrissur,Pod,23307,104,0.0045
24,Dibrugarh,Pod,2421,30,0.0124
24,Thiruvananthapuram,Sourcing,47272,23,0.0005
24,Thanjavur,WH,6046,5,0.0008
24,Lucknow,Pod,20096,11,0.0005
24,Dehradun,Sourcing,12607,9,0.0007
24,Udaipur,Pod,5482,3,0.0005
24,Guwahati,WH,10979,8,0.0007
24,Vizag,WH,20273,16,0.0008
24,Khammam,Pod,5334,2,0.0004
24,Ranchi,Pod,9487,1,0.0001
24,Kanpur,WH,4508,1,0.0002
24,Bhilai,Pod,1384,3,0.0022
24,Bhubaneswar,Sourcing,35078,29,0.0008
24,Chennai,Sourcing,262254,137,0.0005
24,Mangaluru,Sourcing,20649,24,0.0012
24,Jamshedpur,Sourcing,7127,8,0.0011
24,Kolkata,Sourcing,89938,55,0.0006
24,Guwahati,Pod,10979,129,0.0118
24,Nashik,Sourcing,7523,7,0.0009
24,Nanded,Sourcing,885,5,0.0057
24,Udaipur,Sourcing,5482,5,0.0009
24,Coimbatore,Sourcing,32738,4,0.0001
24,Alappuzha,Sourcing,4138,4,0.001
24,Kakinada,WH,3355,2,0.0006
24,Chandigarh,Pod,34434,17,0.0005
24,Trichy,WH,9902,2,0.0002
24,Kannur,CX,1960,2,0.001
24,Kolhapur,Pod,1982,1,0.0005
24,Raipur,Pod,6409,3,0.0005
24,Amravati,WH,1346,1,0.0007
24,Eluru,WH,1236,1,0.0008
24,Varanasi,Pod,8839,1,0.0001
24,Hyderabad,Pod,329019,2,0
24,Tirupur,Pod,6612,1,0.0002
24,Tumakuru,Sourcing,3619,2,0.0006
24,Bangalore,Sourcing,631148,891,0.0014
24,Delhi,Sourcing,159903,176,0.0011
24,Noida 1,Pod,57949,118,0.002
24,Delhi,Sourcing,159903,211,0.0013
24,Chandigarh,WH,34434,21,0.0006
24,Rajahmundry,CX,4198,9,0.0021
24,Thiruvananthapuram,Sourcing,47272,4,0.0001
24,Kozhikode,WH,15707,8,0.0005
24,Vijayawada,WH,17796,21,0.0012
24,Tirunelveli,Sourcing,6071,4,0.0007
24,Vellore,Pod,7773,4,0.0005
24,Kochi,Pod,94775,24,0.0003
24,Thiruvallur,Sourcing,2291,2,0.0009
24,Agra,Sourcing,2645,3,0.0011
24,Kanpur,Sourcing,4508,2,0.0004
24,Chennai,Pod,262254,1,0
24,Karnal,WH,975,2,0.0021
24,Kota,Sourcing,2453,2,0.0008
24,Ajmer,Sourcing,2056,1,0.0005
24,Thiruvananthapuram,Pod,47272,215,0.0045
24,Kochi,Sourcing,94775,25,0.0003
24,Guntur,Pod,10473,59,0.0056
24,Pune,WH,153238,47,0.0003
24,Thiruvalla,Pod,4466,13,0.0029
24,Thiruvananthapuram,Pod,47272,23,0.0005
24,Nagpur,Pod,9148,40,0.0044
24,Mathura,Pod,1692,19,0.0112
24,Nashik,Sourcing,7523,9,0.0012
24,Siliguri,Sourcing,4169,6,0.0014
24,Rajkot,WH,5086,4,0.0008
24,Allahabad,Sourcing,2005,6,0.003
24,Tirupati,Pod,10015,3,0.0003
24,Faridabad,Pod,10586,8,0.0008
24,Muzaffarpur,Pod,1252,23,0.0184
24,Kollam,Sourcing,9715,5,0.0005
24,Manipal,WH,7247,5,0.0007
24,Panipat,WH,2926,2,0.0007
24,Dibrugarh,Sourcing,2421,1,0.0004
24,Ajmer,WH,2056,3,0.0015
24,Mathura,WH,1692,1,0.0006
24,Central Goa,Sourcing,34192,1,0
24,Aurangabad,Sourcing,3764,1,0.0003
24,Rudrapur,Sourcing,1031,2,0.0019
24,Kanchipuram,Pod,3245,1,0.0003
24,Hyderabad,Sourcing,329019,244,0.0007
24,Warangal,Pod,8329,85,0.0102
24,Mumbai,Pod,337458,133,0.0004
24,Nashik,WH,7523,13,0.0017
24,Trichy,Pod,9902,75,0.0076
24,Guntur,CX,10473,26,0.0025
24,Noida,Sourcing,22293,3,0.0001
24,Jaipur,WH,29582,15,0.0005
24,Madurai,Pod,11661,19,0.0016
24,Ludhiana,Sourcing,9340,8,0.0009
24,Patiala,CX,3984,8,0.002
24,Vapi,Sourcing,4261,4,0.0009
24,Nashik,WH,7523,6,0.0008
24,Mangaluru,Sourcing,20649,7,0.0003
24,Bilaspur,Sourcing,1337,3,0.0022
24,Allahabad,Pod,2005,1,0.0005
24,Ahmedabad,Pod,38942,26,0.0007
24,Dibrugarh,WH,2421,1,0.0004
24,Jabalpur,Pod,3333,1,0.0003
24,Tirupati,Sourcing,10015,1,0.0001
24,Ambala,WH,2091,1,0.0005
24,Rudrapur,CX,1031,1,0.001
24,Chennai,WH,262254,108,0.0004
24,Lucknow,Pod,20096,80,0.004
24,Pondicherry,Pod,11644,101,0.0087
24,Karnal,CX,975,4,0.0041
24,Surat,WH,10850,8,0.0007
24,Kota,Pod,2453,7,0.0029
24,Chennai,Pod,262254,25,0.0001
24,Belgaum,Pod,3199,2,0.0006
24,Bhilai,WH,1384,3,0.0022
24,Kanchipuram,Sourcing,3245,1,0.0003
24,Muzaffarpur,Sourcing,1252,1,0.0008
24,Muzaffarpur,WH,1252,1,0.0008
24,Thanjavur,WH,6046,1,0.0002
24,Erode,Pod,4251,1,0.0002
24,Salem,Sourcing,8262,2,0.0002
24,Delhi,Sourcing,159903,177,0.0011
24,Trichy,CX,9902,21,0.0021
24,Pondicherry,CX,11644,38,0.0033
24,Thiruvananthapuram,Sourcing,47272,25,0.0005
24,Varanasi,Pod,8839,45,0.0051
24,Kochi,WH,94775,9,0.0001
24,Warangal,Sourcing,8329,13,0.0016
24,Thrissur,Sourcing,23307,13,0.0006
24,Vijayawada,Pod,17796,7,0.0004
24,Thiruvallur,CX,2291,8,0.0035
24,Indore,WH,12903,3,0.0002
24,Bilaspur,CX,1337,4,0.003
24,Thiruvallur,WH,2291,5,0.0022
24,Kakinada,Pod,3355,2,0.0006
24,Anand,Sourcing,937,5,0.0053
24,Berhampur,CX,1926,6,0.0031
24,Jodhpur,Pod,1739,1,0.0006
24,Eluru,Pod,1236,1,0.0008
24,Gorakhpur,WH,2579,1,0.0004
24,Thrissur,Sourcing,23307,1,0
24,Hubli,Pod,2607,1,0.0004
24,Bareilly,WH,1219,1,0.0008
24,Gurgaon,Pod,86851,931,0.0107
24,Chennai,CX,262254,824,0.0031
24,Pune,WH,153238,37,0.0002
24,Ahmedabad,Pod,38942,351,0.009
24,Delhi,CX,159903,458,0.0029
24,Erode,Sourcing,4251,3,0.0007
24,Dehradun,CX,12607,62,0.0049
24,Noida 1,CX,57949,155,0.0027
24,Guntur,WH,10473,9,0.0009
24,Chandigarh,WH,34434,9,0.0003
24,Ranchi,Sourcing,9487,7,0.0007
24,Saharanpur,CX,699,8,0.0114
24,Rohtak,Sourcing,2688,5,0.0019
24,Khammam,Sourcing,5334,2,0.0004
24,Palakkad,Pod,4861,5,0.001
24,Moradabad,CX,2236,12,0.0054
24,Amritsar,WH,3220,2,0.0006
24,Thrissur,Sourcing,23307,1,0
24,Lonavla,CX,748,1,0.0013
24,Kottayam,Pod,5881,2,0.0003
24,Ranchi,Pod,9487,1,0.0001
24,Dehradun,Pod,12607,10,0.0008
24,Manipal,Sourcing,7247,1,0.0001
24,Mangaluru,Sourcing,20649,2,0.0001
24,Anand,WH,937,1,0.0011
24,Chennai,Sourcing,262254,137,0.0005
24,Bangalore,WH,631148,305,0.0005
24,Jabalpur,Pod,3333,24,0.0072
24,Chandigarh,CX,34434,150,0.0044
24,Surat,Pod,10850,57,0.0053
24,Erode,WH,4251,4,0.0009
24,Manipal,Sourcing,7247,5,0.0007
24,Panipat,CX,2926,6,0.0021
24,Silchar,Pod,3981,5,0.0013
24,Bikaner,Sourcing,1143,4,0.0035
24,Lucknow,WH,20096,6,0.0003
24,Guntur,Pod,10473,2,0.0002
24,Kakinada,WH,3355,2,0.0006
24,Bilaspur,Pod,1337,1,0.0007
24,Amravati,Sourcing,1346,1,0.0007
24,Cuttack,WH,4345,1,0.0002
24,Siliguri,Sourcing,4169,1,0.0002
24,Kanchipuram,WH,3245,2,0.0006
24,Berhampur,Sourcing,1926,1,0.0005
24,Vizianagaram,WH,1148,2,0.0017
24,Kolkata,CX,89938,224,0.0025
24,Rajahmundry,Pod,4198,17,0.0041
24,Mysore,Pod,20485,8,0.0004
24,Mysore,Sourcing,20485,20,0.001
24,Rohtak,CX,2688,12,0.0045
24,Nagercoil,CX,4137,2,0.0005
24,Dehradun,Pod,12607,3,0.0002
24,Bhilai,Sourcing,1384,4,0.0029
24,Vellore,WH,7773,2,0.0003
24,Jabalpur,Sourcing,3333,2,0.0006
24,Thoothukudi,Sourcing,5131,1,0.0002
24,Kota,Sourcing,2453,1,0.0004
24,Indore,Sourcing,12903,2,0.0002
24,Thiruvalla,Sourcing,4466,1,0.0002
24,Khammam,Sourcing,5334,1,0.0002
24,Nagercoil,Sourcing,4137,1,0.0002
24,Tumakuru,Pod,3619,2,0.0006
24,Kottayam,Sourcing,5881,1,0.0002
24,Chennai,Pod,262254,2651,0.0101
24,Noida 1,Pod,57949,556,0.0096
24,Kolkata,Sourcing,89938,78,0.0009
24,Bilaspur,Pod,1337,9,0.0067
24,Raipur,CX,6409,41,0.0064
24,Kanpur,Sourcing,4508,5,0.0011
24,Tirupati,CX,10015,24,0.0024
24,Nagpur,Sourcing,9148,6,0.0007
24,Indore,Sourcing,12903,14,0.0011
24,Varanasi,Pod,8839,2,0.0002
24,Patiala,Pod,3984,2,0.0005
24,Surat,Pod,10850,6,0.0006
24,Tumakuru,CX,3619,7,0.0019
24,Karur,CX,2922,5,0.0017
24,Sri Ganganagar,Sourcing,2126,2,0.0009
24,Mangaluru,WH,20649,6,0.0003
24,Vizianagaram,CX,1148,6,0.0052
24,Khammam,WH,5334,5,0.0009
24,Thoothukudi,Sourcing,5131,1,0.0002
24,Kurnool,WH,5188,1,0.0002
24,Kurnool,Sourcing,5188,1,0.0002
24,Bikaner,Pod,1143,2,0.0018
24,Jabalpur,Sourcing,3333,4,0.0012
24,Anantapur,Sourcing,3862,1,0.0003
24,Bangalore,Pod,631148,4745,0.0075
24,Chandigarh,Pod,34434,340,0.0099
24,Roorkee,Pod,1217,19,0.0156
24,Nellore,CX,5881,13,0.0022
24,Rajkot,CX,5086,14,0.0028
24,Chandigarh,Pod,34434,15,0.0004
24,Kolkata,Sourcing,89938,7,0.0001
24,Patna,WH,20650,5,0.0002
24,Gorakhpur,Sourcing,2579,10,0.0039
24,Kanchipuram,Pod,3245,22,0.0068
24,Cuttack,Pod,4345,16,0.0037
24,Ambala,Pod,2091,13,0.0062
24,Bhopal,Pod,7087,4,0.0006
24,Guwahati,Sourcing,10979,3,0.0003
24,Varanasi,Sourcing,8839,10,0.0011
24,Bareilly,CX,1219,3,0.0025
24,Vizag,Pod,20273,11,0.0005
24,Central Goa,WH,34192,7,0.0002
24,Lucknow,WH,20096,3,0.0001
24,Shivamogga,WH,2991,3,0.001
24,Anantapur,WH,3862,1,0.0003
24,Delhi,Pod,159903,1,0
24,Tumakuru,Sourcing,3619,1,0.0003
24,Shivamogga,Sourcing,2991,2,0.0007
24,Amravati,Sourcing,1346,2,0.0015
24,Nizamabad,Sourcing,1336,1,0.0007
24,Central Goa,Pod,34192,11,0.0003
24,Thanjavur,Pod,6046,1,0.0002
24,Kottayam,CX,5881,2,0.0003
24,Faridabad,Sourcing,10586,1,0.0001
24,Ambala,Sourcing,2091,1,0.0005
24,Hyderabad,CX,329019,1238,0.0038
24,Warangal,CX,8329,25,0.003
24,Gurgaon,Sourcing,86851,70,0.0008
24,Raipur,Sourcing,6409,11,0.0017
24,Chennai,Pod,262254,81,0.0003
24,Faridabad,Pod,10586,121,0.0114
24,Jodhpur,CX,1739,19,0.0109
24,Allahabad,Pod,2005,13,0.0065
24,Meerut,Sourcing,3870,4,0.001
24,Roorkee,Sourcing,1217,3,0.0025
24,Central Goa,WH,34192,5,0.0001
24,Salem,WH,8262,9,0.0011
24,Bhilai,CX,1384,7,0.0051
24,Silchar,WH,3981,2,0.0005
24,Vizag,Sourcing,20273,14,0.0007
24,Bhopal,WH,7087,4,0.0006
24,Raipur,Sourcing,6409,5,0.0008
24,Lonavla,Pod,748,1,0.0013
24,Ambala,Sourcing,2091,1,0.0005
24,Dibrugarh,Pod,2421,1,0.0004
24,Alappuzha,WH,4138,1,0.0002
24,Manipal,WH,7247,2,0.0003
24,Faridabad,Pod,10586,6,0.0006
24,Rajkot,Sourcing,5086,1,0.0002
24,Bhopal,Sourcing,7087,2,0.0003
24,Rajahmundry,WH,4198,1,0.0002
24,Kanpur,Pod,4508,1,0.0002
24,Erode,WH,4251,1,0.0002
24,Karimnagar,Sourcing,3103,1,0.0003
24,Mumbai,CX,337458,958,0.0028
24,Kota,Pod,2453,31,0.0126
24,Mathura,CX,1692,9,0.0053
24,Dehradun,Pod,12607,114,0.009
24,Kochi,CX,94775,108,0.0011
24,Thiruvananthapuram,CX,47272,50,0.0011
24,Tirupur,CX,6612,13,0.002
24,Ahmedabad,Sourcing,38942,17,0.0004
24,Nagpur,WH,9148,7,0.0008
24,Amravati,Pod,1346,9,0.0067
24,Anantapur,WH,3862,4,0.001
24,Eluru,Pod,1236,8,0.0065
24,Raipur,WH,6409,4,0.0006
24,Thrissur,WH,23307,2,0.0001
24,Nellore,WH,5881,1,0.0002
24,Salem,Pod,8262,2,0.0002
24,Latur,Sourcing,1022,1,0.001
24,Davanagere,WH,1592,1,0.0006
24,Thiruvalla,WH,4466,1,0.0002
24,Chennai,WH,262254,246,0.0009
24,Mumbai,WH,337458,193,0.0006
24,Nagpur,Sourcing,9148,5,0.0005
24,Pune,Sourcing,153238,5,0
24,Pune,Pod,153238,82,0.0005
24,Tirupur,WH,6612,11,0.0017
24,Thanjavur,Pod,6046,31,0.0051
24,Kanpur,Sourcing,4508,8,0.0018
24,Kollam,CX,9715,3,0.0003
24,Rohtak,Sourcing,2688,3,0.0011
24,Pondicherry,Sourcing,11644,11,0.0009
24,Ujjain,WH,2153,3,0.0014
24,Nagercoil,Pod,4137,7,0.0017
24,Faridabad,Sourcing,10586,10,0.0009
24,Ranchi,Sourcing,9487,3,0.0003
24,Tirupati,Pod,10015,7,0.0007
24,Hubli,WH,2607,2,0.0008
24,Vapi,Pod,4261,2,0.0005
24,Mumbai,Sourcing,337458,8,0
24,Madurai,Sourcing,11661,1,0.0001
24,Ongole,Sourcing,1542,1,0.0006
24,Kollam,WH,9715,1,0.0001
24,Jalandhar,Sourcing,2289,1,0.0004
24,Silchar,Sourcing,3981,2,0.0005
24,Ludhiana,Sourcing,9340,3,0.0003
24,Bangalore,Sourcing,631148,337,0.0005
24,Khammam,CX,5334,24,0.0045
24,Dehradun,Sourcing,12607,14,0.0011
24,Nagpur,CX,9148,31,0.0034
24,Ranchi,Sourcing,9487,5,0.0005
24,Bhilai,Pod,1384,17,0.0123
24,Raipur,WH,6409,14,0.0022
24,Bhimavaram,Pod,949,13,0.0137
24,Mysore,Sourcing,20485,3,0.0001
24,Warangal,Sourcing,8329,2,0.0002
24,Aurangabad,WH,3764,2,0.0005
24,Kollam,Pod,9715,2,0.0002
24,Amravati,Sourcing,1346,1,0.0007
24,Kollam,Sourcing,9715,1,0.0001
24,Meerut,Sourcing,3870,2,0.0005
24,Alappuzha,Pod,4138,1,0.0002
24,Kozhikode,Pod,15707,67,0.0043
24,Guntur,Sourcing,10473,11,0.0011
24,Thrissur,Pod,23307,4,0.0002
24,Allahabad,Sourcing,2005,5,0.0025
24,Nanded,Pod,885,7,0.0079
24,Karimnagar,Sourcing,3103,5,0.0016
24,Ludhiana,Sourcing,9340,6,0.0006
24,Thrissur,WH,23307,5,0.0002
24,Alappuzha,Pod,4138,10,0.0024
24,Kolhapur,Pod,1982,2,0.001
24,Belgaum,CX,3199,2,0.0006
24,Kurnool,Sourcing,5188,2,0.0004
24,Sri Ganganagar,Sourcing,2126,4,0.0019
24,Indore,Pod,12903,3,0.0002
24,Jamshedpur,Pod,7127,4,0.0006
24,Kollam,WH,9715,1,0.0001
24,Karimnagar,Sourcing,3103,1,0.0003
24,Nagpur,Sourcing,9148,2,0.0002
24,Thrissur,Pod,23307,4,0.0002
24,Mangaluru,Pod,20649,122,0.0059
24,Ajmer,Pod,2056,21,0.0102
24,Kolkata,Sourcing,89938,93,0.001
24,Bhubaneswar,Pod,35078,13,0.0004
24,Indore,Sourcing,12903,29,0.0022
24,Tirupati,Pod,10015,73,0.0073
24,Guntur,Sourcing,10473,10,0.001
24,Surat,Sourcing,10850,10,0.0009
24,Central Goa,Pod,34192,21,0.0006
24,Noida,Pod,22293,5,0.0002
24,Warangal,Pod,8329,3,0.0004
24,Karaikkudi,CX,2553,5,0.002
24,Tirunelveli,Pod,6071,3,0.0005
24,Anand,Pod,937,10,0.0107
24,Warangal,WH,8329,10,0.0012
24,Aligarh,CX,1779,5,0.0028
24,Davanagere,Pod,1592,7,0.0044
24,Indore,Pod,12903,6,0.0005
24,Nagpur,Pod,9148,7,0.0008
24,Coimbatore,Sourcing,32738,1,0
24,Thoothukudi,Pod,5131,3,0.0006
24,Ajmer,Sourcing,2056,3,0.0015
24,Kanpur,CX,4508,4,0.0009
24,Berhampur,Pod,1926,1,0.0005
24,Kolkata,Pod,89938,707,0.0079
24,Gurgaon,Sourcing,86851,127,0.0015
24,Jaipur,Pod,29582,218,0.0074
24,Bangalore,WH,631148,239,0.0004
24,Ludhiana,Sourcing,9340,12,0.0013
24,Kannur,Pod,1960,10,0.0051
24,Kakinada,Pod,3355,33,0.0098
24,Manipal,Pod,7247,13,0.0018
24,Pondicherry,Pod,11644,8,0.0007
24,Nashik,Sourcing,7523,5,0.0007
24,Kurnool,Sourcing,5188,2,0.0004
24,Nanded,CX,885,5,0.0057
24,Gorakhpur,Sourcing,2579,5,0.0019
24,Gorakhpur,CX,2579,5,0.0019
24,Nagercoil,Pod,4137,2,0.0005
24,Gurgaon,Pod,86851,18,0.0002
24,Rohtak,Sourcing,2688,2,0.0007
24,Tirupati,Sourcing,10015,12,0.0012
24,Dehradun,WH,12607,6,0.0005
24,Muzaffarpur,WH,1252,2,0.0016
24,Tirupur,Sourcing,6612,1,0.0002
24,Kurnool,Pod,5188,5,0.001
24,Karaikkudi,WH,2553,2,0.0008
24,Dehradun,WH,12607,1,0.0001
24,Hyderabad,WH,329019,131,0.0004
24,Karaikkudi,Pod,2553,13,0.0051
24,Indore,Pod,12903,86,0.0067
24,Coimbatore,CX,32738,87,0.0027
24,Siliguri,Pod,4169,43,0.0103
24,Salem,Pod,8262,44,0.0053
24,Gorakhpur,Pod,2579,7,0.0027
24,Vellore,Sourcing,7773,4,0.0005
24,Bhopal,Sourcing,7087,12,0.0017
24,Patna,Sourcing,20650,8,0.0004
24,Kollam,Sourcing,9715,5,0.0005
24,Nellore,Sourcing,5881,2,0.0003
24,Jodhpur,Sourcing,1739,2,0.0012
24,Faridabad,Sourcing,10586,17,0.0016
24,Mangaluru,WH,20649,6,0.0003
24,Bikaner,CX,1143,10,0.0087
24,Bhopal,WH,7087,2,0.0003
24,Karimnagar,Pod,3103,1,0.0003
24,Sonipat,WH,1080,2,0.0019
24,Kottayam,WH,5881,2,0.0003
24,Tirupur,Sourcing,6612,2,0.0003
24,Gwalior,WH,4088,1,0.0002
24,Ranchi,Pod,9487,78,0.0082
24,Manipal,Pod,7247,53,0.0073
24,Panipat,Pod,2926,40,0.0137
24,Tumakuru,Pod,3619,27,0.0075
24,Ahmedabad,CX,38942,115,0.003
24,Aurangabad,Pod,3764,34,0.009
24,Mumbai,Pod,337458,183,0.0005
24,Saharanpur,Sourcing,699,2,0.0029
24,Hubli,Pod,2607,11,0.0042
24,Thiruvallur,Pod,2291,25,0.0109
24,Coimbatore,Sourcing,32738,18,0.0006
24,Salem,Sourcing,8262,4,0.0005
24,Pondicherry,Sourcing,11644,4,0.0003
24,Aurangabad,Pod,3764,2,0.0005
24,Muzaffarpur,Pod,1252,5,0.004
24,Aurangabad,Sourcing,3764,6,0.0016
24,Jamshedpur,Sourcing,7127,7,0.001
24,Kurnool,WH,5188,3,0.0006
24,Tirupati,Sourcing,10015,3,0.0003
24,Muzaffarpur,Sourcing,1252,2,0.0016
24,Bareilly,Sourcing,1219,3,0.0025
24,Bathinda,Sourcing,1184,1,0.0008
24,Kottayam,Sourcing,5881,1,0.0002
24,Bilaspur,Sourcing,1337,2,0.0015
24,Rajkot,Sourcing,5086,3,0.0006
24,Siliguri,Pod,4169,1,0.0002
24,Karaikkudi,Pod,2553,1,0.0004
24,Roorkee,Sourcing,1217,1,0.0008
24,Lucknow,CX,20096,23,0.0011
24,Bangalore,Sourcing,631148,463,0.0007
24,Udaipur,CX,5482,21,0.0038
24,Vizag,Pod,20273,111,0.0055
24,Madurai,Sourcing,11661,4,0.0003
24,Tirupati,WH,10015,4,0.0004
24,Shivamogga,Pod,2991,11,0.0037
24,Hubli,Sourcing,2607,3,0.0012
24,Bhubaneswar,WH,35078,11,0.0003
24,Faridabad,WH,10586,8,0.0008
24,Ludhiana,WH,9340,4,0.0004
24,Vellore,WH,7773,2,0.0003
24,Roorkee,CX,1217,3,0.0025
24,Jamshedpur,Pod,7127,7,0.001
24,Thiruvananthapuram,Sourcing,47272,1,0
24,Moradabad,Sourcing,2236,1,0.0004
24,Hyderabad,Sourcing,329019,9,0
24,Roorkee,WH,1217,1,0.0008
24,Thiruvalla,Pod,4466,1,0.0002
24,Mathura,Pod,1692,2,0.0012
24,Nizamabad,Pod,1336,1,0.0007
24,Sonipat,CX,1080,1,0.0009
24,Madurai,Pod,11661,100,0.0086
24,Bhubaneswar,CX,35078,78,0.0022
24,Gwalior,Sourcing,4088,7,0.0017
24,Guwahati,CX,10979,34,0.0031
24,Ludhiana,CX,9340,12,0.0013
24,Guwahati,Sourcing,10979,25,0.0023
24,Noida 1,Sourcing,57949,5,0.0001
24,Ahmedabad,Sourcing,38942,28,0.0007
24,Belgaum,Pod,3199,14,0.0044
24,Davanagere,Sourcing,1592,6,0.0038
24,Rudrapur,Pod,1031,11,0.0107
24,Amravati,CX,1346,8,0.0059
24,Tirunelveli,WH,6071,4,0.0007
24,Pondicherry,WH,11644,7,0.0006
24,Central Goa,Sourcing,34192,14,0.0004
24,Bhubaneswar,Pod,35078,17,0.0005
24,Anand,CX,937,2,0.0021
24,Sri Ganganagar,WH,2126,2,0.0009
24,Kannur,Sourcing,1960,1,0.0005
24,Kolhapur,Sourcing,1982,1,0.0005
24,Vizag,Pod,20273,1,0
24,Ongole,WH,1542,1,0.0006
24,Pune,Pod,153238,1638,0.0107
24,Hyderabad,Pod,329019,131,0.0004
24,Central Goa,Pod,34192,204,0.006
24,Noida 1,Sourcing,57949,93,0.0016
24,Nagpur,Sourcing,9148,13,0.0014
24,Ahmedabad,WH,38942,10,0.0003
24,Kota,WH,2453,4,0.0016
24,Jalandhar,Pod,2289,12,0.0052
24,Aligarh,Sourcing,1779,5,0.0028
24,Cuddalore,Pod,733,3,0.0041
24,Shivamogga,Pod,2991,2,0.0007
24,Nashik,Sourcing,7523,4,0.0005
24,Warangal,Sourcing,8329,2,0.0002
24,Sri Ganganagar,Pod,2126,30,0.0141
24,Coimbatore,Pod,32738,11,0.0003
24,Tumakuru,WH,3619,5,0.0014
24,Aurangabad,Pod,3764,3,0.0008
24,Bathinda,Sourcing,1184,1,0.0008
24,Aligarh,Pod,1779,2,0.0011
24,Patna,Pod,20650,1,0
24,Pune,Pod,153238,84,0.0005
24,Karaikkudi,Sourcing,2553,1,0.0004
24,Kota,Sourcing,2453,1,0.0004
24,Thiruvalla,WH,4466,1,0.0002
24,Patiala,Pod,3984,45,0.0113
24,Thoothukudi,CX,5131,28,0.0055
24,Rajahmundry,WH,4198,2,0.0005
24,Jalandhar,CX,2289,5,0.0022
24,Dindigul,Pod,628,5,0.008
24,Bhopal,Sourcing,7087,3,0.0004
24,Lucknow,Pod,20096,2,0.0001
24,Meerut,WH,3870,4,0.001
24,Udaipur,WH,5482,6,0.0011
24,Bikaner,WH,1143,2,0.0018
24,Vapi,WH,4261,1,0.0002
24,Agra,Pod,2645,3,0.0011
24,Ahmedabad,Pod,38942,1,0
24,Jaipur,Pod,29582,11,0.0004
24,Amravati,Sourcing,1346,2,0.0015
24,Ajmer,Pod,2056,1,0.0005
24,Kakinada,Sourcing,3355,2,0.0006
24,Gwalior,Sourcing,4088,1,0.0002
24,Sri Ganganagar,Pod,2126,1,0.0005
24,Cuddalore,Sourcing,733,1,0.0014
24,Ambala,Pod,2091,1,0.0005
24,Kochi,WH,94775,16,0.0002
24,Vapi,Sourcing,4261,3,0.0007
24,Vizag,Sourcing,20273,8,0.0004
24,Patna,Sourcing,20650,14,0.0007
24,Vijayawada,WH,17796,14,0.0008
24,Moradabad,Pod,2236,19,0.0085
24,Berhampur,Pod,1926,15,0.0078
24,Kolhapur,CX,1982,6,0.003
24,Rudrapur,Sourcing,1031,2,0.0019
24,Vizianagaram,Sourcing,1148,2,0.0017
24,Meerut,Sourcing,3870,3,0.0008
24,Agra,Sourcing,2645,4,0.0015
24,Moradabad,WH,2236,3,0.0013
24,Berhampur,Pod,1926,1,0.0005
24,Ahmedabad,Sourcing,38942,2,0.0001
24,Bhimavaram,Sourcing,949,1,0.0011
24,Guwahati,WH,10979,1,0.0001
24,Tumakuru,WH,3619,1,0.0003
24,Shivamogga,Sourcing,2991,1,0.0003
24,Moradabad,Pod,2236,2,0.0009
24,Kanchipuram,Sourcing,3245,3,0.0009
24,Siliguri,Sourcing,4169,8,0.0019
24,Kochi,Pod,94775,412,0.0043
24,Bikaner,Pod,1143,13,0.0114
24,Jamshedpur,Sourcing,7127,14,0.002
24,Karur,Pod,2922,14,0.0048
24,Bhubaneswar,WH,35078,9,0.0003
24,Kolhapur,Pod,1982,18,0.0091
24,Nashik,Pod,7523,16,0.0021
24,Karur,Sourcing,2922,4,0.0014
24,Jodhpur,Sourcing,1739,11,0.0063
24,Nellore,Pod,5881,3,0.0005
24,Patiala,Sourcing,3984,10,0.0025
24,Alappuzha,CX,4138,3,0.0007
24,Agra,WH,2645,3,0.0011
24,Varanasi,WH,8839,4,0.0005
24,Nashik,Pod,7523,1,0.0001
24,Vizag,Sourcing,20273,1,0
24,Gorakhpur,WH,2579,1,0.0004
24,Vizianagaram,Pod,1148,1,0.0009
24,Bathinda,Pod,1184,1,0.0008
24,Lonavla,Sourcing,748,1,0.0013
24,Aligarh,WH,1779,1,0.0006
24,Thiruvallur,Sourcing,2291,1,0.0004
24,Jalandhar,WH,2289,1,0.0004
24,Noida 1,Sourcing,57949,95,0.0016
24,Noida,Pod,22293,212,0.0095
24,Hyderabad,Sourcing,329019,362,0.0011
24,Patna,CX,20650,52,0.0025
24,Vijayawada,Sourcing,17796,18,0.001
24,Patna,Sourcing,20650,23,0.0011
24,Noida 1,Pod,57949,7,0.0001
24,Central Goa,Sourcing,34192,79,0.0023
24,Ranchi,WH,9487,10,0.0011
24,Mysore,WH,20485,5,0.0002
24,Nellore,Pod,5881,10,0.0017
24,Thiruvananthapuram,WH,47272,6,0.0001
24,Meerut,CX,3870,5,0.0013
24,Indore,Sourcing,12903,7,0.0005
24,Palakkad,CX,4861,6,0.0012
24,Erode,CX,4251,9,0.0021
24,Patna,Pod,20650,4,0.0002
24,Madurai,Sourcing,11661,1,0.0001
24,Erode,Sourcing,4251,1,0.0002
24,Lonavla,Pod,748,1,0.0013
24,Bathinda,CX,1184,1,0.0008
24,Silchar,Sourcing,3981,1,0.0003
24,Chandigarh,Sourcing,34434,68,0.002
24,Pune,CX,153238,605,0.0039
24,Central Goa,Sourcing,34192,23,0.0007
24,Kota,Sourcing,2453,9,0.0037
24,Silchar,Pod,3981,28,0.007
24,Mysore,WH,20485,14,0.0007
24,Noida 1,Sourcing,57949,78,0.0013
24,Kota,CX,2453,9,0.0037
24,Vizag,WH,20273,11,0.0005
24,Patiala,Pod,3984,9,0.0023
24,Vijayawada,Pod,17796,4,0.0002
24,Anantapur,CX,3862,8,0.0021
24,Vijayawada,Sourcing,17796,9,0.0005
24,Pondicherry,WH,11644,2,0.0002
24,Meerut,Pod,3870,2,0.0005
24,Ambala,WH,2091,1,0.0005
24,Sonipat,Sourcing,1080,1,0.0009
24,Jabalpur,Pod,3333,1,0.0003
24,Anantapur,Pod,3862,5,0.0013
24,Surat,Sourcing,10850,2,0.0002
24,Jabalpur,WH,3333,1,0.0003
24,Bangalore,Pod,631148,248,0.0004
24,Mumbai,Pod,337458,3315,0.0098
24,Pune,Sourcing,153238,257,0.0017
24,Vadodara,CX,8654,27,0.0031
24,Raipur,Pod,6409,66,0.0103
24,Nellore,Pod,5881,66,0.0112
24,Noida,Sourcing,22293,42,0.0019
24,Palakkad,Pod,4861,17,0.0035
24,Agra,Pod,2645,3,0.0011
24,Amritsar,CX,3220,15,0.0047
24,Panipat,Sourcing,2926,7,0.0024
24,Varanasi,Sourcing,8839,11,0.0012
24,Nellore,Sourcing,5881,3,0.0005
24,Ahmedabad,Sourcing,38942,122,0.0031
24,Patiala,Sourcing,3984,4,0.001
24,Ranchi,WH,9487,9,0.0009
24,Kozhikode,WH,15707,4,0.0003
24,Thiruvallur,Pod,2291,1,0.0004
24,Shivamogga,Sourcing,2991,2,0.0007
24,Kanpur,WH,4508,1,0.0002
24,Hyderabad,WH,329019,64,0.0002
24,Shivamogga,CX,2991,6,0.002
24,Kollam,Pod,9715,27,0.0028
24,Udaipur,Pod,5482,66,0.012
24,Thoothukudi,WH,5131,5,0.001
24,Patna,WH,20650,13,0.0006
24,Kozhikode,Pod,15707,3,0.0002
24,Ujjain,CX,2153,7,0.0033
24,Bangalore,Sourcing,631148,60,0.0001
24,Jamshedpur,CX,7127,47,0.0066
24,Panipat,Sourcing,2926,2,0.0007
24,Vapi,CX,4261,14,0.0033
24,Bathinda,Pod,1184,11,0.0093
24,Ahmedabad,Pod,38942,17,0.0004
24,Moradabad,Pod,2236,4,0.0018
24,Chandigarh,Sourcing,34434,23,0.0007
24,Bareilly,Pod,1219,5,0.0041
24,Raipur,Sourcing,6409,2,0.0003
24,Mathura,WH,1692,1,0.0006
24,Bangalore,CX,631148,1544,0.0024
24,Jaipur,WH,29582,10,0.0003
24,Faridabad,Sourcing,10586,21,0.002
24,Madurai,WH,11661,13,0.0011
24,Udaipur,Sourcing,5482,4,0.0007
24,Cuttack,Pod,4345,1,0.0002
24,Vapi,Pod,4261,21,0.0049
24,Delhi,WH,159903,75,0.0005
24,Noida,WH,22293,17,0.0008
24,Vijayawada,Sourcing,17796,5,0.0003
24,Amritsar,Pod,3220,15,0.0047
24,Anantapur,Sourcing,3862,6,0.0016
24,Delhi,Sourcing,159903,3,0
24,Eluru,Sourcing,1236,1,0.0008
24,Aligarh,Pod,1779,15,0.0084
24,Vapi,Sourcing,4261,3,0.0007
24,Khammam,Pod,5334,36,0.0067
24,Udaipur,WH,5482,6,0.0011
24,Salem,WH,8262,1,0.0001
24,Mumbai,Pod,337458,3,0
24,Kottayam,Sourcing,5881,1,0.0002
24,Ajmer,CX,2056,15,0.0073
24,Kottayam,Pod,5881,11,0.0019
24,Bhubaneswar,Sourcing,35078,15,0.0004
24,Jaipur,Pod,29582,7,0.0002
24,Kanchipuram,CX,3245,5,0.0015
24,Thoothukudi,WH,5131,2,0.0004
24,Silchar,Pod,3981,1,0.0003
24,Mangaluru,Sourcing,20649,7,0.0003
24,Kochi,Sourcing,94775,19,0.0002
24,Latur,WH,1022,1,0.001
24,Chandigarh,Sourcing,34434,22,0.0006
24,Silchar,CX,3981,10,0.0025
24,Udaipur,Sourcing,5482,3,0.0005
24,Siliguri,Pod,4169,1,0.0002
24,Surat,Sourcing,10850,15,0.0014
24,Dibrugarh,Sourcing,2421,3,0.0012
24,Gurgaon,CX,86851,282,0.0032
24,Thoothukudi,Pod,5131,60,0.0117
24,Gwalior,WH,4088,5,0.0012
24,Belgaum,Sourcing,3199,2,0.0006
24,Mumbai,Sourcing,337458,245,0.0007
24,Bhopal,Pod,7087,3,0.0004
24,Noida,WH,22293,16,0.0007
24,Surat,Sourcing,10850,5,0.0005
24,Pune,Sourcing,153238,147,0.001
24,Noida,Pod,22293,52,0.0023
24,Mangaluru,Pod,20649,4,0.0002
24,Palakkad,WH,4861,2,0.0004
24,Kurnool,Sourcing,5188,3,0.0006
24,Hyderabad,Pod,329019,110,0.0003
24,Bhubaneswar,Pod,35078,250,0.0071
24,Jamshedpur,WH,7127,2,0.0003
24,Delhi,Pod,159903,1697,0.0106
24,Thiruvallur,Pod,2291,3,0.0013
24,Kozhikode,Sourcing,15707,12,0.0008
24,Vadodara,WH,8654,5,0.0006
24,Noida,Sourcing,22293,32,0.0014
24,Anantapur,Pod,3862,19,0.0049
24,Guwahati,Pod,10979,5,0.0005
24,Agra,CX,2645,6,0.0023
24,Kolkata,WH,89938,21,0.0002
24,Kolkata,Pod,89938,44,0.0005
24,Tumakuru,Sourcing,3619,1,0.0003
24,Tirupur,Pod,6612,42,0.0064
24,Eluru,Pod,1236,2,0.0016
24,Noida 1,WH,57949,30,0.0005
24,Indore,CX,12903,43,0.0033
24,Rohtak,Pod,2688,1,0.0004
24,Ludhiana,Pod,9340,42,0.0045
24,Salem,Pod,8262,9,0.0011
24,Sri Ganganagar,CX,2126,15,0.0071
24,Davanagere,CX,1592,5,0.0031
24,Bareilly,Pod,1219,1,0.0008
24,Bhopal,Pod,7087,52,0.0073
24,Bhopal,CX,7087,29,0.0041
25,Kanchipuram,Sourcing,3161,1,0.0003
25,Dehradun,Sourcing,13430,1,0.0001
25,Chennai,Sourcing,259760,120,0.0005
25,Nagpur,CX,8471,16,0.0019
25,Vijayawada,CX,17051,41,0.0024
25,Faridabad,WH,11274,11,0.001
25,Kochi,Pod,95090,40,0.0004
25,Guntur,Sourcing,10177,16,0.0016
25,Lucknow,WH,19419,9,0.0005
25,Bhubaneswar,Sourcing,35416,11,0.0003
25,Anand,Sourcing,1001,6,0.006
25,Nashik,Sourcing,8021,5,0.0006
25,Vapi,Sourcing,3967,2,0.0005
25,Thrissur,Pod,24328,4,0.0002
25,Kurnool,Sourcing,5242,2,0.0004
25,Gorakhpur,WH,2656,1,0.0004
25,Allahabad,WH,1613,1,0.0006
25,Cuddalore,Sourcing,787,1,0.0013
25,Hyderabad,Sourcing,340482,179,0.0005
25,Noida,CX,22289,86,0.0039
25,Indore,Pod,12651,6,0.0005
25,Raipur,Sourcing,6824,12,0.0018
25,Meerut,Sourcing,3700,6,0.0016
25,Nashik,Sourcing,8021,5,0.0006
25,Rajkot,Sourcing,4715,3,0.0006
25,Gwalior,Pod,4280,3,0.0007
25,Jamshedpur,Sourcing,6302,5,0.0008
25,Chennai,Pod,259760,3,0
25,Nagercoil,CX,4138,6,0.0015
25,Varanasi,Sourcing,8055,6,0.0007
25,Kollam,Pod,9953,2,0.0002
25,Belgaum,Pod,3412,1,0.0003
25,Vijayawada,Sourcing,17051,1,0.0001
25,Agra,WH,2661,1,0.0004
25,Varanasi,Pod,8055,1,0.0001
25,Rohtak,Pod,2847,1,0.0004
25,Kurnool,WH,5242,4,0.0008
25,Trichy,WH,9921,2,0.0002
25,Gurgaon,Sourcing,87585,71,0.0008
25,Kochi,Pod,95090,595,0.0063
25,Chennai,Sourcing,259760,143,0.0006
25,Ahmedabad,Pod,40358,27,0.0007
25,Kolkata,Pod,91217,176,0.0019
25,Madurai,Sourcing,11647,18,0.0015
25,Mysore,Sourcing,20863,19,0.0009
25,Guwahati,Sourcing,9963,20,0.002
25,Gwalior,Pod,4280,38,0.0089
25,Jamshedpur,WH,6302,9,0.0014
25,Nagpur,WH,8471,9,0.0011
25,Gwalior,CX,4280,29,0.0068
25,Sri Ganganagar,CX,2574,11,0.0043
25,Kurnool,Pod,5242,3,0.0006
25,Vapi,Sourcing,3967,4,0.001
25,Vijayawada,WH,17051,8,0.0005
25,Panipat,Sourcing,3183,5,0.0016
25,Kannur,CX,1960,2,0.001
25,Agra,CX,2661,3,0.0011
25,Udaipur,Pod,5565,73,0.0131
25,Kannur,Sourcing,1960,3,0.0015
25,Roorkee,WH,1425,1,0.0007
25,Karnal,WH,983,1,0.001
25,Belgaum,Pod,3412,1,0.0003
25,Jaipur,Pod,31904,1,0
25,Ongole,Pod,1583,1,0.0006
25,Aligarh,Pod,1572,1,0.0006
25,Ujjain,Pod,2536,1,0.0004
25,Ahmedabad,Sourcing,40358,97,0.0024
25,Dehradun,Sourcing,13430,13,0.001
25,Pune,WH,155892,47,0.0003
25,Delhi,WH,164889,115,0.0007
25,Warangal,CX,8822,30,0.0034
25,Patna,Sourcing,20048,9,0.0004
25,Vijayawada,WH,17051,17,0.001
25,Kanpur,Sourcing,4613,9,0.002
25,Ranchi,Sourcing,8795,6,0.0007
25,Belgaum,CX,3412,3,0.0009
25,Jalandhar,Sourcing,2460,2,0.0008
25,Ajmer,Pod,2268,9,0.004
25,Manipal,Sourcing,6871,4,0.0006
25,Jabalpur,WH,3074,2,0.0007
25,Bilaspur,CX,1314,9,0.0068
25,Kurnool,Sourcing,5242,7,0.0013
25,Berhampur,Sourcing,1886,2,0.0011
25,Kottayam,Pod,6278,1,0.0002
25,Muzaffarpur,Sourcing,1084,1,0.0009
25,Moradabad,Pod,2662,2,0.0008
25,Ambala,Sourcing,2296,1,0.0004
25,Nashik,Pod,8021,1,0.0001
25,Belgaum,Sourcing,3412,8,0.0023
25,Tumakuru,Pod,3652,2,0.0005
25,Lucknow,Pod,19419,7,0.0004
25,Hyderabad,Pod,340482,3600,0.0106
25,Hyderabad,Pod,340482,153,0.0004
25,Vellore,CX,7608,7,0.0009
25,Pondicherry,WH,11639,5,0.0004
25,Nanded,Sourcing,988,3,0.003
25,Alappuzha,Pod,4075,10,0.0025
25,Gorakhpur,Pod,2656,18,0.0068
25,Nashik,Sourcing,8021,5,0.0006
25,Bareilly,Pod,1458,5,0.0034
25,Nagpur,WH,8471,3,0.0004
25,Bhopal,Sourcing,6575,2,0.0003
25,Trichy,Pod,9921,6,0.0006
25,Siliguri,WH,4033,1,0.0002
25,Kanchipuram,WH,3161,1,0.0003
25,Karur,WH,2879,1,0.0003
25,Tirunelveli,Sourcing,6323,1,0.0002
25,Nizamabad,WH,1495,1,0.0007
25,Palakkad,CX,5029,3,0.0006
25,Panipat,WH,3183,1,0.0003
25,Indore,Pod,12651,7,0.0006
25,Ludhiana,WH,8897,3,0.0003
25,Bangalore,WH,637072,274,0.0004
25,Shivamogga,Pod,2931,18,0.0061
25,Faridabad,Sourcing,11274,9,0.0008
25,Madurai,WH,11647,7,0.0006
25,Erode,Pod,4173,30,0.0072
25,Karimnagar,CX,3492,10,0.0029
25,Aurangabad,Pod,3884,4,0.001
25,Jaipur,Pod,31904,11,0.0003
25,Karur,WH,2879,2,0.0007
25,Aurangabad,Pod,3884,2,0.0005
25,Cuttack,Pod,4296,3,0.0007
25,Kakinada,Sourcing,3337,1,0.0003
25,Kakinada,WH,3337,1,0.0003
25,Roorkee,Pod,1425,1,0.0007
25,Kottayam,WH,6278,1,0.0002
25,Bhilai,WH,1344,1,0.0007
25,Bathinda,Pod,1095,1,0.0009
25,Thanjavur,Sourcing,5992,1,0.0002
25,Guntur,Pod,10177,3,0.0003
25,Kota,CX,1348,6,0.0045
25,Guwahati,Sourcing,9963,3,0.0003
25,Pune,Sourcing,155892,63,0.0004
25,Noida 1,Pod,60135,79,0.0013
25,Pondicherry,Pod,11639,123,0.0106
25,Moradabad,Pod,2662,19,0.0071
25,Pune,Pod,155892,73,0.0005
25,Rajahmundry,Sourcing,3860,3,0.0008
25,Warangal,Pod,8822,94,0.0107
25,Faridabad,Pod,11274,7,0.0006
25,Central Goa,Pod,33858,24,0.0007
25,Bathinda,Pod,1095,19,0.0174
25,Aurangabad,CX,3884,15,0.0039
25,Noida 1,Pod,60135,16,0.0003
25,Ajmer,Sourcing,2268,2,0.0009
25,Thiruvallur,Pod,2177,3,0.0014
25,Kozhikode,WH,15430,4,0.0003
25,Mangaluru,Sourcing,18970,3,0.0002
25,Agra,Pod,2661,3,0.0011
25,Patiala,Sourcing,4041,2,0.0005
25,Dindigul,Pod,674,4,0.0059
25,Ambala,Pod,2296,2,0.0009
25,Bhimavaram,WH,892,2,0.0022
25,Vellore,Sourcing,7608,1,0.0001
25,Tirupur,Pod,6150,8,0.0013
25,Eluru,WH,1104,1,0.0009
25,Karnal,Pod,983,1,0.001
25,Tirupur,Sourcing,6150,4,0.0007
25,Karaikkudi,Pod,2462,1,0.0004
25,Bilaspur,WH,1314,2,0.0015
25,Cuddalore,Sourcing,787,1,0.0013
25,Kolhapur,Pod,2448,2,0.0008
25,Erode,Pod,4173,1,0.0002
25,Manipal,Pod,6871,51,0.0074
25,Guntur,Pod,10177,91,0.0089
25,Indore,Sourcing,12651,32,0.0025
25,Noida,WH,22289,18,0.0008
25,Vizag,CX,19676,66,0.0034
25,Vijayawada,Pod,17051,10,0.0006
25,Guntur,WH,10177,12,0.0012
25,Dehradun,Sourcing,13430,24,0.0018
25,Meerut,Pod,3700,38,0.0103
25,Thiruvananthapuram,Sourcing,45344,30,0.0007
25,Kolkata,Sourcing,91217,33,0.0004
25,Tirupati,Sourcing,10522,5,0.0005
25,Ludhiana,Pod,8897,7,0.0008
25,Pondicherry,Sourcing,11639,11,0.0009
25,Muzaffarpur,CX,1084,8,0.0074
25,Mysore,WH,20863,11,0.0005
25,Amritsar,Sourcing,3100,5,0.0016
25,Berhampur,CX,1886,6,0.0032
25,Vadodara,Sourcing,7933,4,0.0005
25,Thanjavur,Sourcing,5992,2,0.0003
25,Eluru,Sourcing,1104,3,0.0027
25,Kota,Pod,1348,1,0.0007
25,Bikaner,Pod,1167,2,0.0017
25,Kota,Sourcing,1348,1,0.0007
25,Kottayam,Pod,6278,2,0.0003
25,Rajahmundry,WH,3860,2,0.0005
25,Udaipur,Sourcing,5565,1,0.0002
25,Tirunelveli,Pod,6323,3,0.0005
25,Madurai,Pod,11647,10,0.0009
25,Nanded,WH,988,1,0.001
25,Ongole,Sourcing,1583,1,0.0006
25,Coimbatore,WH,32839,31,0.0009
25,Central Goa,CX,33858,83,0.0025
25,Jaipur,Pod,31904,249,0.0078
25,Pune,Pod,155892,1577,0.0101
25,Ahmedabad,CX,40358,113,0.0028
25,Silchar,Pod,3636,26,0.0072
25,Gurgaon,Sourcing,87585,87,0.001
25,Indore,CX,12651,37,0.0029
25,Tumakuru,Pod,3652,21,0.0058
25,Vizag,Pod,19676,8,0.0004
25,Amravati,Pod,1384,18,0.013
25,Sri Ganganagar,Sourcing,2574,4,0.0016
25,Rajkot,WH,4715,5,0.0011
25,Anand,Pod,1001,12,0.012
25,Sonipat,Sourcing,1157,2,0.0017
25,Erode,WH,4173,2,0.0005
25,Gwalior,Sourcing,4280,2,0.0005
25,Patna,Pod,20048,4,0.0002
25,Berhampur,Pod,1886,1,0.0005
25,Panipat,Sourcing,3183,1,0.0003
25,Nanded,Pod,988,1,0.001
25,Vellore,Sourcing,7608,1,0.0001
25,Karaikkudi,Sourcing,2462,1,0.0004
25,Patna,Sourcing,20048,22,0.0011
25,Patna,Pod,20048,234,0.0117
25,Noida 1,Pod,60135,686,0.0114
25,Chandigarh,Pod,34691,333,0.0096
25,Gurgaon,Sourcing,87585,114,0.0013
25,Vizag,Sourcing,19676,25,0.0013
25,Siliguri,Pod,4033,30,0.0074
25,Warangal,WH,8822,15,0.0017
25,Kolkata,Pod,91217,50,0.0005
25,Coimbatore,Sourcing,32839,14,0.0004
25,Manipal,Sourcing,6871,4,0.0006
25,Central Goa,Sourcing,33858,5,0.0001
25,Berhampur,Pod,1886,9,0.0048
25,Patna,WH,20048,17,0.0008
25,Jabalpur,Pod,3074,21,0.0068
25,Panipat,Sourcing,3183,2,0.0006
25,Rajkot,WH,4715,3,0.0006
25,Amravati,Sourcing,1384,1,0.0007
25,Kakinada,Sourcing,3337,1,0.0003
25,Ongole,Sourcing,1583,1,0.0006
25,Kottayam,Sourcing,6278,2,0.0003
25,Kochi,WH,95090,15,0.0002
25,Thoothukudi,Pod,5336,1,0.0002
25,Chandigarh,Sourcing,34691,48,0.0014
25,Karnal,CX,983,2,0.002
25,Jabalpur,Pod,3074,5,0.0016
25,Vizag,WH,19676,16,0.0008
25,Hyderabad,CX,340482,1376,0.004
25,Bangalore,WH,637072,192,0.0003
25,Kanpur,Pod,4613,37,0.008
25,Noida 1,WH,60135,43,0.0007
25,Jamshedpur,CX,6302,29,0.0046
25,Coimbatore,WH,32839,9,0.0003
25,Salem,Pod,8469,13,0.0015
25,Amritsar,CX,3100,6,0.0019
25,Tirunelveli,WH,6323,4,0.0006
25,Vizianagaram,Pod,1002,13,0.013
25,Thrissur,Sourcing,24328,9,0.0004
25,Lucknow,WH,19419,6,0.0003
25,Mathura,Sourcing,1838,2,0.0011
25,Pondicherry,Sourcing,11639,4,0.0003
25,Kochi,Pod,95090,10,0.0001
25,Ambala,WH,2296,1,0.0004
25,Bhilai,Sourcing,1344,1,0.0007
25,Delhi,Sourcing,164889,5,0
25,Rohtak,WH,2847,2,0.0007
25,Salem,Sourcing,8469,1,0.0001
25,Amritsar,Pod,3100,1,0.0003
25,Amravati,CX,1384,6,0.0043
25,Khammam,Sourcing,5180,5,0.001
25,Patiala,Pod,4041,31,0.0077
25,Mumbai,WH,350787,330,0.0009
25,Thiruvananthapuram,CX,45344,43,0.0009
25,Noida 1,WH,60135,52,0.0009
25,Vapi,CX,3967,7,0.0018
25,Dehradun,Pod,13430,8,0.0006
25,Patna,WH,20048,3,0.0002
25,Bathinda,CX,1095,8,0.0073
25,Gwalior,WH,4280,3,0.0007
25,Kakinada,Pod,3337,3,0.0009
25,Kota,Sourcing,1348,2,0.0015
25,Indore,WH,12651,2,0.0002
25,Guntur,Sourcing,10177,3,0.0003
25,Manipal,Pod,6871,3,0.0004
25,Hubli,Sourcing,2692,3,0.0011
25,Gorakhpur,Pod,2656,2,0.0008
25,Anand,Sourcing,1001,1,0.001
25,Thiruvalla,Sourcing,5128,1,0.0002
25,Rajkot,Pod,4715,5,0.0011
25,Siliguri,Sourcing,4033,1,0.0002
25,Kolkata,Pod,91217,1,0
25,Lonavla,CX,892,1,0.0011
25,Nizamabad,WH,1495,2,0.0013
25,Guntur,Sourcing,10177,1,0.0001
25,Rudrapur,CX,989,1,0.001
25,Chennai,Sourcing,259760,257,0.001
25,Kolkata,CX,91217,318,0.0035
25,Nellore,CX,5649,19,0.0034
25,Tirunelveli,Pod,6323,49,0.0077
25,Panipat,Pod,3183,40,0.0126
25,Lucknow,Pod,19419,102,0.0053
25,Pune,WH,155892,58,0.0004
25,Hubli,Pod,2692,20,0.0074
25,Thoothukudi,Pod,5336,4,0.0008
25,Tirunelveli,WH,6323,7,0.0011
25,Indore,Sourcing,12651,7,0.0006
25,Davanagere,Sourcing,1669,2,0.0012
25,Shivamogga,CX,2931,3,0.001
25,Bareilly,CX,1458,3,0.0021
25,Tumakuru,WH,3652,3,0.0008
25,Saharanpur,Pod,868,1,0.0012
25,Muzaffarpur,WH,1084,1,0.0009
25,Muzaffarpur,Sourcing,1084,1,0.0009
25,Tirupati,Pod,10522,1,0.0001
25,Aurangabad,WH,3884,1,0.0003
25,Vizag,Sourcing,19676,1,0.0001
25,Guwahati,Pod,9963,1,0.0001
25,Dindigul,Sourcing,674,1,0.0015
25,Surat,Sourcing,10269,1,0.0001
25,Nanded,WH,988,2,0.002
25,Vellore,WH,7608,1,0.0001
25,Kolkata,WH,91217,52,0.0006
25,Mumbai,Sourcing,350787,279,0.0008
25,Siliguri,CX,4033,8,0.002
25,Vijayawada,Pod,17051,129,0.0076
25,Lucknow,CX,19419,28,0.0014
25,Hyderabad,WH,340482,102,0.0003
25,Karur,Pod,2879,12,0.0042
25,Jaipur,CX,31904,128,0.004
25,Trichy,CX,9921,24,0.0024
25,Chennai,WH,259760,95,0.0004
25,Hubli,WH,2692,2,0.0007
25,Noida,Sourcing,22289,19,0.0009
25,Ranchi,WH,8795,5,0.0006
25,Noida 1,Sourcing,60135,5,0.0001
25,Anantapur,Sourcing,4005,4,0.001
25,Manipal,WH,6871,6,0.0009
25,Salem,WH,8469,2,0.0002
25,Nagpur,Sourcing,8471,1,0.0001
25,Khammam,Pod,5180,31,0.006
25,Shivamogga,WH,2931,2,0.0007
25,Thoothukudi,Sourcing,5336,2,0.0004
25,Coimbatore,CX,32839,112,0.0034
25,Bhubaneswar,CX,35416,77,0.0022
25,Thanjavur,Pod,5992,23,0.0038
25,Rajkot,CX,4715,21,0.0045
25,Guwahati,CX,9963,14,0.0014
25,Salem,Sourcing,8469,5,0.0006
25,Thrissur,WH,24328,3,0.0001
25,Rajahmundry,Sourcing,3860,2,0.0005
25,Jodhpur,Sourcing,1995,5,0.0025
25,Siliguri,Sourcing,4033,5,0.0012
25,Bangalore,Pod,637072,2,0
25,Manipal,WH,6871,2,0.0003
25,Bikaner,CX,1167,4,0.0034
25,Allahabad,WH,1613,2,0.0012
25,Thiruvallur,Pod,2177,32,0.0147
25,Vizianagaram,Sourcing,1002,1,0.001
25,Delhi,Pod,164889,147,0.0009
25,Latur,Pod,1297,12,0.0093
25,Vadodara,CX,7933,22,0.0028
25,Mumbai,CX,350787,1028,0.0029
25,Rajahmundry,Pod,3860,33,0.0085
25,Chennai,Pod,259760,115,0.0004
25,Vellore,Pod,7608,37,0.0049
25,Chandigarh,Sourcing,34691,32,0.0009
25,Khammam,Pod,5180,2,0.0004
25,Nagercoil,Pod,4138,7,0.0017
25,Nellore,Sourcing,5649,8,0.0014
25,Kozhikode,Pod,15430,20,0.0013
25,Vadodara,Pod,7933,2,0.0003
25,Guwahati,WH,9963,4,0.0004
25,Dibrugarh,Sourcing,2473,2,0.0008
25,Amravati,Sourcing,1384,4,0.0029
25,Mysore,Sourcing,20863,6,0.0003
25,Kottayam,Sourcing,6278,3,0.0005
25,Ajmer,CX,2268,7,0.0031
25,Trichy,Pod,9921,2,0.0002
25,Amravati,Sourcing,1384,1,0.0007
25,Gurgaon,WH,87585,46,0.0005
25,Guntur,Sourcing,10177,1,0.0001
25,Muzaffarpur,Pod,1084,1,0.0009
25,Guntur,CX,10177,25,0.0025
25,Madurai,Sourcing,11647,5,0.0004
25,Gurgaon,Pod,87585,21,0.0002
25,Mysore,Sourcing,20863,12,0.0006
25,Ujjain,Sourcing,2536,5,0.002
25,Kota,Pod,1348,14,0.0104
25,Ambala,Pod,2296,17,0.0074
25,Muzaffarpur,Pod,1084,20,0.0185
25,Bhimavaram,Pod,892,5,0.0056
25,Dehradun,WH,13430,5,0.0004
25,Vadodara,WH,7933,2,0.0003
25,Tirunelveli,Sourcing,6323,2,0.0003
25,Karimnagar,Sourcing,3492,2,0.0006
25,Latur,Sourcing,1297,2,0.0015
25,Jabalpur,Sourcing,3074,1,0.0003
25,Central Goa,Pod,33858,19,0.0006
25,Eluru,Pod,1104,1,0.0009
25,Manipal,Sourcing,6871,1,0.0001
25,Bikaner,Pod,1167,11,0.0094
25,Silchar,WH,3636,3,0.0008
25,Saharanpur,Pod,868,7,0.0081
25,Vapi,Pod,3967,2,0.0005
25,Kolhapur,Pod,2448,22,0.009
25,Thoothukudi,CX,5336,19,0.0036
25,Mumbai,WH,350787,130,0.0004
25,Nashik,CX,8021,19,0.0024
25,Udaipur,Sourcing,5565,6,0.0011
25,Bhubaneswar,Pod,35416,16,0.0005
25,Ranchi,CX,8795,31,0.0035
25,Bangalore,Pod,637072,843,0.0013
25,Warangal,Sourcing,8822,16,0.0018
25,Guntur,Pod,10177,5,0.0005
25,Bhopal,WH,6575,6,0.0009
25,Jalandhar,Pod,2460,2,0.0008
25,Eluru,CX,1104,1,0.0009
25,Kanchipuram,Sourcing,3161,1,0.0003
25,Rudrapur,Sourcing,989,1,0.001
25,Rajahmundry,WH,3860,1,0.0003
25,Tumakuru,Sourcing,3652,1,0.0003
25,Palakkad,Sourcing,5029,1,0.0002
25,Saharanpur,Sourcing,868,1,0.0012
25,Trichy,Sourcing,9921,1,0.0001
25,Bangalore,Pod,637072,5047,0.0079
25,Panipat,CX,3183,10,0.0031
25,Bangalore,CX,637072,1658,0.0026
25,Surat,Sourcing,10269,14,0.0014
25,Hyderabad,Sourcing,340482,358,0.0011
25,Hyderabad,WH,340482,167,0.0005
25,Mumbai,Sourcing,350787,166,0.0005
25,Ludhiana,CX,8897,14,0.0016
25,Mysore,Pod,20863,8,0.0004
25,Warangal,WH,8822,4,0.0005
25,Aligarh,CX,1572,5,0.0032
25,Kolkata,Sourcing,91217,63,0.0007
25,Belgaum,Pod,3412,8,0.0023
25,Ranchi,Pod,8795,3,0.0003
25,Kurnool,WH,5242,2,0.0004
25,Thiruvananthapuram,WH,45344,4,0.0001
25,Dindigul,Pod,674,1,0.0015
25,Mysore,Sourcing,20863,1,0
25,Ahmedabad,Pod,40358,12,0.0003
25,Bhopal,WH,6575,1,0.0002
25,Mangaluru,Pod,18970,1,0.0001
25,Shivamogga,WH,2931,1,0.0003
25,Indore,Sourcing,12651,1,0.0001
25,Noida 1,Sourcing,60135,37,0.0006
25,Nagpur,Sourcing,8471,12,0.0014
25,Nellore,Pod,5649,62,0.011
25,Bhubaneswar,Pod,35416,236,0.0067
25,Kanpur,Sourcing,4613,7,0.0015
25,Surat,Pod,10269,73,0.0071
25,Kolhapur,Sourcing,2448,4,0.0016
25,Thiruvallur,Sourcing,2177,5,0.0023
25,Gurgaon,WH,87585,42,0.0005
25,Kollam,Pod,9953,29,0.0029
25,Raipur,WH,6824,16,0.0023
25,Faridabad,Pod,11274,6,0.0005
25,Tirunelveli,CX,6323,9,0.0014
25,Warangal,Sourcing,8822,10,0.0011
25,Bareilly,Sourcing,1458,3,0.0021
25,Thiruvallur,WH,2177,5,0.0023
25,Kozhikode,Pod,15430,4,0.0003
25,Mathura,WH,1838,2,0.0011
25,Allahabad,Sourcing,1613,2,0.0012
25,Ludhiana,Pod,8897,1,0.0001
25,Bareilly,WH,1458,1,0.0007
25,Vellore,Pod,7608,1,0.0001
25,Mathura,Sourcing,1838,1,0.0005
25,Ahmedabad,Sourcing,40358,2,0.0001
25,Rudrapur,Pod,989,2,0.002
25,Raipur,Pod,6824,7,0.001
25,Kochi,Sourcing,95090,13,0.0001
25,Bikaner,Pod,1167,2,0.0017
25,Pune,Sourcing,155892,269,0.0017
25,Palakkad,Pod,5029,12,0.0024
25,Dibrugarh,Pod,2473,4,0.0016
25,Mumbai,Pod,350787,144,0.0004
25,Ranchi,Pod,8795,93,0.0106
25,Kolkata,Sourcing,91217,109,0.0012
25,Jaipur,WH,31904,10,0.0003
25,Central Goa,Sourcing,33858,12,0.0004
25,Nashik,WH,8021,5,0.0006
25,Pondicherry,Pod,11639,5,0.0004
25,Lucknow,Sourcing,19419,7,0.0004
25,Vizag,WH,19676,7,0.0004
25,Bilaspur,Pod,1314,16,0.0122
25,Kolhapur,CX,2448,4,0.0016
25,Mangaluru,Pod,18970,3,0.0002
25,Raipur,Sourcing,6824,11,0.0016
25,Dibrugarh,CX,2473,6,0.0024
25,Faridabad,WH,11274,5,0.0004
25,Nanded,Sourcing,988,2,0.002
25,Nagercoil,Pod,4138,3,0.0007
25,Tumakuru,WH,3652,2,0.0005
25,Surat,Pod,10269,1,0.0001
25,Allahabad,Pod,1613,1,0.0006
25,Jalandhar,Sourcing,2460,1,0.0004
25,Gorakhpur,Pod,2656,1,0.0004
25,Rohtak,Pod,2847,1,0.0004
25,Erode,Sourcing,4173,1,0.0002
25,Tirupati,Pod,10522,85,0.0081
25,Bhubaneswar,Sourcing,35416,35,0.001
25,Jaipur,Sourcing,31904,55,0.0017
25,Khammam,CX,5180,12,0.0023
25,Khammam,Sourcing,5180,4,0.0008
25,Thiruvallur,CX,2177,10,0.0046
25,Thrissur,CX,24328,23,0.0009
25,Rajahmundry,CX,3860,6,0.0016
25,Patiala,CX,4041,9,0.0022
25,Vadodara,WH,7933,5,0.0006
25,Nagpur,Pod,8471,6,0.0007
25,Kottayam,CX,6278,4,0.0006
25,Pune,Sourcing,155892,6,0
25,Nashik,Pod,8021,4,0.0005
25,Thoothukudi,Sourcing,5336,3,0.0006
25,Shivamogga,Pod,2931,1,0.0003
25,Jamshedpur,Pod,6302,7,0.0011
25,Saharanpur,CX,868,1,0.0012
25,Shivamogga,Pod,2931,1,0.0003
25,Thiruvallur,Sourcing,2177,1,0.0005
25,Nagercoil,Sourcing,4138,1,0.0002
25,Davanagere,WH,1669,1,0.0006
25,Kannur,WH,1960,1,0.0005
25,Cuddalore,Pod,787,7,0.0089
25,Meerut,Sourcing,3700,4,0.0011
25,Jabalpur,Sourcing,3074,4,0.0013
25,Panipat,WH,3183,3,0.0009
25,Thiruvananthapuram,Sourcing,45344,16,0.0004
25,Vizag,Pod,19676,147,0.0075
25,Jamshedpur,Sourcing,6302,9,0.0014
25,Mysore,CX,20863,35,0.0017
25,Kochi,WH,95090,13,0.0001
25,Rohtak,Pod,2847,28,0.0098
25,Lucknow,Sourcing,19419,19,0.001
25,Central Goa,WH,33858,9,0.0003
25,Varanasi,Sourcing,8055,14,0.0017
25,Erode,CX,4173,6,0.0014
25,Jalandhar,Sourcing,2460,2,0.0008
25,Rajahmundry,Sourcing,3860,3,0.0008
25,Udaipur,Pod,5565,3,0.0005
25,Kozhikode,Sourcing,15430,7,0.0005
25,Kollam,WH,9953,2,0.0002
25,Shivamogga,Sourcing,2931,1,0.0003
25,Raipur,WH,6824,1,0.0001
25,Sri Ganganagar,Sourcing,2574,2,0.0008
25,Jodhpur,Sourcing,1995,1,0.0005
25,Sri Ganganagar,Pod,2574,1,0.0004
25,Central Goa,WH,33858,5,0.0001
25,Delhi,Pod,164889,1719,0.0104
25,Bikaner,Sourcing,1167,5,0.0043
25,Gwalior,Sourcing,4280,3,0.0007
25,Vijayawada,Sourcing,17051,20,0.0012
25,Tirunelveli,Pod,6323,6,0.0009
25,Noida,Sourcing,22289,19,0.0009
25,Aligarh,Sourcing,1572,6,0.0038
25,Ambala,Sourcing,2296,4,0.0017
25,Vijayawada,Sourcing,17051,7,0.0004
25,Kanpur,CX,4613,7,0.0015
25,Silchar,CX,3636,8,0.0022
25,Meerut,WH,3700,1,0.0003
25,Kollam,Sourcing,9953,1,0.0001
25,Varanasi,WH,8055,4,0.0005
25,Chennai,CX,259760,1003,0.0039
25,Faridabad,Pod,11274,127,0.0113
25,Mumbai,Sourcing,350787,350,0.001
25,Mysore,Pod,20863,135,0.0065
25,Jaipur,WH,31904,13,0.0004
25,Nanded,CX,988,6,0.0061
25,Vapi,Pod,3967,21,0.0053
25,Karnal,Sourcing,983,9,0.0092
25,Thrissur,Pod,24328,2,0.0001
25,Patiala,WH,4041,3,0.0007
25,Kakinada,WH,3337,3,0.0009
25,Varanasi,CX,8055,13,0.0016
25,Gwalior,Sourcing,4280,7,0.0016
25,Ongole,Pod,1583,2,0.0013
25,Ludhiana,WH,8897,2,0.0002
25,Nizamabad,CX,1495,5,0.0033
25,Saharanpur,Sourcing,868,1,0.0012
25,Berhampur,Pod,1886,1,0.0005
25,Raipur,Pod,6824,3,0.0004
25,Rajahmundry,Pod,3860,2,0.0005
25,Nellore,WH,5649,1,0.0002
25,Tirupur,WH,6150,2,0.0003
25,Hyderabad,Pod,340482,2,0
25,Delhi,Sourcing,164889,158,0.001
25,Chennai,Pod,259760,3111,0.012
25,Kozhikode,Pod,15430,167,0.0108
25,Kolkata,Pod,91217,810,0.0089
25,Delhi,Pod,164889,59,0.0004
25,Delhi,Sourcing,164889,238,0.0014
25,Delhi,WH,164889,111,0.0007
25,Amritsar,Pod,3100,18,0.0058
25,Karimnagar,WH,3492,3,0.0009
25,Ranchi,WH,8795,5,0.0006
25,Pondicherry,WH,11639,6,0.0005
25,Thoothukudi,WH,5336,2,0.0004
25,Ambala,Pod,2296,2,0.0009
25,Ranchi,Pod,8795,3,0.0003
25,Kota,WH,1348,2,0.0015
25,Kannur,Pod,1960,1,0.0005
25,Karimnagar,WH,3492,2,0.0006
25,Rohtak,Sourcing,2847,1,0.0004
25,Pune,Pod,155892,73,0.0005
25,Mumbai,Pod,350787,2970,0.0085
25,Gurgaon,Pod,87585,980,0.0112
25,Ludhiana,Pod,8897,47,0.0053
25,Karimnagar,Pod,3492,33,0.0095
25,Madurai,CX,11647,36,0.0031
25,Noida 1,Sourcing,60135,69,0.0011
25,Sonipat,CX,1157,2,0.0017
25,Nizamabad,Pod,1495,7,0.0047
25,Vizag,Sourcing,19676,9,0.0005
25,Thanjavur,WH,5992,3,0.0005
25,Ajmer,WH,2268,3,0.0013
25,Ranchi,Sourcing,8795,2,0.0002
25,Thiruvalla,CX,5128,2,0.0004
25,Alappuzha,CX,4075,1,0.0002
25,Silchar,WH,3636,1,0.0003
25,Belgaum,WH,3412,1,0.0003
25,Raipur,Sourcing,6824,1,0.0001
25,Sri Ganganagar,Sourcing,2574,1,0.0004
25,Guwahati,WH,9963,1,0.0001
25,Thanjavur,Pod,5992,1,0.0002
25,Guwahati,Pod,9963,5,0.0005
25,Amritsar,Pod,3100,1,0.0003
25,Pune,Sourcing,155892,136,0.0009
25,Gurgaon,Pod,87585,24,0.0003
25,Eluru,Pod,1104,6,0.0054
25,Nagpur,Pod,8471,41,0.0048
25,Vadodara,Sourcing,7933,11,0.0014
25,Hubli,Sourcing,2692,3,0.0011
25,Pondicherry,Pod,11639,7,0.0006
25,Kakinada,CX,3337,18,0.0054
25,Bhubaneswar,WH,35416,7,0.0002
25,Mangaluru,Pod,18970,24,0.0013
25,Vapi,Pod,3967,2,0.0005
25,Manipal,Pod,6871,2,0.0003
25,Anantapur,Sourcing,4005,4,0.001
25,Kolhapur,Sourcing,2448,6,0.0025
25,Kollam,Sourcing,9953,6,0.0006
25,Vadodara,Pod,7933,5,0.0006
25,Ahmedabad,Sourcing,40358,11,0.0003
25,Kozhikode,WH,15430,10,0.0006
25,Indore,Sourcing,12651,20,0.0016
25,Chennai,Pod,259760,21,0.0001
25,Vadodara,Sourcing,7933,2,0.0003
25,Anand,Pod,1001,2,0.002
25,Trichy,Sourcing,9921,1,0.0001
25,Bilaspur,WH,1314,1,0.0008
25,Karimnagar,Sourcing,3492,1,0.0003
25,Jodhpur,Pod,1995,2,0.001
25,Ludhiana,Sourcing,8897,2,0.0002
25,Jalandhar,WH,2460,1,0.0004
25,Bangalore,Sourcing,637072,973,0.0015
25,Noida,WH,22289,14,0.0006
25,Jalandhar,CX,2460,7,0.0028
25,Jaipur,Sourcing,31904,21,0.0007
25,Sonipat,Pod,1157,9,0.0078
25,Vijayawada,Pod,17051,8,0.0005
25,Kannur,Pod,1960,7,0.0036
25,Salem,Pod,8469,3,0.0004
25,Moradabad,Pod,2662,2,0.0008
25,Silchar,Pod,3636,2,0.0006
25,Allahabad,CX,1613,2,0.0012
25,Bilaspur,Sourcing,1314,1,0.0008
25,Varanasi,Pod,8055,58,0.0072
25,Noida,Pod,22289,33,0.0015
25,Dehradun,CX,13430,34,0.0025
25,Bangalore,Sourcing,637072,59,0.0001
25,Cuttack,Pod,4296,2,0.0005
25,Jamshedpur,Sourcing,6302,8,0.0013
25,Rudrapur,Sourcing,989,3,0.003
25,Hubli,CX,2692,6,0.0022
25,Bhubaneswar,WH,35416,4,0.0001
25,Noida,Sourcing,22289,2,0.0001
25,Bhilai,WH,1344,2,0.0015
25,Gwalior,WH,4280,2,0.0005
25,Karaikkudi,Sourcing,2462,1,0.0004
25,Thrissur,Sourcing,24328,1,0
25,Muzaffarpur,Sourcing,1084,1,0.0009
25,Karnal,Sourcing,983,1,0.001
25,Bangalore,Pod,637072,277,0.0004
25,Kolkata,WH,91217,53,0.0006
25,Delhi,Sourcing,164889,140,0.0008
25,Mysore,Pod,20863,9,0.0004
25,Thiruvananthapuram,WH,45344,11,0.0002
25,Vijayawada,Sourcing,17051,5,0.0003
25,Ludhiana,Sourcing,8897,9,0.001
25,Jamshedpur,WH,6302,6,0.001
25,Trichy,Sourcing,9921,12,0.0012
25,Kurnool,Pod,5242,4,0.0008
25,Aurangabad,Sourcing,3884,6,0.0015
25,Coimbatore,Pod,32839,13,0.0004
25,Chandigarh,Sourcing,34691,21,0.0006
25,Tirupati,CX,10522,33,0.0031
25,Mangaluru,WH,18970,7,0.0004
25,Kakinada,Sourcing,3337,6,0.0018
25,Kollam,CX,9953,10,0.001
25,Karaikkudi,WH,2462,2,0.0008
25,Ujjain,Sourcing,2536,5,0.002
25,Mumbai,Sourcing,350787,5,0
25,Rajahmundry,Pod,3860,3,0.0008
25,Ongole,WH,1583,1,0.0006
25,Ujjain,WH,2536,1,0.0004
25,Hubli,WH,2692,2,0.0007
25,Bhimavaram,Sourcing,892,1,0.0011
25,Kolhapur,Sourcing,2448,1,0.0004
25,Hyderabad,Sourcing,340482,420,0.0012
25,Indore,Pod,12651,93,0.0074
25,Madurai,Pod,11647,102,0.0088
25,Hyderabad,Pod,340482,16,0
25,Moradabad,CX,2662,5,0.0019
25,Madurai,Pod,11647,4,0.0003
25,Coimbatore,Sourcing,32839,1,0
25,Cuddalore,CX,787,1,0.0013
25,Thiruvananthapuram,Pod,45344,194,0.0043
25,Kurnool,Pod,5242,52,0.0099
25,Gurgaon,CX,87585,256,0.0029
25,Central Goa,Pod,33858,216,0.0064
25,Chandigarh,CX,34691,136,0.0039
25,Nashik,Pod,8021,66,0.0082
25,Mysore,WH,20863,20,0.001
25,Ajmer,Sourcing,2268,5,0.0022
25,Bhilai,Pod,1344,2,0.0015
25,Kochi,CX,95090,111,0.0012
25,Bhopal,Pod,6575,43,0.0065
25,Chandigarh,WH,34691,17,0.0005
25,Anantapur,Pod,4005,13,0.0032
25,Sri Ganganagar,Pod,2574,20,0.0078
25,Tirunelveli,Sourcing,6323,5,0.0008
25,Agra,Sourcing,2661,4,0.0015
25,Nashik,WH,8021,2,0.0002
25,Udaipur,WH,5565,2,0.0004
25,Hubli,Pod,2692,1,0.0004
25,Mangaluru,CX,18970,41,0.0022
25,Karnal,Pod,983,9,0.0092
25,Thiruvananthapuram,Pod,45344,19,0.0004
25,Agra,Pod,2661,27,0.0101
25,Bhopal,CX,6575,23,0.0035
25,Pondicherry,CX,11639,39,0.0034
25,Manipal,CX,6871,20,0.0029
25,Rajkot,Pod,4715,44,0.0093
25,Tirupur,WH,6150,17,0.0028
25,Bhilai,CX,1344,8,0.006
25,Bhopal,Sourcing,6575,7,0.0011
25,Lonavla,Pod,892,7,0.0078
25,Ranchi,Sourcing,8795,2,0.0002
25,Trichy,Pod,9921,81,0.0082
25,Bhubaneswar,Sourcing,35416,7,0.0002
25,Roorkee,Pod,1425,9,0.0063
25,Gwalior,Pod,4280,1,0.0002
25,Aurangabad,Sourcing,3884,3,0.0008
25,Rudrapur,Pod,989,5,0.0051
25,Vizag,Pod,19676,9,0.0005
25,Vellore,Sourcing,7608,4,0.0005
25,Vizianagaram,Pod,1002,1,0.001
25,Ujjain,Sourcing,2536,3,0.0012
25,Agra,Sourcing,2661,3,0.0011
25,Muzaffarpur,Sourcing,1084,1,0.0009
25,Davanagere,Pod,1669,6,0.0036
25,Khammam,WH,5180,3,0.0006
25,Tumakuru,Sourcing,3652,3,0.0008
25,Cuttack,CX,4296,8,0.0019
25,Moradabad,Sourcing,2662,2,0.0008
25,Jamshedpur,Pod,6302,93,0.0148
25,Raipur,Pod,6824,98,0.0144
25,Kurnool,CX,5242,20,0.0038
25,Thiruvananthapuram,Pod,45344,8,0.0002
25,Vellore,Pod,7608,5,0.0007
25,Guntur,WH,10177,2,0.0002
25,Karur,CX,2879,3,0.001
25,Varanasi,WH,8055,3,0.0004
25,Rohtak,Sourcing,2847,2,0.0007
25,Bhopal,Sourcing,6575,2,0.0003
25,Thiruvallur,WH,2177,2,0.0009
25,Coimbatore,Pod,32839,27,0.0008
25,Kakinada,Pod,3337,28,0.0084
25,Nellore,Pod,5649,3,0.0005
25,Bathinda,WH,1095,1,0.0009
25,Dibrugarh,Pod,2473,14,0.0057
25,Thiruvalla,Pod,5128,1,0.0002
25,Patiala,Pod,4041,1,0.0002
25,Faridabad,Sourcing,11274,12,0.0011
25,Anand,Sourcing,1001,1,0.001
25,Surat,Pod,10269,5,0.0005
25,Udaipur,WH,5565,6,0.0011
25,Lucknow,Sourcing,19419,6,0.0003
25,Jalandhar,Pod,2460,13,0.0053
25,Bathinda,Sourcing,1095,2,0.0018
25,Lucknow,Pod,19419,3,0.0002
25,Mathura,Sourcing,1838,1,0.0005
25,Jabalpur,WH,3074,1,0.0003
25,Bangalore,Sourcing,637072,262,0.0004
25,Kanchipuram,Pod,3161,26,0.0082
25,Jodhpur,Pod,1995,25,0.0125
25,Vadodara,Pod,7933,41,0.0052
25,Delhi,CX,164889,483,0.0029
25,Patna,Sourcing,20048,13,0.0006
25,Thoothukudi,WH,5336,2,0.0004
25,Belgaum,Sourcing,3412,3,0.0009
25,Thanjavur,Pod,5992,2,0.0003
25,Thoothukudi,Pod,5336,52,0.0097
25,Pondicherry,Sourcing,11639,1,0.0001
25,Thiruvananthapuram,Sourcing,45344,3,0.0001
25,Alappuzha,WH,4075,1,0.0002
25,Thanjavur,CX,5992,18,0.003
25,Roorkee,Sourcing,1425,3,0.0021
25,Meerut,Sourcing,3700,3,0.0008
25,Palakkad,WH,5029,2,0.0004
25,Panipat,Pod,3183,1,0.0003
25,Kollam,Pod,9953,1,0.0001
25,Noida 1,CX,60135,183,0.003
25,Tirupur,Pod,6150,38,0.0062
25,Tirupati,WH,10522,11,0.001
25,Latur,CX,1297,6,0.0046
25,Kurnool,Sourcing,5242,4,0.0008
25,Noida,Pod,22289,15,0.0007
25,Faridabad,Sourcing,11274,9,0.0008
25,Surat,WH,10269,2,0.0002
25,Erode,Sourcing,4173,2,0.0005
25,Nellore,Sourcing,5649,2,0.0004
25,Thiruvalla,Sourcing,5128,1,0.0002
25,Bhubaneswar,Pod,35416,21,0.0006
25,Guwahati,Pod,9963,113,0.0113
25,Ongole,CX,1583,8,0.0051
25,Faridabad,CX,11274,40,0.0035
25,Surat,WH,10269,3,0.0003
25,Nellore,WH,5649,8,0.0014
25,Mangaluru,WH,18970,14,0.0007
25,Tirupur,Sourcing,6150,2,0.0003
25,Rajkot,Pod,4715,5,0.0011
25,Moradabad,Sourcing,2662,1,0.0004
25,Central Goa,Sourcing,33858,1,0
25,Nizamabad,Pod,1495,1,0.0007
25,Karnal,Pod,983,1,0.001
25,Pune,CX,155892,539,0.0035
25,Mangaluru,Pod,18970,143,0.0075
25,Chennai,WH,259760,174,0.0007
25,Coimbatore,Sourcing,32839,43,0.0013
25,Silchar,Sourcing,3636,5,0.0014
25,Guwahati,Sourcing,9963,9,0.0009
25,Kozhikode,Sourcing,15430,2,0.0001
25,Aligarh,WH,1572,2,0.0013
25,Thrissur,Pod,24328,132,0.0054
25,Central Goa,Sourcing,33858,49,0.0014
25,Noida,Sourcing,22289,31,0.0014
25,Nellore,Sourcing,5649,8,0.0014
25,Anantapur,CX,4005,5,0.0012
25,Patiala,WH,4041,4,0.001
25,Roorkee,Sourcing,1425,2,0.0014
25,Ahmedabad,Sourcing,40358,25,0.0006
25,Dibrugarh,Sourcing,2473,1,0.0004
25,Mangaluru,Sourcing,18970,23,0.0012
25,Jabalpur,CX,3074,13,0.0042
25,Nanded,Pod,988,13,0.0132
25,Surat,CX,10269,14,0.0014
25,Rohtak,CX,2847,6,0.0021
25,Nellore,Pod,5649,1,0.0002
25,Silchar,Sourcing,3636,2,0.0006
25,Vizianagaram,CX,1002,5,0.005
25,Dehradun,Pod,13430,116,0.0086
25,Mathura,Pod,1838,18,0.0098
25,Tirupur,CX,6150,16,0.0026
25,Kozhikode,CX,15430,31,0.002
25,Kochi,Sourcing,95090,59,0.0006
25,Kannur,Sourcing,1960,2,0.001
25,Dehradun,Sourcing,13430,11,0.0008
25,Roorkee,CX,1425,7,0.0049
25,Chandigarh,WH,34691,9,0.0003
25,Tirupati,Sourcing,10522,3,0.0003
25,Gorakhpur,CX,2656,8,0.003
25,Mathura,CX,1838,2,0.0011
25,Gorakhpur,Sourcing,2656,4,0.0015
25,Pondicherry,Sourcing,11639,5,0.0004
25,Chandigarh,Pod,34691,21,0.0006
25,Bhopal,Pod,6575,1,0.0002
25,Varanasi,Sourcing,8055,9,0.0011
25,Cuttack,Pod,4296,19,0.0044
25,Ranchi,Sourcing,8795,5,0.0006
25,Agra,Sourcing,2661,5,0.0019
25,Bareilly,Sourcing,1458,4,0.0027
25,Rohtak,Sourcing,2847,2,0.0007
25,Davanagere,Sourcing,1669,1,0.0006
25,Jamshedpur,Sourcing,6302,2,0.0003
25,Chennai,Sourcing,259760,1,0
25,Siliguri,Pod,4033,2,0.0005
25,Thrissur,Sourcing,24328,1,0
25,Bangalore,Sourcing,637072,492,0.0008
25,Coimbatore,Pod,32839,350,0.0107
25,Raipur,CX,6824,49,0.0072
25,Tirupati,WH,10522,6,0.0006
25,Nagpur,Sourcing,8471,9,0.0011
25,Chandigarh,Pod,34691,21,0.0006
25,Ongole,Pod,1583,14,0.0088
25,Surat,Sourcing,10269,5,0.0005
25,Karaikkudi,CX,2462,9,0.0037
25,Madurai,WH,11647,5,0.0004
25,Warangal,Pod,8822,6,0.0007
25,Tirupati,Sourcing,10522,1,0.0001
25,Shivamogga,Sourcing,2931,1,0.0003
25,Siliguri,WH,4033,1,0.0002
25,Kottayam,Pod,6278,30,0.0048
25,Salem,CX,8469,7,0.0008
25,Jodhpur,CX,1995,8,0.004
25,Tumakuru,CX,3652,7,0.0019
25,Indore,WH,12651,8,0.0006
25,Ujjain,CX,2536,12,0.0047
25,Thiruvalla,Pod,5128,14,0.0027
25,Kanchipuram,Pod,3161,3,0.0009
25,Anand,CX,1001,4,0.004
25,Thanjavur,WH,5992,2,0.0003
25,Noida,Pod,22289,268,0.012
25,Bhilai,Pod,1344,28,0.0208
25,Noida 1,Sourcing,60135,53,0.0009
25,Jaipur,Pod,31904,18,0.0006
25,Palakkad,Pod,5029,4,0.0008
25,Mangaluru,Sourcing,18970,4,0.0002
25,Jodhpur,WH,1995,1,0.0005
25,Vizianagaram,WH,1002,1,0.001
25,Salem,Sourcing,8469,1,0.0001
25,Hubli,Sourcing,2692,1,0.0004
25,Udaipur,Sourcing,5565,1,0.0002
25,Bikaner,Sourcing,1167,1,0.0009
25,Patna,CX,20048,68,0.0034
25,Ludhiana,Sourcing,8897,8,0.0009
25,Kochi,Sourcing,95090,24,0.0003
25,Vapi,Sourcing,3967,3,0.0008
25,Gorakhpur,Sourcing,2656,4,0.0015
25,Karimnagar,Sourcing,3492,6,0.0017
25,Thrissur,WH,24328,4,0.0002
25,Meerut,Pod,3700,1,0.0003
25,Udaipur,CX,5565,27,0.0049
25,Tirupati,Sourcing,10522,10,0.001
25,Ahmedabad,WH,40358,8,0.0002
25,Salem,WH,8469,5,0.0006
25,Moradabad,WH,2662,4,0.0015
25,Davanagere,Sourcing,1669,2,0.0012
25,Palakkad,WH,5029,1,0.0002
25,Panipat,Sourcing,3183,1,0.0003
25,Bhilai,Pod,1344,1,0.0007
25,Kanchipuram,Sourcing,3161,2,0.0006
25,Roorkee,Pod,1425,2,0.0014
25,Kottayam,WH,6278,1,0.0002
25,Muzaffarpur,Pod,1084,1,0.0009
25,Khammam,Pod,5180,2,0.0004
25,Varanasi,Pod,8055,1,0.0001
25,Kolhapur,WH,2448,1,0.0004
25,Bikaner,WH,1167,1,0.0009
25,Nellore,Sourcing,5649,1,0.0002
25,Karaikkudi,WH,2462,2,0.0008
25,Ahmedabad,WH,40358,15,0.0004
25,Tirupati,Pod,10522,12,0.0011
25,Warangal,Pod,8822,4,0.0005
25,Rajkot,Sourcing,4715,3,0.0006
25,Jodhpur,Sourcing,1995,1,0.0005
25,Ahmedabad,Pod,40358,320,0.0079
25,Kanchipuram,CX,3161,10,0.0032
25,Aligarh,Pod,1572,13,0.0083
25,Meerut,CX,3700,8,0.0022
25,Kolkata,Sourcing,91217,6,0.0001
25,Patiala,Pod,4041,2,0.0005
25,Jabalpur,Sourcing,3074,2,0.0007
25,Thanjavur,Pod,5992,2,0.0003
25,Kozhikode,Sourcing,15430,1,0.0001
25,Surat,Sourcing,10269,1,0.0001
25,Mumbai,Pod,350787,126,0.0004
25,Nizamabad,Sourcing,1495,1,0.0007
25,Patna,Pod,20048,11,0.0005
25,Aligarh,Sourcing,1572,4,0.0025
25,Allahabad,Pod,1613,10,0.0062
25,Dehradun,Pod,13430,2,0.0001
25,Ambala,CX,2296,5,0.0022
25,Patiala,Sourcing,4041,6,0.0015
25,Moradabad,WH,2662,2,0.0008
25,Salem,Pod,8469,42,0.005
25,Jaipur,Sourcing,31904,20,0.0006
25,Aurangabad,Pod,3884,32,0.0082
25,Karaikkudi,Pod,2462,27,0.011
25,Ujjain,Pod,2536,21,0.0083
25,Jamshedpur,Pod,6302,6,0.001
25,Trichy,WH,9921,8,0.0008
25,Kanpur,Sourcing,4613,10,0.0022
25,Moradabad,Sourcing,2662,2,0.0008
25,Cuttack,Sourcing,4296,7,0.0016
26,Erode,WH,3951,1,0.0003
26,Hubli,Sourcing,2669,1,0.0004
26,Eluru,Pod,1237,1,0.0008
26,Thiruvalla,Pod,5646,1,0.0002
26,Latur,Pod,1163,1,0.0009
26,Chandigarh,Sourcing,37043,49,0.0013
26,Hubli,Pod,2669,1,0.0004
26,Nagpur,Pod,9437,1,0.0001
26,Kota,WH,1247,1,0.0008
26,Vellore,Sourcing,8078,2,0.0002
26,Vijayawada,Pod,17173,107,0.0062
26,Cuttack,Sourcing,4225,4,0.0009
26,Patna,Sourcing,20956,23,0.0011
26,Bhopal,Sourcing,7119,2,0.0003
26,Udaipur,CX,5906,26,0.0044
26,Dehradun,Pod,13089,116,0.0089
26,Ahmedabad,CX,42839,140,0.0033
26,Patna,Sourcing,20956,20,0.001
26,Nashik,Pod,8884,81,0.0091
26,Thiruvananthapuram,Sourcing,41886,27,0.0006
26,Mangaluru,Sourcing,21036,13,0.0006
26,Jamshedpur,Sourcing,6201,11,0.0018
26,Patiala,Sourcing,4261,3,0.0007
26,Guntur,Pod,10636,87,0.0082
26,Bhopal,CX,7119,14,0.002
26,Tirunelveli,Sourcing,6166,7,0.0011
26,Anantapur,Sourcing,4109,2,0.0005
26,Rohtak,Pod,3057,2,0.0007
26,Kanpur,Pod,4524,37,0.0082
26,Guntur,Sourcing,10636,5,0.0005
26,Siliguri,Pod,4184,33,0.0079
26,Thiruvallur,CX,2144,10,0.0047
26,Allahabad,Sourcing,2025,3,0.0015
26,Nellore,Sourcing,6017,4,0.0007
26,Manipal,WH,7086,5,0.0007
26,Patiala,Pod,4261,35,0.0082
26,Varanasi,Sourcing,8358,2,0.0002
26,Rajkot,WH,4940,1,0.0002
26,Kolhapur,Sourcing,2537,5,0.002
26,Patiala,WH,4261,3,0.0007
26,Karnal,Sourcing,1261,1,0.0008
26,Kanpur,WH,4524,1,0.0002
26,Bangalore,Sourcing,644548,1014,0.0016
26,Faridabad,Pod,12878,173,0.0134
26,Ujjain,Pod,2350,23,0.0098
26,Delhi,WH,171109,80,0.0005
26,Nagpur,Sourcing,9437,6,0.0006
26,Jaipur,WH,33735,13,0.0004
26,Silchar,Sourcing,4090,2,0.0005
26,Bhopal,Sourcing,7119,13,0.0018
26,Sri Ganganagar,CX,2688,5,0.0019
26,Surat,Sourcing,10588,13,0.0012
26,Varanasi,WH,8358,3,0.0004
26,Vellore,WH,8078,6,0.0007
26,Panipat,Sourcing,3791,6,0.0016
26,Kannur,Pod,2038,3,0.0015
26,Muzaffarpur,Pod,1280,4,0.0031
26,Mumbai,Sourcing,359067,342,0.001
26,Pune,WH,163505,17,0.0001
26,Patiala,Sourcing,4261,4,0.0009
26,Kolhapur,CX,2537,7,0.0028
26,Guntur,CX,10636,27,0.0025
26,Vellore,CX,8078,11,0.0014
26,Coimbatore,Sourcing,31944,12,0.0004
26,Ahmedabad,WH,42839,20,0.0005
26,Saharanpur,Pod,865,18,0.0208
26,Patiala,Sourcing,4261,4,0.0009
26,Ambala,Sourcing,2392,7,0.0029
26,Surat,WH,10588,1,0.0001
26,Central Goa,WH,33359,1,0
26,Raipur,Pod,6650,1,0.0002
26,Jabalpur,WH,3508,1,0.0003
26,Anantapur,Pod,4109,1,0.0002
26,Ranchi,WH,8620,2,0.0002
26,Thiruvalla,Pod,5646,1,0.0002
26,Berhampur,Sourcing,1766,1,0.0006
26,Jalandhar,WH,2795,1,0.0004
26,Surat,Pod,10588,2,0.0002
26,Thrissur,Sourcing,24799,1,0
26,Belgaum,Pod,3297,17,0.0052
26,Vizag,WH,19873,6,0.0003
26,Jabalpur,Sourcing,3508,10,0.0029
26,Gorakhpur,Pod,2813,26,0.0092
26,Pondicherry,Sourcing,11186,10,0.0009
26,Lucknow,Pod,21205,33,0.0016
26,Kottayam,Pod,6397,19,0.003
26,Rajahmundry,CX,3978,11,0.0028
26,Warangal,WH,9182,10,0.0011
26,Saharanpur,CX,865,7,0.0081
26,Lucknow,Sourcing,21205,17,0.0008
26,Meerut,Pod,4296,15,0.0035
26,Thanjavur,Sourcing,5860,5,0.0009
26,Ongole,CX,1666,9,0.0054
26,Surat,Sourcing,10588,3,0.0003
26,Siliguri,CX,4184,15,0.0036
26,Kolkata,Sourcing,96119,111,0.0012
26,Central Goa,Sourcing,33359,56,0.0017
26,Meerut,CX,4296,19,0.0044
26,Kollam,Pod,10032,21,0.0021
26,Kozhikode,Sourcing,15535,10,0.0006
26,Eluru,CX,1237,4,0.0032
26,Palakkad,Sourcing,4961,1,0.0002
26,Ujjain,Pod,2350,1,0.0004
26,Karimnagar,Pod,3514,1,0.0003
26,Karaikkudi,WH,2357,5,0.0021
26,Kurnool,Sourcing,5333,6,0.0011
26,Thiruvallur,Sourcing,2144,1,0.0005
26,Jamshedpur,Sourcing,6201,2,0.0003
26,Ranchi,Pod,8620,95,0.011
26,Bhimavaram,Pod,921,6,0.0065
26,Panipat,CX,3791,15,0.004
26,Tirupur,WH,5810,8,0.0014
26,Manipal,Sourcing,7086,8,0.0011
26,Udaipur,Sourcing,5906,10,0.0017
26,Ujjain,Sourcing,2350,6,0.0026
26,Vijayawada,Pod,17173,5,0.0003
26,Kurnool,Sourcing,5333,4,0.0008
26,Madurai,Pod,11432,2,0.0002
26,Thoothukudi,Pod,5366,2,0.0004
26,Thrissur,Pod,24799,3,0.0001
26,Berhampur,WH,1766,2,0.0011
26,Karaikkudi,Sourcing,2357,2,0.0008
26,Nagercoil,Sourcing,4193,1,0.0002
26,Gorakhpur,Sourcing,2813,1,0.0004
26,Noida 1,Sourcing,62129,90,0.0014
26,Ambala,Pod,2392,23,0.0096
26,Kolkata,CX,96119,292,0.003
26,Guwahati,Pod,9953,108,0.0109
26,Tirupati,Sourcing,11228,18,0.0016
26,Madurai,Sourcing,11432,4,0.0004
26,Kollam,Sourcing,10032,1,0.0001
26,Varanasi,CX,8358,15,0.0018
26,Bathinda,Sourcing,1234,1,0.0008
26,Kota,Sourcing,1247,1,0.0008
26,Kollam,Pod,10032,3,0.0003
26,Thrissur,Pod,24799,1,0
26,Kanchipuram,WH,3294,1,0.0003
26,Saharanpur,Pod,865,1,0.0012
26,Faridabad,Sourcing,12878,20,0.0016
26,Bangalore,Pod,644548,4504,0.007
26,Bangalore,Sourcing,644548,370,0.0006
26,Warangal,Sourcing,9182,12,0.0013
26,Bhubaneswar,Sourcing,35968,55,0.0015
26,Tirunelveli,CX,6166,12,0.0019
26,Ahmedabad,Sourcing,42839,84,0.002
26,Vizag,Pod,19873,13,0.0007
26,Jamshedpur,Pod,6201,4,0.0006
26,Kakinada,CX,3456,24,0.0069
26,Meerut,Sourcing,4296,8,0.0019
26,Anantapur,Sourcing,4109,3,0.0007
26,Varanasi,Sourcing,8358,5,0.0006
26,Vizag,WH,19873,15,0.0008
26,Patna,WH,20956,2,0.0001
26,Warangal,Sourcing,9182,1,0.0001
26,Manipal,Sourcing,7086,1,0.0001
26,Lonavla,Sourcing,1130,2,0.0018
26,Cuddalore,WH,820,1,0.0012
26,Bareilly,CX,1620,1,0.0006
26,Surat,Pod,10588,2,0.0002
26,Faridabad,Pod,12878,1,0.0001
26,Noida 1,Pod,62129,565,0.0091
26,Hyderabad,WH,344461,122,0.0004
26,Chennai,WH,258256,145,0.0006
26,Nanded,Pod,942,9,0.0096
26,Amravati,Pod,1544,11,0.0071
26,Kurnool,Pod,5333,14,0.0026
26,Gorakhpur,Sourcing,2813,5,0.0018
26,Raipur,WH,6650,4,0.0006
26,Kozhikode,WH,15535,3,0.0002
26,Nizamabad,Sourcing,1435,1,0.0007
26,Allahabad,WH,2025,1,0.0005
26,Pune,Sourcing,163505,212,0.0013
26,Chandigarh,Pod,37043,376,0.0102
26,Bangalore,Pod,644548,191,0.0003
26,Karur,Pod,2789,20,0.0072
26,Kozhikode,CX,15535,22,0.0014
26,Belgaum,CX,3297,2,0.0006
26,Aligarh,WH,1956,2,0.001
26,Hyderabad,Pod,344461,130,0.0004
26,Aurangabad,Pod,3958,39,0.0099
26,Thiruvallur,WH,2144,3,0.0014
26,Sonipat,CX,1337,4,0.003
26,Nanded,Pod,942,1,0.0011
26,Nizamabad,WH,1435,1,0.0007
26,Salem,Pod,8528,52,0.0061
26,Hubli,Pod,2669,11,0.0041
26,Kozhikode,Pod,15535,67,0.0043
26,Vapi,Pod,4462,32,0.0072
26,Bangalore,Sourcing,644548,72,0.0001
26,Gwalior,Pod,4249,30,0.0071
26,Thiruvananthapuram,Sourcing,41886,8,0.0002
26,Kozhikode,Pod,15535,4,0.0003
26,Manipal,Pod,7086,20,0.0028
26,Bilaspur,Pod,1255,13,0.0104
26,Noida 1,Pod,62129,136,0.0022
26,Patna,Sourcing,20956,5,0.0002
26,Amritsar,Pod,3609,23,0.0064
26,Thiruvananthapuram,Pod,41886,3,0.0001
26,Varanasi,Sourcing,8358,7,0.0008
26,Kottayam,WH,6397,2,0.0003
26,Thoothukudi,WH,5366,2,0.0004
26,Panipat,Pod,3791,2,0.0005
26,Aurangabad,Sourcing,3958,1,0.0003
26,Meerut,Pod,4296,36,0.0084
26,Kakinada,Sourcing,3456,5,0.0014
26,Noida,CX,25156,65,0.0026
26,Gurgaon,CX,91484,273,0.003
26,Silchar,Pod,4090,25,0.0061
26,Kozhikode,Pod,15535,22,0.0014
26,Nagercoil,CX,4193,3,0.0007
26,Vizag,Sourcing,19873,17,0.0009
26,Coimbatore,Sourcing,31944,7,0.0002
26,Ludhiana,Pod,9194,39,0.0042
26,Rajkot,Pod,4940,38,0.0077
26,Nellore,WH,6017,3,0.0005
26,Berhampur,CX,1766,4,0.0023
26,Hubli,Sourcing,2669,6,0.0022
26,Kota,Sourcing,1247,3,0.0024
26,Gwalior,WH,4249,1,0.0002
26,Roorkee,WH,1359,2,0.0015
26,Central Goa,Pod,33359,190,0.0057
26,Mangaluru,Sourcing,21036,26,0.0012
26,Panipat,Pod,3791,62,0.0164
26,Jamshedpur,CX,6201,23,0.0037
26,Jaipur,Sourcing,33735,24,0.0007
26,Jalandhar,Sourcing,2795,4,0.0014
26,Kanchipuram,Pod,3294,24,0.0073
26,Rohtak,CX,3057,12,0.0039
26,Kakinada,Sourcing,3456,1,0.0003
26,Aligarh,Pod,1956,4,0.002
26,Bareilly,Sourcing,1620,1,0.0006
26,Ajmer,WH,2454,1,0.0004
26,Tirunelveli,Pod,6166,50,0.0081
26,Varanasi,Pod,8358,65,0.0078
26,Anantapur,Pod,4109,28,0.0068
26,Tirunelveli,WH,6166,5,0.0008
26,Surat,CX,10588,21,0.002
26,Mangaluru,CX,21036,40,0.0019
26,Guwahati,Sourcing,9953,4,0.0004
26,Tirupati,Pod,11228,2,0.0002
26,Dibrugarh,CX,2500,7,0.0028
26,Hubli,CX,2669,3,0.0011
26,Rohtak,Pod,3057,47,0.0154
26,Lucknow,Pod,21205,122,0.0058
26,Kannur,Sourcing,2038,3,0.0015
26,Kanpur,Sourcing,4524,2,0.0004
26,Thiruvalla,Sourcing,5646,3,0.0005
26,Amravati,Sourcing,1544,9,0.0058
26,Anand,Sourcing,1139,3,0.0026
26,Faridabad,WH,12878,8,0.0006
26,Sri Ganganagar,Sourcing,2688,1,0.0004
26,Lonavla,Pod,1130,1,0.0009
26,Ludhiana,WH,9194,1,0.0001
26,Tirupur,Sourcing,5810,1,0.0002
26,Anand,Sourcing,1139,1,0.0009
26,Chennai,Sourcing,258256,109,0.0004
26,Gurgaon,Sourcing,91484,58,0.0006
26,Ajmer,WH,2454,1,0.0004
26,Lonavla,Sourcing,1130,2,0.0018
26,Chennai,Sourcing,258256,280,0.0011
26,Kollam,Sourcing,10032,1,0.0001
26,Nagercoil,WH,4193,1,0.0002
26,Hyderabad,Sourcing,344461,420,0.0012
26,Mysore,CX,21170,36,0.0017
26,Bhubaneswar,WH,35968,2,0.0001
26,Chennai,Sourcing,258256,183,0.0007
26,Gurgaon,WH,91484,60,0.0007
26,Amritsar,Sourcing,3609,3,0.0008
26,Lucknow,Sourcing,21205,20,0.0009
26,Thoothukudi,Pod,5366,48,0.0089
26,Kota,Pod,1247,13,0.0104
26,Kanchipuram,CX,3294,5,0.0015
26,Moradabad,Sourcing,2734,7,0.0026
26,Karaikkudi,CX,2357,7,0.003
26,Davanagere,CX,1636,12,0.0073
26,Kottayam,CX,6397,3,0.0005
26,Thiruvallur,Pod,2144,17,0.0079
26,Patna,WH,20956,6,0.0003
26,Tumakuru,CX,3728,4,0.0011
26,Kurnool,Sourcing,5333,3,0.0006
26,Erode,Pod,3951,2,0.0005
26,Noida 1,WH,62129,24,0.0004
26,Pune,WH,163505,41,0.0003
26,Faridabad,CX,12878,86,0.0067
26,Udaipur,Pod,5906,74,0.0125
26,Agra,Sourcing,2637,4,0.0015
26,Sri Ganganagar,Pod,2688,25,0.0093
26,Nellore,Sourcing,6017,8,0.0013
26,Ahmedabad,WH,42839,7,0.0002
26,Madurai,WH,11432,10,0.0009
26,Vapi,Pod,4462,1,0.0002
26,Shivamogga,Sourcing,2786,3,0.0011
26,Kochi,Pod,95106,13,0.0001
26,Nellore,Pod,6017,5,0.0008
26,Trichy,Pod,9894,1,0.0001
26,Jalandhar,Pod,2795,1,0.0004
26,Jaipur,Pod,33735,1,0
26,Mumbai,Sourcing,359067,209,0.0006
26,Delhi,Sourcing,171109,158,0.0009
26,Gurgaon,Sourcing,91484,127,0.0014
26,Dehradun,Sourcing,13089,19,0.0015
26,Pune,Sourcing,163505,86,0.0005
26,Udaipur,WH,5906,10,0.0017
26,Shivamogga,CX,2786,3,0.0011
26,Bhilai,Sourcing,1278,4,0.0031
26,Ranchi,WH,8620,4,0.0005
26,Tirupati,WH,11228,12,0.0011
26,Guntur,Sourcing,10636,13,0.0012
26,Thiruvananthapuram,Pod,41886,17,0.0004
26,Kota,Sourcing,1247,6,0.0048
26,Alappuzha,CX,3987,3,0.0008
26,Cuttack,CX,4225,9,0.0021
26,Guwahati,Sourcing,9953,10,0.001
26,Ongole,Pod,1666,6,0.0036
26,Vadodara,Pod,8350,2,0.0002
26,Jaipur,Pod,33735,261,0.0077
26,Nagpur,Sourcing,9437,11,0.0012
26,Ongole,Sourcing,1666,4,0.0024
26,Aligarh,Sourcing,1956,6,0.0031
26,Bathinda,Pod,1234,13,0.0105
26,Roorkee,CX,1359,3,0.0022
26,Kollam,CX,10032,4,0.0004
26,Kochi,Pod,95106,8,0.0001
26,Kanchipuram,Sourcing,3294,1,0.0003
26,Panipat,Pod,3791,2,0.0005
26,Madurai,Sourcing,11432,1,0.0001
26,Mathura,Pod,1926,1,0.0005
26,Gorakhpur,Pod,2813,1,0.0004
26,Dibrugarh,Pod,2500,1,0.0004
26,Bhopal,Pod,7119,4,0.0006
26,Thoothukudi,CX,5366,10,0.0019
26,Chandigarh,CX,37043,176,0.0048
26,Mangaluru,Pod,21036,110,0.0052
26,Khammam,Pod,4929,38,0.0077
26,Tirupati,WH,11228,6,0.0005
26,Patiala,CX,4261,10,0.0023
26,Vadodara,Sourcing,8350,6,0.0007
26,Bhilai,CX,1278,8,0.0063
26,Kolkata,Sourcing,96119,8,0.0001
26,Bathinda,CX,1234,5,0.0041
26,Rajahmundry,Pod,3978,2,0.0005
26,Ujjain,Pod,2350,1,0.0004
26,Mumbai,Pod,359067,3383,0.0094
26,Coimbatore,Pod,31944,326,0.0102
26,Gurgaon,Pod,91484,20,0.0002
26,Nashik,Pod,8884,25,0.0028
26,Bangalore,Pod,644548,4,0
26,Ongole,Sourcing,1666,1,0.0006
26,Tirupur,Sourcing,5810,2,0.0003
26,Chennai,Sourcing,258256,2,0
26,Mathura,Sourcing,1926,3,0.0016
26,Guwahati,WH,9953,3,0.0003
26,Kozhikode,WH,15535,4,0.0003
26,Warangal,Pod,9182,2,0.0002
26,Chandigarh,Pod,37043,14,0.0004
26,Gurgaon,WH,91484,49,0.0005
26,Vijayawada,CX,17173,32,0.0019
26,Faridabad,Pod,12878,9,0.0007
26,Ahmedabad,Sourcing,42839,10,0.0002
26,Salem,WH,8528,8,0.0009
26,Bhubaneswar,Sourcing,35968,10,0.0003
26,Alappuzha,Pod,3987,11,0.0028
26,Bareilly,Pod,1620,9,0.0056
26,Vijayawada,Sourcing,17173,4,0.0002
26,Rohtak,Sourcing,3057,5,0.0016
26,Salem,Sourcing,8528,5,0.0006
26,Jabalpur,CX,3508,7,0.002
26,Trichy,Sourcing,9894,2,0.0002
26,Nanded,Pod,942,3,0.0032
26,Bhubaneswar,WH,35968,6,0.0002
26,Chandigarh,Pod,37043,3,0.0001
26,Jodhpur,WH,2042,3,0.0015
26,Bangalore,Sourcing,644548,534,0.0008
26,Coimbatore,CX,31944,120,0.0038
26,Pune,Pod,163505,57,0.0003
26,Trichy,Pod,9894,100,0.0101
26,Central Goa,Pod,33359,16,0.0005
26,Guntur,WH,10636,15,0.0014
26,Karimnagar,CX,3514,4,0.0011
26,Vapi,Sourcing,4462,2,0.0004
26,Bhopal,WH,7119,1,0.0001
26,Ranchi,CX,8620,24,0.0028
26,Karaikkudi,Sourcing,2357,2,0.0008
26,Vapi,WH,4462,1,0.0002
26,Cuttack,Sourcing,4225,2,0.0005
26,Sonipat,Sourcing,1337,1,0.0007
26,Kottayam,Sourcing,6397,5,0.0008
26,Kollam,Sourcing,10032,1,0.0001
26,Udaipur,WH,5906,2,0.0003
26,Mumbai,CX,359067,1083,0.003
26,Tirupur,Pod,5810,47,0.0081
26,Central Goa,Sourcing,33359,6,0.0002
26,Latur,CX,1163,4,0.0034
26,Nashik,Sourcing,8884,7,0.0008
26,Kurnool,Pod,5333,39,0.0073
26,Bathinda,Sourcing,1234,5,0.0041
26,Dibrugarh,Pod,2500,3,0.0012
26,Chandigarh,Sourcing,37043,13,0.0004
26,Indore,WH,14353,3,0.0002
26,Jamshedpur,Sourcing,6201,4,0.0006
26,Mumbai,Pod,359067,77,0.0002
26,Noida 1,Pod,62129,19,0.0003
26,Bhopal,Pod,7119,41,0.0058
26,Rajkot,CX,4940,11,0.0022
26,Rajahmundry,WH,3978,3,0.0008
26,Jamshedpur,Pod,6201,72,0.0116
26,Kolkata,Sourcing,96119,84,0.0009
26,Thoothukudi,Pod,5366,2,0.0004
26,Thrissur,WH,24799,6,0.0002
26,Thiruvananthapuram,Sourcing,41886,1,0
26,Allahabad,Sourcing,2025,3,0.0015
26,Kota,CX,1247,1,0.0008
26,Kannur,Sourcing,2038,1,0.0005
26,Gwalior,Pod,4249,1,0.0002
26,Belgaum,Sourcing,3297,1,0.0003
26,Tirupur,WH,5810,1,0.0002
26,Patiala,WH,4261,1,0.0002
26,Raipur,Sourcing,6650,13,0.002
26,Delhi,WH,171109,109,0.0006
26,Kota,Sourcing,1247,1,0.0008
26,Gurgaon,Pod,91484,1114,0.0122
26,Hyderabad,Pod,344461,3798,0.011
26,Faridabad,Sourcing,12878,34,0.0026
26,Noida,Pod,25156,237,0.0094
26,Warangal,Sourcing,9182,9,0.001
26,Ludhiana,CX,9194,15,0.0016
26,Nagpur,WH,9437,4,0.0004
26,Karimnagar,Pod,3514,25,0.0071
26,Gurgaon,Sourcing,91484,126,0.0014
26,Bhilai,Sourcing,1278,3,0.0023
26,Sonipat,Pod,1337,15,0.0112
26,Aligarh,Sourcing,1956,8,0.0041
26,Jalandhar,Pod,2795,19,0.0068
26,Kochi,WH,95106,14,0.0001
26,Siliguri,Pod,4184,2,0.0005
26,Jodhpur,CX,2042,11,0.0054
26,Gwalior,Sourcing,4249,3,0.0007
26,Vizianagaram,Pod,1099,1,0.0009
26,Thiruvananthapuram,Pod,41886,248,0.0059
26,Bathinda,WH,1234,1,0.0008
26,Mumbai,Sourcing,359067,1,0
26,Chennai,Pod,258256,1,0
26,Salem,Pod,8528,1,0.0001
26,Tirunelveli,Sourcing,6166,1,0.0002
26,Patna,CX,20956,75,0.0036
26,Tirupati,Pod,11228,84,0.0075
26,Shivamogga,Pod,2786,2,0.0007
26,Warangal,WH,9182,3,0.0003
26,Mangaluru,Pod,21036,35,0.0017
26,Delhi,Pod,171109,35,0.0002
26,Hyderabad,Sourcing,344461,174,0.0005
26,Nellore,CX,6017,21,0.0035
26,Belgaum,Sourcing,3297,3,0.0009
26,Chandigarh,WH,37043,8,0.0002
26,Anantapur,CX,4109,7,0.0017
26,Salem,CX,8528,20,0.0023
26,Coimbatore,WH,31944,7,0.0002
26,Moradabad,Pod,2734,17,0.0062
26,Jaipur,Pod,33735,5,0.0001
26,Siliguri,WH,4184,2,0.0005
26,Mangaluru,Pod,21036,1,0
26,Roorkee,Sourcing,1359,1,0.0007
26,Meerut,WH,4296,1,0.0002
26,Ludhiana,Pod,9194,2,0.0002
26,Ujjain,Sourcing,2350,1,0.0004
26,Vizianagaram,Pod,1099,1,0.0009
26,Warangal,Pod,9182,89,0.0097
26,Erode,CX,3951,13,0.0033
26,Thiruvananthapuram,CX,41886,75,0.0018
26,Indore,Sourcing,14353,9,0.0006
26,Ahmedabad,Pod,42839,15,0.0004
26,Guwahati,Pod,9953,8,0.0008
26,Ludhiana,Sourcing,9194,8,0.0009
26,Ambala,WH,2392,3,0.0013
26,Thanjavur,Pod,5860,2,0.0003
26,Vizianagaram,Pod,1099,3,0.0027
26,Jalandhar,Sourcing,2795,1,0.0004
26,Hyderabad,Sourcing,344461,402,0.0012
26,Kakinada,Pod,3456,37,0.0107
26,Central Goa,Pod,33359,3,0.0001
26,Kochi,WH,95106,14,0.0001
26,Patna,Sourcing,20956,27,0.0013
26,Chandigarh,Sourcing,37043,65,0.0018
26,Mysore,Sourcing,21170,18,0.0009
26,Agra,WH,2637,1,0.0004
26,Bhilai,Pod,1278,2,0.0016
26,Chennai,Pod,258256,3194,0.0124
26,Mumbai,Sourcing,359067,152,0.0004
26,Raipur,CX,6650,46,0.0069
26,Thrissur,CX,24799,12,0.0005
26,Ranchi,Sourcing,8620,8,0.0009
26,Alappuzha,Sourcing,3987,3,0.0008
26,Chandigarh,WH,37043,14,0.0004
26,Ajmer,Sourcing,2454,2,0.0008
26,Siliguri,Sourcing,4184,4,0.001
26,Nagercoil,Sourcing,4193,2,0.0005
26,Moradabad,CX,2734,6,0.0022
26,Ludhiana,Pod,9194,17,0.0018
26,Raipur,WH,6650,10,0.0015
26,Vizianagaram,Sourcing,1099,2,0.0018
26,Vijayawada,Sourcing,17173,4,0.0002
26,Agra,CX,2637,4,0.0015
26,Palakkad,Pod,4961,3,0.0006
26,Vellore,Sourcing,8078,4,0.0005
26,Agra,Pod,2637,2,0.0008
26,Ujjain,CX,2350,1,0.0004
26,Nagercoil,Pod,4193,4,0.001
26,Noida,Sourcing,25156,47,0.0019
26,Mysore,WH,21170,26,0.0012
26,Ujjain,Sourcing,2350,1,0.0004
26,Thiruvalla,Pod,5646,20,0.0035
26,Lucknow,Sourcing,21205,17,0.0008
26,Lucknow,WH,21205,10,0.0005
26,Hyderabad,CX,344461,1321,0.0038
26,Mumbai,WH,359067,125,0.0003
26,Noida,WH,25156,18,0.0007
26,Kolhapur,Pod,2537,12,0.0047
26,Kollam,WH,10032,3,0.0003
26,Sonipat,Sourcing,1337,3,0.0022
26,Gurgaon,Pod,91484,26,0.0003
26,Khammam,Sourcing,4929,6,0.0012
26,Nellore,WH,6017,5,0.0008
26,Bikaner,CX,1200,4,0.0033
26,Rohtak,WH,3057,2,0.0007
26,Aligarh,CX,1956,8,0.0041
26,Bathinda,Pod,1234,1,0.0008
26,Nashik,Pod,8884,4,0.0005
26,Coimbatore,Sourcing,31944,27,0.0008
26,Mathura,Sourcing,1926,5,0.0026
26,Kurnool,Pod,5333,3,0.0006
26,Salem,Pod,8528,1,0.0001
26,Shivamogga,WH,2786,1,0.0004
26,Bangalore,WH,644548,272,0.0004
26,Erode,Pod,3951,35,0.0089
26,Kochi,CX,95106,139,0.0015
26,Vadodara,WH,8350,7,0.0008
26,Tumakuru,Pod,3728,2,0.0005
26,Noida 1,Sourcing,62129,75,0.0012
26,Kollam,Pod,10032,1,0.0001
26,Surat,Sourcing,10588,3,0.0003
26,Palakkad,Sourcing,4961,2,0.0004
26,Jalandhar,WH,2795,1,0.0004
26,Sri Ganganagar,WH,2688,1,0.0004
26,Kota,WH,1247,2,0.0016
26,Kanpur,Sourcing,4524,9,0.002
26,Salem,Sourcing,8528,1,0.0001
26,Central Goa,CX,33359,91,0.0027
26,Bhubaneswar,Sourcing,35968,20,0.0006
26,Allahabad,Pod,2025,17,0.0084
26,Ambala,CX,2392,7,0.0029
26,Chennai,Pod,258256,121,0.0005
26,Panipat,Sourcing,3791,17,0.0045
26,Pondicherry,CX,11186,24,0.0021
26,Madurai,CX,11432,38,0.0033
26,Guwahati,Sourcing,9953,21,0.0021
26,Pondicherry,WH,11186,11,0.001
26,Meerut,WH,4296,5,0.0012
26,Meerut,Sourcing,4296,3,0.0007
26,Thrissur,Pod,24799,3,0.0001
26,Noida,Pod,25156,9,0.0004
26,Ranchi,Sourcing,8620,1,0.0001
26,Alappuzha,Sourcing,3987,1,0.0003
26,Rohtak,WH,3057,1,0.0003
26,Thrissur,WH,24799,2,0.0001
26,Pondicherry,Pod,11186,96,0.0086
26,Dindigul,Sourcing,695,2,0.0029
26,Trichy,Sourcing,9894,10,0.001
26,Mangaluru,WH,21036,3,0.0001
26,Vadodara,Pod,8350,2,0.0002
26,Karur,Sourcing,2789,2,0.0007
26,Manipal,Pod,7086,1,0.0001
26,Ludhiana,Sourcing,9194,3,0.0003
26,Ajmer,CX,2454,7,0.0029
26,Amravati,Pod,1544,1,0.0006
26,Indore,CX,14353,42,0.0029
26,Thoothukudi,Sourcing,5366,3,0.0006
26,Meerut,Sourcing,4296,2,0.0005
26,Cuttack,Pod,4225,21,0.005
26,Khammam,Sourcing,4929,1,0.0002
26,Mathura,WH,1926,2,0.001
26,Latur,Pod,1163,2,0.0017
26,Ajmer,Sourcing,2454,1,0.0004
26,Kurnool,CX,5333,17,0.0032
26,Karnal,CX,1261,6,0.0048
26,Muzaffarpur,Pod,1280,23,0.018
26,Vizag,Pod,19873,5,0.0003
26,Pune,Pod,163505,1356,0.0083
26,Nashik,CX,8884,24,0.0027
26,Noida 1,CX,62129,180,0.0029
26,Thrissur,Sourcing,24799,8,0.0003
26,Udaipur,Sourcing,5906,13,0.0022
26,Trichy,WH,9894,12,0.0012
26,Bhubaneswar,Pod,35968,13,0.0004
26,Vizag,Sourcing,19873,17,0.0009
26,Nashik,Sourcing,8884,10,0.0011
26,Nizamabad,Sourcing,1435,4,0.0028
26,Thoothukudi,Sourcing,5366,2,0.0004
26,Pondicherry,Sourcing,11186,3,0.0003
26,Nashik,WH,8884,5,0.0006
26,Pondicherry,Pod,11186,2,0.0002
26,Nashik,Sourcing,8884,2,0.0002
26,Thoothukudi,WH,5366,1,0.0002
26,Jodhpur,Sourcing,2042,2,0.001
26,Bikaner,WH,1200,1,0.0008
26,Sonipat,Pod,1337,1,0.0007
26,Mathura,Sourcing,1926,2,0.001
26,Panipat,WH,3791,4,0.0011
26,Kolhapur,WH,2537,1,0.0004
26,Khammam,WH,4929,1,0.0002
26,Bilaspur,WH,1255,2,0.0016
26,Nagpur,Sourcing,9437,2,0.0002
26,Nellore,Sourcing,6017,2,0.0003
26,Nagercoil,WH,4193,1,0.0002
26,Guntur,Pod,10636,1,0.0001
26,Bangalore,WH,644548,395,0.0006
26,Warangal,CX,9182,29,0.0032
26,Mathura,Pod,1926,16,0.0083
26,Central Goa,Sourcing,33359,11,0.0003
26,Meerut,Sourcing,4296,9,0.0021
26,Varanasi,WH,8358,5,0.0006
26,Thiruvallur,WH,2144,2,0.0009
26,Anantapur,Sourcing,4109,7,0.0017
26,Allahabad,Sourcing,2025,2,0.001
26,Aurangabad,CX,3958,8,0.002
26,Amravati,Sourcing,1544,1,0.0006
26,Aligarh,Pod,1956,18,0.0092
26,Saharanpur,Sourcing,865,3,0.0035
26,Davanagere,Pod,1636,12,0.0073
26,Udaipur,Pod,5906,1,0.0002
26,Lucknow,CX,21205,44,0.0021
26,Dibrugarh,WH,2500,1,0.0004
26,Bikaner,Sourcing,1200,2,0.0017
26,Pondicherry,Sourcing,11186,6,0.0005
26,Eluru,WH,1237,1,0.0008
26,Ambala,Pod,2392,2,0.0008
26,Ongole,Sourcing,1666,1,0.0006
26,Bhimavaram,CX,921,1,0.0011
26,Agra,WH,2637,2,0.0008
26,Belgaum,Sourcing,3297,1,0.0003
26,Cuttack,WH,4225,1,0.0002
26,Vellore,Pod,8078,46,0.0057
26,Hyderabad,WH,344461,63,0.0002
26,Jodhpur,Sourcing,2042,5,0.0024
26,Kanpur,Sourcing,4524,4,0.0009
26,Jamshedpur,WH,6201,1,0.0002
26,Tirupur,Pod,5810,1,0.0002
26,Coimbatore,Pod,31944,2,0.0001
26,Nanded,CX,942,3,0.0032
26,Guntur,WH,10636,3,0.0003
26,Kolkata,WH,96119,33,0.0003
26,Khammam,CX,4929,25,0.0051
26,Central Goa,WH,33359,2,0.0001
26,Rohtak,Pod,3057,1,0.0003
26,Ajmer,Pod,2454,1,0.0004
26,Mumbai,WH,359067,314,0.0009
26,Rajahmundry,Pod,3978,22,0.0055
26,Tirupur,Pod,5810,1,0.0002
26,Jabalpur,Sourcing,3508,3,0.0009
26,Madurai,Sourcing,11432,6,0.0005
26,Tumakuru,WH,3728,3,0.0008
26,Roorkee,Sourcing,1359,3,0.0022
26,Jaipur,CX,33735,120,0.0036
26,Bhubaneswar,CX,35968,82,0.0023
26,Kolkata,Pod,96119,756,0.0079
26,Dehradun,CX,13089,28,0.0021
26,Thanjavur,WH,5860,7,0.0012
26,Vizianagaram,Sourcing,1099,2,0.0018
26,Dehradun,Pod,13089,11,0.0008
26,Hyderabad,Pod,344461,6,0
26,Gorakhpur,CX,2813,3,0.0011
26,Jalandhar,Sourcing,2795,3,0.0011
26,Rajkot,Pod,4940,2,0.0004
26,Nellore,Sourcing,6017,1,0.0002
26,Mangaluru,Sourcing,21036,2,0.0001
26,Trichy,Sourcing,9894,3,0.0003
26,Pondicherry,WH,11186,5,0.0004
26,Anand,CX,1139,2,0.0018
26,Vellore,WH,8078,2,0.0002
26,Silchar,Sourcing,4090,1,0.0002
26,Guwahati,WH,9953,1,0.0001
26,Jamshedpur,Pod,6201,1,0.0002
26,Kannur,CX,2038,2,0.001
26,Vizianagaram,CX,1099,1,0.0009
26,Ujjain,WH,2350,2,0.0009
26,Raipur,Sourcing,6650,1,0.0002
26,Mathura,WH,1926,1,0.0005
26,Erode,Sourcing,3951,1,0.0003
26,Tirupati,CX,11228,32,0.0029
26,Patna,Pod,20956,262,0.0125
26,Kolkata,Pod,96119,60,0.0006
26,Bhopal,Sourcing,7119,4,0.0006
26,Aligarh,Sourcing,1956,3,0.0015
26,Bangalore,Pod,644548,1300,0.002
26,Raipur,Pod,6650,4,0.0006
26,Kochi,Sourcing,95106,66,0.0007
26,Kolkata,Sourcing,96119,93,0.001
26,Nizamabad,Pod,1435,17,0.0118
26,Kannur,Pod,2038,11,0.0054
26,Panipat,Sourcing,3791,3,0.0008
26,Vadodara,Sourcing,8350,9,0.0011
26,Lonavla,CX,1130,2,0.0018
26,Nanded,Sourcing,942,1,0.0011
26,Kozhikode,Sourcing,15535,2,0.0001
26,Siliguri,Pod,4184,1,0.0002
26,Muzaffarpur,WH,1280,2,0.0016
26,Bhimavaram,Pod,921,1,0.0011
26,Cuddalore,CX,820,1,0.0012
26,Bangalore,CX,644548,1597,0.0025
26,Jaipur,WH,33735,10,0.0003
26,Coimbatore,Pod,31944,10,0.0003
26,Gorakhpur,WH,2813,2,0.0007
26,Patna,Pod,20956,5,0.0002
26,Manipal,WH,7086,2,0.0003
26,Erode,Pod,3951,1,0.0003
26,Silchar,Pod,4090,1,0.0002
26,Roorkee,Pod,1359,14,0.0103
26,Faridabad,Sourcing,12878,18,0.0014
26,Thrissur,Pod,24799,82,0.0033
26,Surat,Pod,10588,68,0.0064
26,Jodhpur,Pod,2042,23,0.0113
26,Vizag,CX,19873,50,0.0025
26,Ongole,WH,1666,7,0.0042
26,Ludhiana,Sourcing,9194,10,0.0011
26,Tirupati,Pod,11228,3,0.0003
26,Allahabad,Pod,2025,1,0.0005
26,Nagpur,WH,9437,2,0.0002
26,Erode,Sourcing,3951,1,0.0003
26,Tirunelveli,Pod,6166,1,0.0002
26,Rudrapur,Sourcing,1121,1,0.0009
26,Palakkad,CX,4961,3,0.0006
26,Moradabad,Sourcing,2734,1,0.0004
26,Vadodara,WH,8350,1,0.0001
26,Mysore,Sourcing,21170,7,0.0003
26,Kochi,Sourcing,95106,51,0.0005
26,Kolkata,Pod,96119,274,0.0029
26,Madurai,Pod,11432,67,0.0059
26,Indore,WH,14353,3,0.0002
26,Thanjavur,CX,5860,18,0.0031
26,Vapi,CX,4462,23,0.0052
26,Agra,Pod,2637,14,0.0053
26,Latur,Sourcing,1163,3,0.0026
26,Vijayawada,Sourcing,17173,25,0.0015
26,Tirupati,Sourcing,11228,2,0.0002
26,Thiruvananthapuram,WH,41886,3,0.0001
26,Nagpur,Sourcing,9437,5,0.0005
26,Patiala,Pod,4261,3,0.0007
26,Kanchipuram,Sourcing,3294,1,0.0003
26,Nagercoil,Sourcing,4193,1,0.0002
26,Pondicherry,Pod,11186,32,0.0029
26,Kanpur,Pod,4524,1,0.0002
26,Palakkad,Pod,4961,19,0.0038
26,Noida,Pod,25156,73,0.0029
26,Jodhpur,WH,2042,2,0.001
26,Mysore,Sourcing,21170,5,0.0002
26,Chennai,CX,258256,1049,0.0041
26,Bhubaneswar,Pod,35968,230,0.0064
26,Kochi,Pod,95106,516,0.0054
26,Pune,CX,163505,487,0.003
26,Mysore,Pod,21170,36,0.0017
26,Indore,Sourcing,14353,23,0.0016
26,Dehradun,Sourcing,13089,12,0.0009
26,Thanjavur,Pod,5860,37,0.0063
26,Rohtak,Sourcing,3057,4,0.0013
26,Jaipur,Sourcing,33735,21,0.0006
26,Davanagere,Sourcing,1636,5,0.0031
26,Nashik,WH,8884,8,0.0009
26,Noida 1,WH,62129,39,0.0006
26,Coimbatore,WH,31944,18,0.0006
26,Mangaluru,WH,21036,7,0.0003
26,Karur,CX,2789,5,0.0018
26,Bhilai,Sourcing,1278,2,0.0016
26,Rudrapur,Pod,1121,9,0.008
26,Karnal,Pod,1261,16,0.0127
26,Cuddalore,Pod,820,8,0.0098
26,Silchar,CX,4090,4,0.001
26,Ranchi,Pod,8620,3,0.0003
26,Chennai,Pod,258256,12,0
26,Nizamabad,Pod,1435,2,0.0014
26,Kottayam,Pod,6397,3,0.0005
26,Agra,Sourcing,2637,4,0.0015
26,Rudrapur,Sourcing,1121,2,0.0018
26,Siliguri,Sourcing,4184,1,0.0002
26,Palakkad,Sourcing,4961,1,0.0002
26,Jabalpur,Sourcing,3508,1,0.0003
26,Salem,WH,8528,1,0.0001
26,Bathinda,WH,1234,1,0.0008
26,Patiala,Pod,4261,1,0.0002
26,Kottayam,Sourcing,6397,2,0.0003
26,Bhopal,WH,7119,3,0.0004
26,Ahmedabad,Pod,42839,396,0.0092
26,Dehradun,Sourcing,13089,25,0.0019
26,Raipur,Pod,6650,94,0.0141
26,Erode,Sourcing,3951,2,0.0005
26,Shivamogga,Pod,2786,2,0.0007
26,Ongole,Pod,1666,15,0.009
26,Ahmedabad,Sourcing,42839,42,0.001
26,Thiruvallur,Pod,2144,1,0.0005
26,Latur,WH,1163,2,0.0017
26,Nagpur,Pod,9437,49,0.0052
26,Mumbai,Pod,359067,119,0.0003
26,Vadodara,CX,8350,26,0.0031
26,Vizag,Pod,19873,143,0.0072
26,Chennai,WH,258256,69,0.0003
26,Dibrugarh,Pod,2500,23,0.0092
26,Allahabad,CX,2025,9,0.0044
26,Nizamabad,CX,1435,7,0.0049
26,Gwalior,Sourcing,4249,9,0.0021
26,Indore,Pod,14353,96,0.0067
26,Ambala,WH,2392,2,0.0008
26,Kanpur,CX,4524,10,0.0022
26,Anand,Pod,1139,8,0.007
26,Amravati,CX,1544,7,0.0045
26,Kottayam,Pod,6397,5,0.0008
26,Vapi,Pod,4462,1,0.0002
26,Latur,WH,1163,1,0.0009
26,Thiruvallur,Pod,2144,1,0.0005
26,Tumakuru,Sourcing,3728,1,0.0003
26,Aurangabad,Pod,3958,1,0.0003
26,Moradabad,WH,2734,4,0.0015
26,Tirupur,CX,5810,14,0.0024
26,Vijayawada,WH,17173,18,0.001
26,Bilaspur,CX,1255,11,0.0088
26,Delhi,Pod,171109,1851,0.0108
26,Noida 1,Sourcing,62129,95,0.0015
26,Berhampur,Pod,1766,13,0.0074
26,Shivamogga,Sourcing,2786,4,0.0014
26,Rajkot,Sourcing,4940,6,0.0012
26,Kolhapur,Sourcing,2537,2,0.0008
26,Vijayawada,WH,17173,8,0.0005
26,Moradabad,Pod,2734,9,0.0033
26,Noida 1,Sourcing,62129,20,0.0003
26,Nagpur,Pod,9437,15,0.0016
26,Manipal,Sourcing,7086,2,0.0003
26,Ongole,Sourcing,1666,1,0.0006
26,Belgaum,Pod,3297,1,0.0003
26,Palakkad,WH,4961,1,0.0002
26,Sri Ganganagar,Pod,2688,2,0.0007
26,Dehradun,WH,13089,5,0.0004
26,Rudrapur,CX,1121,4,0.0036
26,Delhi,Sourcing,171109,260,0.0015
26,Noida,Sourcing,25156,31,0.0012
26,Trichy,CX,9894,48,0.0049
26,Surat,WH,10588,4,0.0004
26,Noida,WH,25156,15,0.0006
26,Kozhikode,Sourcing,15535,5,0.0003
26,Kakinada,WH,3456,3,0.0009
26,Hyderabad,Sourcing,344461,2,0
26,Panipat,WH,3791,2,0.0005
26,Karimnagar,WH,3514,2,0.0006
26,Bilaspur,Sourcing,1255,4,0.0032
26,Madurai,Pod,11432,13,0.0011
26,Thanjavur,Sourcing,5860,1,0.0002
26,Anantapur,WH,4109,1,0.0002
26,Vizianagaram,WH,1099,1,0.0009
26,Ranchi,Sourcing,8620,1,0.0001
26,Karnal,Sourcing,1261,2,0.0016
26,Guwahati,CX,9953,31,0.0031
26,Delhi,Pod,171109,44,0.0003
26,Noida,Sourcing,25156,57,0.0023
26,Mysore,WH,21170,8,0.0004
26,Lucknow,WH,21205,7,0.0003
26,Ambala,Sourcing,2392,3,0.0013
26,Delhi,CX,171109,467,0.0027
26,Mysore,Pod,21170,119,0.0056
26,Lucknow,Pod,21205,10,0.0005
26,Bhilai,Pod,1278,20,0.0156
26,Guntur,Pod,10636,7,0.0007
26,Amritsar,CX,3609,11,0.003
26,Bilaspur,Sourcing,1255,5,0.004
26,Kochi,Sourcing,95106,9,0.0001
26,Muzaffarpur,Sourcing,1280,4,0.0031
26,Nellore,Pod,6017,9,0.0015
26,Rajahmundry,Pod,3978,2,0.0005
26,Muzaffarpur,Sourcing,1280,2,0.0016
26,Jalandhar,CX,2795,6,0.0021
26,Aurangabad,Sourcing,3958,5,0.0013
26,Guntur,Sourcing,10636,5,0.0005
26,Sri Ganganagar,Pod,2688,1,0.0004
26,Gwalior,CX,4249,14,0.0033
26,Lonavla,Pod,1130,3,0.0027
26,Bareilly,Sourcing,1620,1,0.0006
26,Siliguri,WH,4184,1,0.0002
26,Dehradun,WH,13089,2,0.0002
26,Thanjavur,Pod,5860,1,0.0002
26,Rudrapur,WH,1121,1,0.0009
26,Salem,Sourcing,8528,1,0.0001
26,Nagercoil,Pod,4193,1,0.0002
26,Manipal,Pod,7086,42,0.0059
26,Jaipur,Pod,33735,21,0.0006
26,Karimnagar,Sourcing,3514,4,0.0011
26,Delhi,Sourcing,171109,141,0.0008
26,Indore,Pod,14353,6,0.0004
26,Faridabad,WH,12878,5,0.0004
26,Indore,Sourcing,14353,5,0.0003
26,Nagpur,CX,9437,17,0.0018
26,Thiruvananthapuram,WH,41886,12,0.0003
26,Bilaspur,Pod,1255,1,0.0008
26,Kolkata,WH,96119,45,0.0005
26,Kurnool,WH,5333,5,0.0009
26,Karimnagar,Sourcing,3514,3,0.0009
26,Silchar,WH,4090,2,0.0005
26,Siliguri,Sourcing,4184,2,0.0005
26,Pune,Pod,163505,2,0
26,Eluru,Pod,1237,2,0.0016
26,Rajkot,Sourcing,4940,1,0.0002
26,Vadodara,Pod,8350,59,0.0071
26,Aurangabad,WH,3958,2,0.0005
26,Ahmedabad,Pod,42839,1,0
26,Khammam,WH,4929,2,0.0004
26,Jaipur,Sourcing,33735,53,0.0016
26,Pune,Sourcing,163505,128,0.0008
26,Tumakuru,Pod,3728,16,0.0043
26,Jabalpur,Pod,3508,26,0.0074
26,Madurai,WH,11432,11,0.001
26,Nellore,Pod,6017,67,0.0111
26,Panipat,Sourcing,3791,8,0.0021
26,Tirupati,Sourcing,11228,3,0.0003
26,Mangaluru,Sourcing,21036,5,0.0002
26,Gorakhpur,Sourcing,2813,3,0.0011
26,Latur,Pod,1163,6,0.0052
26,Bhimavaram,Sourcing,921,2,0.0022
26,Tirunelveli,WH,6166,2,0.0003
26,Saharanpur,Sourcing,865,2,0.0023
26,Lonavla,WH,1130,1,0.0009
26,Tirunelveli,Pod,6166,2,0.0003
26,Noida,Sourcing,25156,6,0.0002
26,Manipal,CX,7086,15,0.0021
26,Mathura,CX,1926,5,0.0026
26,Thanjavur,WH,5860,1,0.0002
26,Kurnool,WH,5333,2,0.0004
26,Warangal,Pod,9182,3,0.0003
26,Moradabad,Sourcing,2734,1,0.0004
26,Cuddalore,Sourcing,820,1,0.0012
26,Vijayawada,Pod,17173,1,0.0001
26,Patna,Pod,20956,47,0.0022
26,Kollam,Sourcing,10032,8,0.0008
26,Ajmer,Pod,2454,16,0.0065
26,Bikaner,Pod,1200,17,0.0142
26,Karaikkudi,Pod,2357,10,0.0042
26,Nagercoil,Pod,4193,4,0.001
26,Rohtak,Sourcing,3057,5,0.0016
26,Raipur,Sourcing,6650,6,0.0009
26,Muzaffarpur,CX,1280,6,0.0047
26,Shivamogga,Pod,2786,17,0.0061
26,Gwalior,Sourcing,4249,4,0.0009
26,Muzaffarpur,WH,1280,3,0.0023
26,Madurai,Sourcing,11432,6,0.0005
26,Thiruvalla,Sourcing,5646,4,0.0007
26,Karnal,Sourcing,1261,8,0.0063
26,Thiruvalla,CX,5646,3,0.0005
26,Thanjavur,Sourcing,5860,1,0.0002
26,Nashik,Sourcing,8884,8,0.0009
26,Khammam,Pod,4929,1,0.0002
26,Gurgaon,Pod,91484,1,0
26,Bareilly,Sourcing,1620,2,0.0012
26,Vadodara,Sourcing,8350,1,0.0001
26,Sri Ganganagar,WH,2688,1,0.0004
26,Nizamabad,WH,1435,2,0.0014
26,Karaikkudi,Sourcing,2357,1,0.0004
26,Mysore,Pod,21170,3,0.0001
26,Dibrugarh,Sourcing,2500,1,0.0004
26,Meerut,Pod,4296,2,0.0005
26,Ambala,Sourcing,2392,5,0.0021
26,Sri Ganganagar,Sourcing,2688,4,0.0015
26,Kurnool,Sourcing,5333,3,0.0006
27,Karnal,Sourcing,1409,1,0.0007
27,Guwahati,Sourcing,11165,8,0.0007
27,Vizag,Sourcing,22293,8,0.0004
27,Patna,Pod,24836,14,0.0006
27,Panipat,Sourcing,4569,6,0.0013
27,Nanded,Sourcing,967,1,0.001
27,Kolkata,Sourcing,102885,145,0.0014
27,Latur,Pod,1198,4,0.0033
27,Gwalior,Sourcing,4890,7,0.0014
27,Roorkee,Sourcing,1521,3,0.002
27,Thrissur,Sourcing,25172,5,0.0002
27,Ajmer,WH,2979,1,0.0003
27,Guwahati,Pod,11165,2,0.0002
27,Panipat,Sourcing,4569,1,0.0002
27,Vellore,Sourcing,8689,9,0.001
27,Rudrapur,CX,1287,5,0.0039
27,Mysore,Pod,22558,43,0.0019
27,Varanasi,CX,9256,14,0.0015
27,Thanjavur,CX,6137,5,0.0008
27,Dindigul,Pod,777,1,0.0013
27,Mathura,CX,2223,2,0.0009
27,Sri Ganganagar,Sourcing,3116,1,0.0003
27,Davanagere,WH,1906,1,0.0005
27,Panipat,WH,4569,1,0.0002
27,Anand,WH,1374,1,0.0007
27,Bhubaneswar,Sourcing,44023,8,0.0002
27,Thiruvalla,Sourcing,6152,1,0.0002
27,Patiala,WH,4128,2,0.0005
27,Nashik,Sourcing,9764,9,0.0009
27,Ambala,CX,2673,11,0.0041
27,Karnal,Pod,1409,2,0.0014
27,Trichy,Sourcing,10091,2,0.0002
27,Allahabad,Sourcing,2030,4,0.002
27,Tirunelveli,Sourcing,6444,1,0.0002
27,Varanasi,Sourcing,9256,1,0.0001
27,Ahmedabad,Pod,46432,328,0.0071
27,Patna,CX,24836,78,0.0031
27,Varanasi,Pod,9256,2,0.0002
27,Ludhiana,Sourcing,10538,10,0.0009
27,Kolkata,Pod,102885,56,0.0005
27,Nagpur,Sourcing,10624,10,0.0009
27,Berhampur,Sourcing,1824,1,0.0005
27,Tirupati,Pod,11731,10,0.0009
27,Khammam,Pod,3783,2,0.0005
27,Latur,Pod,1198,1,0.0008
27,Manipal,Sourcing,7501,1,0.0001
27,Vapi,Pod,5047,3,0.0006
27,Bhopal,CX,8602,28,0.0033
27,Aligarh,Pod,2408,1,0.0004
27,Indore,CX,17148,51,0.003
27,Chennai,Sourcing,274128,133,0.0005
27,Ahmedabad,Sourcing,46432,52,0.0011
27,Vijayawada,Sourcing,18217,6,0.0003
27,Thrissur,Pod,25172,7,0.0003
27,Guwahati,Pod,11165,2,0.0002
27,Noida,Sourcing,29589,6,0.0002
27,Gorakhpur,Sourcing,3291,3,0.0009
27,Kurnool,WH,5789,5,0.0009
27,Udaipur,Pod,6905,2,0.0003
27,Jalandhar,WH,3288,1,0.0003
27,Cuddalore,Sourcing,1021,1,0.001
27,Ajmer,Sourcing,2979,3,0.001
27,Central Goa,Sourcing,36514,51,0.0014
27,Lonavla,Pod,1246,5,0.004
27,Amritsar,Pod,3733,20,0.0054
27,Warangal,Sourcing,10375,2,0.0002
27,Thrissur,WH,25172,7,0.0003
27,Cuddalore,Pod,1021,1,0.001
27,Rajahmundry,CX,4536,10,0.0022
27,Kolkata,WH,102885,57,0.0006
27,Amritsar,Sourcing,3733,4,0.0011
27,Pondicherry,WH,12220,4,0.0003
27,Nagercoil,Pod,4423,2,0.0005
27,Faridabad,Pod,14074,5,0.0004
27,Ranchi,WH,9515,2,0.0002
27,Bareilly,CX,1931,1,0.0005
27,Guwahati,WH,11165,1,0.0001
27,Meerut,Sourcing,5559,2,0.0004
27,Vellore,WH,8689,5,0.0006
27,Karimnagar,Pod,3959,4,0.001
27,Eluru,Sourcing,1331,1,0.0008
27,Kozhikode,Sourcing,16091,9,0.0006
27,Amravati,Pod,1693,1,0.0006
27,Thrissur,WH,25172,1,0
27,Meerut,Sourcing,5559,15,0.0027
27,Bikaner,Sourcing,1432,3,0.0021
27,Sonipat,WH,1811,3,0.0017
27,Thiruvalla,Pod,6152,2,0.0003
27,Thiruvallur,CX,2282,4,0.0018
27,Davanagere,Pod,1906,5,0.0026
27,Lonavla,Sourcing,1246,1,0.0008
27,Chennai,WH,274128,94,0.0003
27,Warangal,CX,10375,18,0.0017
27,Kakinada,WH,3826,1,0.0003
27,Gorakhpur,Pod,3291,1,0.0003
27,Vellore,Pod,8689,1,0.0001
27,Hyderabad,Pod,352448,3221,0.0091
27,Thoothukudi,CX,5751,9,0.0016
27,Mathura,Sourcing,2223,3,0.0014
27,Kanchipuram,CX,3465,9,0.0026
27,Tirupati,CX,11731,12,0.001
27,Trichy,Sourcing,10091,4,0.0004
27,Udaipur,WH,6905,3,0.0004
27,Mangaluru,Sourcing,21549,4,0.0002
27,Sonipat,Sourcing,1811,3,0.0017
27,Coimbatore,Pod,33439,30,0.0009
27,Bhubaneswar,Pod,44023,11,0.0003
27,Thrissur,Pod,25172,2,0.0001
27,Agra,Pod,3101,1,0.0003
27,Kollam,WH,10209,1,0.0001
27,Ranchi,Pod,9515,5,0.0005
27,Kottayam,CX,6257,3,0.0005
27,Patiala,WH,4128,5,0.0012
27,Jamshedpur,WH,7025,1,0.0001
27,Nashik,CX,9764,32,0.0033
27,Patna,Sourcing,24836,36,0.0015
27,Rajahmundry,Sourcing,4536,4,0.0009
27,Cuddalore,Pod,1021,8,0.0078
27,Thiruvananthapuram,WH,48344,9,0.0002
27,Bhilai,Pod,1431,2,0.0014
27,Vizianagaram,Sourcing,1378,1,0.0007
27,Pune,Pod,170066,1,0
27,Eluru,Sourcing,1331,1,0.0008
27,Thrissur,Sourcing,25172,1,0
27,Amravati,Sourcing,1693,1,0.0006
27,Nizamabad,WH,1651,1,0.0006
27,Vizag,Pod,22293,138,0.0062
27,Tirunelveli,Pod,6444,32,0.005
27,Vijayawada,WH,18217,24,0.0013
27,Manipal,Sourcing,7501,6,0.0008
27,Madurai,WH,12179,11,0.0009
27,Khammam,Sourcing,3783,2,0.0005
27,Thrissur,Pod,25172,73,0.0029
27,Mumbai,Sourcing,371257,92,0.0002
27,Madurai,Pod,12179,13,0.0011
27,Pondicherry,Sourcing,12220,4,0.0003
27,Rohtak,Sourcing,3660,3,0.0008
27,Salem,Sourcing,9171,5,0.0005
27,Noida,WH,29589,17,0.0006
27,Anantapur,Pod,4603,18,0.0039
27,Tirupati,WH,11731,5,0.0004
27,Siliguri,Sourcing,5155,2,0.0004
27,Thiruvananthapuram,Sourcing,48344,1,0
27,Amravati,Pod,1693,1,0.0006
27,Karnal,CX,1409,4,0.0028
27,Bathinda,Pod,1397,1,0.0007
27,Silchar,Pod,4351,1,0.0002
27,Hyderabad,WH,352448,100,0.0003
27,Thiruvallur,WH,2282,1,0.0004
27,Rajahmundry,Pod,4536,37,0.0082
27,Chandigarh,Pod,40182,352,0.0088
27,Faridabad,Sourcing,14074,23,0.0016
27,Vellore,Pod,8689,31,0.0036
27,Kakinada,Sourcing,3826,4,0.001
27,Vapi,Pod,5047,3,0.0006
27,Dibrugarh,CX,2928,7,0.0024
27,Nashik,WH,9764,8,0.0008
27,Kanchipuram,WH,3465,2,0.0006
27,Mathura,WH,2223,1,0.0005
27,Karur,Pod,3013,1,0.0003
27,Karnal,WH,1409,1,0.0007
27,Belgaum,Sourcing,3765,1,0.0003
27,Cuttack,Pod,5601,1,0.0002
27,Hyderabad,WH,352448,75,0.0002
27,Kakinada,Pod,3826,24,0.0063
27,Moradabad,Pod,2952,13,0.0044
27,Warangal,Sourcing,10375,4,0.0004
27,Eluru,WH,1331,2,0.0015
27,Ludhiana,WH,10538,2,0.0002
27,Rajkot,Pod,5819,1,0.0002
27,Karur,Sourcing,3013,2,0.0007
27,Warangal,WH,10375,1,0.0001
27,Ajmer,Pod,2979,17,0.0057
27,Kochi,Sourcing,98082,39,0.0004
27,Amravati,Pod,1693,13,0.0077
27,Siliguri,Sourcing,5155,3,0.0006
27,Bangalore,Pod,652545,3164,0.0048
27,Jabalpur,CX,4080,9,0.0022
27,Jodhpur,Pod,2537,34,0.0134
27,Nellore,Pod,7178,12,0.0017
27,Madurai,CX,12179,23,0.0019
27,Nellore,Sourcing,7178,4,0.0006
27,Vadodara,CX,9702,9,0.0009
27,Tirupati,WH,11731,3,0.0003
27,Bhopal,WH,8602,1,0.0001
27,Kochi,Sourcing,98082,93,0.0009
27,Thoothukudi,Pod,5751,37,0.0064
27,Vizag,Sourcing,22293,6,0.0003
27,Alappuzha,Pod,4038,4,0.001
27,Varanasi,WH,9256,2,0.0002
27,Nagpur,Pod,10624,45,0.0042
27,Kozhikode,Pod,16091,29,0.0018
27,Thoothukudi,Sourcing,5751,4,0.0007
27,Vizag,Pod,22293,14,0.0006
27,Warangal,WH,10375,8,0.0008
27,Kolkata,Sourcing,102885,90,0.0009
27,Delhi,Pod,184192,31,0.0002
27,Belgaum,Sourcing,3765,2,0.0005
27,Nashik,Sourcing,9764,6,0.0006
27,Bhubaneswar,WH,44023,6,0.0001
27,Thiruvallur,WH,2282,2,0.0009
27,Kakinada,Pod,3826,2,0.0005
27,Rudrapur,Sourcing,1287,3,0.0023
27,Erode,WH,4206,1,0.0002
27,Faridabad,Sourcing,14074,1,0.0001
27,Karaikkudi,Sourcing,2696,1,0.0004
27,Chandigarh,Sourcing,40182,3,0.0001
27,Karur,WH,3013,2,0.0007
27,Sonipat,Sourcing,1811,2,0.0011
27,Kurnool,Pod,5789,2,0.0003
27,Lucknow,Pod,24475,97,0.004
27,Bhopal,Sourcing,8602,9,0.001
27,Nashik,Sourcing,9764,8,0.0008
27,Indore,Sourcing,17148,20,0.0012
27,Nanded,CX,967,7,0.0072
27,Surat,CX,12363,23,0.0019
27,Noida 1,Sourcing,71912,95,0.0013
27,Bangalore,Sourcing,652545,790,0.0012
27,Lucknow,WH,24475,10,0.0004
27,Tirupur,Pod,6090,42,0.0069
27,Jalandhar,CX,3288,8,0.0024
27,Amravati,CX,1693,6,0.0035
27,Warangal,Pod,10375,8,0.0008
27,Vizianagaram,WH,1378,1,0.0007
27,Bhilai,Pod,1431,1,0.0007
27,Kozhikode,Sourcing,16091,1,0.0001
27,Salem,Pod,9171,3,0.0003
27,Karur,CX,3013,3,0.001
27,Nizamabad,Pod,1651,1,0.0006
27,Udaipur,Pod,6905,11,0.0016
27,Pondicherry,Pod,12220,71,0.0058
27,Kanchipuram,WH,3465,1,0.0003
27,Palakkad,Pod,5205,12,0.0023
27,Tirupur,Pod,6090,1,0.0002
27,Jaipur,Sourcing,39391,17,0.0004
27,Varanasi,Pod,9256,4,0.0004
27,Bilaspur,Pod,1621,1,0.0006
27,Moradabad,Sourcing,2952,1,0.0003
27,Gwalior,Sourcing,4890,6,0.0012
27,Panipat,Sourcing,4569,1,0.0002
27,Bikaner,CX,1432,3,0.0021
27,Chennai,WH,274128,130,0.0005
27,Bhopal,Sourcing,8602,6,0.0007
27,Bathinda,Pod,1397,1,0.0007
27,Bhubaneswar,Pod,44023,236,0.0054
27,Raipur,CX,7039,44,0.0063
27,Moradabad,Sourcing,2952,5,0.0017
27,Belgaum,CX,3765,3,0.0008
27,Rohtak,Pod,3660,4,0.0011
27,Indore,Pod,17148,7,0.0004
27,Nellore,Sourcing,7178,1,0.0001
27,Kochi,Pod,98082,7,0.0001
27,Karimnagar,Pod,3959,1,0.0003
27,Jabalpur,Pod,4080,23,0.0056
27,Kanchipuram,Pod,3465,31,0.0089
27,Bathinda,Pod,1397,8,0.0057
27,Ludhiana,Sourcing,10538,8,0.0008
27,Vapi,Pod,5047,30,0.0059
27,Jaipur,WH,39391,6,0.0002
27,Noida,Pod,29589,106,0.0036
27,Kurnool,Sourcing,5789,4,0.0007
27,Rajahmundry,Pod,4536,2,0.0004
27,Muzaffarpur,Sourcing,1751,3,0.0017
27,Rajkot,Sourcing,5819,1,0.0002
27,Chandigarh,WH,40182,4,0.0001
27,Bhopal,Pod,8602,5,0.0006
27,Amritsar,Pod,3733,4,0.0011
27,Ludhiana,Pod,10538,20,0.0019
27,Surat,Sourcing,12363,1,0.0001
27,Jalandhar,Sourcing,3288,1,0.0003
27,Ujjain,Pod,2710,1,0.0004
27,Bhopal,WH,8602,1,0.0001
27,Pondicherry,CX,12220,29,0.0024
27,Vijayawada,Sourcing,18217,12,0.0007
27,Kolkata,Pod,102885,221,0.0021
27,Surat,Sourcing,12363,9,0.0007
27,Bangalore,Sourcing,652545,126,0.0002
27,Nanded,Pod,967,4,0.0041
27,Guwahati,WH,11165,4,0.0004
27,Varanasi,Sourcing,9256,6,0.0006
27,Faridabad,Sourcing,14074,26,0.0018
27,Sonipat,CX,1811,10,0.0055
27,Nagpur,Sourcing,10624,9,0.0008
27,Kochi,WH,98082,7,0.0001
27,Allahabad,Sourcing,2030,2,0.001
27,Bhopal,Pod,8602,7,0.0008
27,Ujjain,WH,2710,3,0.0011
27,Cuttack,Sourcing,5601,4,0.0007
27,Thiruvananthapuram,Sourcing,48344,3,0.0001
27,Jabalpur,Sourcing,4080,3,0.0007
27,Dehradun,WH,13372,3,0.0002
27,Nagpur,Sourcing,10624,3,0.0003
27,Nizamabad,Pod,1651,5,0.003
27,Bhubaneswar,Sourcing,44023,2,0
27,Aligarh,WH,2408,1,0.0004
27,Tumakuru,Pod,3777,2,0.0005
27,Vellore,Sourcing,8689,1,0.0001
27,Vizianagaram,Sourcing,1378,1,0.0007
27,Sonipat,WH,1811,1,0.0006
27,Delhi,Pod,184192,206,0.0011
27,Vijayawada,Pod,18217,80,0.0044
27,Pune,Sourcing,170066,104,0.0006
27,Ludhiana,CX,10538,10,0.0009
27,Mangaluru,Sourcing,21549,19,0.0009
27,Muzaffarpur,CX,1751,15,0.0086
27,Eluru,Pod,1331,8,0.006
27,Madurai,Pod,12179,3,0.0002
27,Anand,CX,1374,8,0.0058
27,Ujjain,CX,2710,3,0.0011
27,Muzaffarpur,WH,1751,3,0.0017
27,Silchar,WH,4351,4,0.0009
27,Bhubaneswar,WH,44023,5,0.0001
27,Kota,Pod,1506,1,0.0007
27,Cuttack,Sourcing,5601,1,0.0002
27,Meerut,WH,5559,1,0.0002
27,Dibrugarh,Sourcing,2928,2,0.0007
27,Nizamabad,Sourcing,1651,1,0.0006
27,Vizag,WH,22293,23,0.001
27,Ranchi,CX,9515,31,0.0033
27,Bangalore,Pod,652545,160,0.0002
27,Noida 1,CX,71912,181,0.0025
27,Mathura,Pod,2223,17,0.0076
27,Bangalore,Pod,652545,1235,0.0019
27,Coimbatore,WH,33439,8,0.0002
27,Varanasi,Sourcing,9256,6,0.0006
27,Hyderabad,Pod,352448,6,0
27,Khammam,CX,3783,12,0.0032
27,Vadodara,Sourcing,9702,9,0.0009
27,Kakinada,Sourcing,3826,3,0.0008
27,Tirupati,Sourcing,11731,5,0.0004
27,Panipat,Pod,4569,6,0.0013
27,Mysore,Pod,22558,5,0.0002
27,Davanagere,Sourcing,1906,2,0.001
27,Vellore,Sourcing,8689,2,0.0002
27,Kanpur,Sourcing,4711,3,0.0006
27,Nashik,WH,9764,7,0.0007
27,Aligarh,Sourcing,2408,2,0.0008
27,Gwalior,WH,4890,3,0.0006
27,Dehradun,WH,13372,2,0.0002
27,Ajmer,Pod,2979,1,0.0003
27,Thiruvallur,Pod,2282,1,0.0004
27,Vellore,Sourcing,8689,1,0.0001
27,Lucknow,Sourcing,24475,1,0
27,Jodhpur,Sourcing,2537,1,0.0004
27,Kolkata,Pod,102885,728,0.0071
27,Bilaspur,Pod,1621,19,0.0117
27,Noida 1,WH,71912,57,0.0008
27,Guwahati,CX,11165,42,0.0038
27,Bhubaneswar,Sourcing,44023,65,0.0015
27,Agra,Pod,3101,23,0.0074
27,Cuttack,CX,5601,18,0.0032
27,Kolkata,Sourcing,102885,23,0.0002
27,Mangaluru,WH,21549,12,0.0006
27,Gorakhpur,Pod,3291,19,0.0058
27,Coimbatore,Sourcing,33439,15,0.0004
27,Central Goa,WH,36514,9,0.0002
27,Bareilly,Pod,1931,9,0.0047
27,Dibrugarh,Pod,2928,20,0.0068
27,Shivamogga,Sourcing,2980,3,0.001
27,Salem,CX,9171,14,0.0015
27,Vellore,Pod,8689,3,0.0003
27,Vijayawada,Pod,18217,8,0.0004
27,Karimnagar,WH,3959,2,0.0005
27,Kanpur,CX,4711,3,0.0006
27,Kurnool,Sourcing,5789,3,0.0005
27,Ahmedabad,Sourcing,46432,2,0
27,Rajkot,WH,5819,1,0.0002
27,Silchar,Sourcing,4351,1,0.0002
27,Allahabad,CX,2030,2,0.001
27,Kochi,CX,98082,92,0.0009
27,Warangal,Pod,10375,74,0.0071
27,Tirunelveli,CX,6444,14,0.0022
27,Coimbatore,Sourcing,33439,39,0.0012
27,Pondicherry,Sourcing,12220,15,0.0012
27,Thiruvananthapuram,Sourcing,48344,8,0.0002
27,Tirupur,WH,6090,4,0.0007
27,Aurangabad,Sourcing,4506,3,0.0007
27,Raipur,WH,7039,5,0.0007
27,Rajahmundry,WH,4536,3,0.0007
27,Nagercoil,Pod,4423,7,0.0016
27,Tirupati,Sourcing,11731,3,0.0003
27,Thiruvananthapuram,WH,48344,6,0.0001
27,Vizianagaram,CX,1378,2,0.0015
27,Surat,WH,12363,6,0.0005
27,Moradabad,CX,2952,7,0.0024
27,Gorakhpur,Sourcing,3291,2,0.0006
27,Thoothukudi,Sourcing,5751,6,0.001
27,Kakinada,Pod,3826,3,0.0008
27,Nizamabad,WH,1651,1,0.0006
27,Kanpur,Sourcing,4711,1,0.0002
27,Anand,Pod,1374,1,0.0007
27,Guntur,Pod,11681,4,0.0003
27,Shivamogga,Sourcing,2980,1,0.0003
27,Amritsar,Pod,3733,1,0.0003
27,Meerut,Pod,5559,1,0.0002
27,Delhi,Pod,184192,1538,0.0084
27,Meerut,Pod,5559,33,0.0059
27,Bangalore,Sourcing,652545,449,0.0007
27,Vellore,WH,8689,7,0.0008
27,Ranchi,WH,9515,10,0.0011
27,Chandigarh,WH,40182,16,0.0004
27,Saharanpur,Pod,918,7,0.0076
27,Thanjavur,WH,6137,2,0.0003
27,Trichy,WH,10091,6,0.0006
27,Guntur,Sourcing,11681,11,0.0009
27,Chandigarh,Pod,40182,19,0.0005
27,Patna,Pod,24836,230,0.0093
27,Gwalior,Pod,4890,51,0.0104
27,Ajmer,WH,2979,3,0.001
27,Nagpur,WH,10624,5,0.0005
27,Bhopal,Sourcing,8602,2,0.0002
27,Pondicherry,Pod,12220,1,0.0001
27,Moradabad,Pod,2952,1,0.0003
27,Raipur,Sourcing,7039,2,0.0003
27,Jaipur,Sourcing,39391,2,0.0001
27,Mumbai,Pod,371257,1,0
27,Thiruvallur,Sourcing,2282,1,0.0004
27,Moradabad,Sourcing,2952,3,0.001
27,Rudrapur,Sourcing,1287,1,0.0008
27,Erode,Pod,4206,3,0.0007
27,Noida,CX,29589,102,0.0034
27,Faridabad,Pod,14074,158,0.0112
27,Kanpur,Pod,4711,21,0.0045
27,Berhampur,Pod,1824,11,0.006
27,Palakkad,CX,5205,3,0.0006
27,Udaipur,CX,6905,23,0.0033
27,Indore,Sourcing,17148,19,0.0011
27,Muzaffarpur,Pod,1751,16,0.0091
27,Patiala,CX,4128,7,0.0017
27,Mathura,Sourcing,2223,7,0.0031
27,Latur,WH,1198,7,0.0058
27,Ongole,CX,1973,7,0.0035
27,Manipal,Pod,7501,6,0.0008
27,Vizianagaram,Pod,1378,3,0.0022
27,Jalandhar,Pod,3288,1,0.0003
27,Karaikkudi,Pod,2696,1,0.0004
27,Nagercoil,Pod,4423,2,0.0005
27,Rajahmundry,Sourcing,4536,2,0.0004
27,Vijayawada,Sourcing,18217,1,0.0001
27,Ajmer,Pod,2979,1,0.0003
27,Jaipur,Pod,39391,402,0.0102
27,Mumbai,WH,371257,111,0.0003
27,Rajkot,Sourcing,5819,6,0.001
27,Ujjain,Pod,2710,21,0.0077
27,Central Goa,Sourcing,36514,26,0.0007
27,Agra,Sourcing,3101,4,0.0013
27,Pondicherry,Pod,12220,27,0.0022
27,Thanjavur,Sourcing,6137,4,0.0007
27,Tirunelveli,WH,6444,2,0.0003
27,Rohtak,Pod,3660,5,0.0014
27,Mysore,Sourcing,22558,13,0.0006
27,Meerut,CX,5559,14,0.0025
27,Nashik,Sourcing,9764,8,0.0008
27,Tirupur,Pod,6090,5,0.0008
27,Kota,Pod,1506,6,0.004
27,Guntur,WH,11681,8,0.0007
27,Lucknow,WH,24475,9,0.0004
27,Rohtak,Sourcing,3660,8,0.0022
27,Siliguri,Sourcing,5155,6,0.0012
27,Vadodara,WH,9702,3,0.0003
27,Hubli,CX,3430,3,0.0009
27,Sri Ganganagar,Sourcing,3116,4,0.0013
27,Kannur,CX,2205,4,0.0018
27,Patiala,Pod,4128,7,0.0017
27,Mathura,Pod,2223,5,0.0022
27,Bilaspur,Sourcing,1621,3,0.0019
27,Khammam,WH,3783,2,0.0005
27,Tirupur,Sourcing,6090,3,0.0005
27,Latur,WH,1198,1,0.0008
27,Madurai,Sourcing,12179,2,0.0002
27,Kota,Sourcing,1506,1,0.0007
27,Palakkad,Sourcing,5205,1,0.0002
27,Lonavla,WH,1246,1,0.0008
27,Indore,Pod,17148,2,0.0001
27,Kolhapur,Sourcing,2939,1,0.0003
27,Dibrugarh,Sourcing,2928,1,0.0003
27,Latur,Sourcing,1198,1,0.0008
27,Chennai,Pod,274128,2378,0.0087
27,Mysore,Sourcing,22558,23,0.001
27,Bhilai,CX,1431,13,0.0091
27,Kozhikode,CX,16091,16,0.001
27,Rohtak,Pod,3660,30,0.0082
27,Mangaluru,Sourcing,21549,17,0.0008
27,Jaipur,CX,39391,204,0.0052
27,Kollam,Pod,10209,13,0.0013
27,Berhampur,WH,1824,2,0.0011
27,Guntur,CX,11681,29,0.0025
27,Nagpur,Pod,10624,24,0.0023
27,Tirupati,Sourcing,11731,14,0.0012
27,Rudrapur,Pod,1287,8,0.0062
27,Patiala,Sourcing,4128,3,0.0007
27,Faridabad,WH,14074,4,0.0003
27,Vapi,WH,5047,1,0.0002
27,Pune,Sourcing,170066,1,0
27,Dehradun,Pod,13372,15,0.0011
27,Siliguri,Pod,5155,3,0.0006
27,Kottayam,Sourcing,6257,1,0.0002
27,Belgaum,Sourcing,3765,1,0.0003
27,Bangalore,CX,652545,1140,0.0017
27,Kochi,Pod,98082,332,0.0034
27,Central Goa,Pod,36514,183,0.005
27,Indore,Pod,17148,116,0.0068
27,Coimbatore,CX,33439,90,0.0027
27,Noida,Sourcing,29589,34,0.0011
27,Lucknow,Pod,24475,38,0.0016
27,Karimnagar,CX,3959,8,0.002
27,Shivamogga,Pod,2980,15,0.005
27,Jaipur,WH,39391,16,0.0004
27,Ludhiana,Sourcing,10538,10,0.0009
27,Patna,Sourcing,24836,24,0.001
27,Madurai,Sourcing,12179,4,0.0003
27,Agra,CX,3101,9,0.0029
27,Faridabad,Pod,14074,6,0.0004
27,Raipur,Sourcing,7039,4,0.0006
27,Ajmer,Sourcing,2979,3,0.001
27,Raipur,WH,7039,5,0.0007
27,Jodhpur,Pod,2537,1,0.0004
27,Vadodara,WH,9702,1,0.0001
27,Bilaspur,Sourcing,1621,1,0.0006
27,Nizamabad,Sourcing,1651,1,0.0006
27,Karimnagar,Sourcing,3959,1,0.0003
27,Kochi,Pod,98082,40,0.0004
27,Thrissur,Sourcing,25172,2,0.0001
27,Delhi,Sourcing,184192,321,0.0017
27,Bhubaneswar,Sourcing,44023,15,0.0003
27,Silchar,Pod,4351,23,0.0053
27,Dehradun,Sourcing,13372,15,0.0011
27,Mumbai,CX,371257,983,0.0026
27,Manipal,Pod,7501,3,0.0004
27,Agra,Sourcing,3101,6,0.0019
27,Kottayam,Pod,6257,15,0.0024
27,Ranchi,Sourcing,9515,7,0.0007
27,Nagpur,WH,10624,6,0.0006
27,Dehradun,Sourcing,13372,16,0.0012
27,Aligarh,Pod,2408,14,0.0058
27,Raipur,Pod,7039,6,0.0009
27,Patna,Sourcing,24836,11,0.0004
27,Nellore,WH,7178,10,0.0014
27,Gorakhpur,CX,3291,7,0.0021
27,Rudrapur,Sourcing,1287,2,0.0016
27,Alappuzha,Sourcing,4038,3,0.0007
27,Ambala,Sourcing,2673,4,0.0015
27,Bhimavaram,Pod,1212,8,0.0066
27,Kanchipuram,Pod,3465,2,0.0006
27,Manipal,Sourcing,7501,1,0.0001
27,Palakkad,Sourcing,5205,1,0.0002
27,Tumakuru,Sourcing,3777,1,0.0003
27,Kannur,Sourcing,2205,1,0.0005
27,Silchar,Sourcing,4351,1,0.0002
27,Amritsar,Sourcing,3733,1,0.0003
27,Mumbai,WH,371257,128,0.0003
27,Faridabad,Sourcing,14074,9,0.0006
27,Patiala,Pod,4128,21,0.0051
27,Salem,Sourcing,9171,6,0.0007
27,Pune,WH,170066,30,0.0002
27,Kozhikode,Pod,16091,12,0.0007
27,Coimbatore,Sourcing,33439,3,0.0001
27,Karimnagar,Pod,3959,22,0.0056
27,Central Goa,WH,36514,3,0.0001
27,Nagpur,Pod,10624,4,0.0004
27,Latur,CX,1198,4,0.0033
27,Bhilai,Sourcing,1431,2,0.0014
27,Thanjavur,WH,6137,1,0.0002
27,Kota,Sourcing,1506,1,0.0007
27,Kanpur,Sourcing,4711,1,0.0002
27,Salem,Sourcing,9171,2,0.0002
27,Jabalpur,Sourcing,4080,1,0.0002
27,Bilaspur,Pod,1621,1,0.0006
27,Nagercoil,Sourcing,4423,1,0.0002
27,Bareilly,WH,1931,1,0.0005
27,Jodhpur,Sourcing,2537,2,0.0008
27,Gurgaon,Sourcing,100655,141,0.0014
27,Chennai,CX,274128,901,0.0033
27,Gurgaon,Pod,100655,1019,0.0101
27,Varanasi,Pod,9256,68,0.0073
27,Gurgaon,Sourcing,100655,91,0.0009
27,Roorkee,Pod,1521,12,0.0079
27,Ongole,Pod,1973,14,0.0071
27,Bhubaneswar,Pod,44023,11,0.0003
27,Thiruvananthapuram,Sourcing,48344,41,0.0008
27,Dehradun,Sourcing,13372,25,0.0019
27,Jamshedpur,WH,7025,3,0.0004
27,Shivamogga,WH,2980,2,0.0007
27,Muzaffarpur,Pod,1751,19,0.0109
27,Mysore,Sourcing,22558,5,0.0002
27,Indore,WH,17148,7,0.0004
27,Lucknow,Pod,24475,10,0.0004
27,Kannur,Pod,2205,3,0.0014
27,Tirunelveli,Pod,6444,11,0.0017
27,Salem,WH,9171,3,0.0003
27,Moradabad,WH,2952,2,0.0007
27,Siliguri,WH,5155,2,0.0004
27,Ongole,Sourcing,1973,1,0.0005
27,Rajahmundry,WH,4536,1,0.0002
27,Kochi,Sourcing,98082,4,0
27,Bikaner,Pod,1432,1,0.0007
27,Kurnool,Pod,5789,25,0.0043
27,Delhi,CX,184192,425,0.0023
27,Central Goa,CX,36514,78,0.0021
27,Thiruvananthapuram,CX,48344,35,0.0007
27,Kolkata,Sourcing,102885,105,0.001
27,Guntur,Sourcing,11681,11,0.0009
27,Latur,Pod,1198,9,0.0075
27,Surat,Sourcing,12363,7,0.0006
27,Vapi,Sourcing,5047,11,0.0022
27,Mysore,Sourcing,22558,9,0.0004
27,Roorkee,CX,1521,5,0.0033
27,Thiruvalla,Pod,6152,7,0.0011
27,Manipal,CX,7501,11,0.0015
27,Nellore,Pod,7178,5,0.0007
27,Saharanpur,CX,918,2,0.0022
27,Noida,WH,29589,7,0.0002
27,Thiruvananthapuram,Pod,48344,4,0.0001
27,Kurnool,Pod,5789,8,0.0014
27,Muzaffarpur,Sourcing,1751,3,0.0017
27,Nanded,WH,967,1,0.001
27,Raipur,Sourcing,7039,2,0.0003
27,Gwalior,Pod,4890,1,0.0002
27,Kolhapur,CX,2939,2,0.0007
27,Bathinda,Sourcing,1397,1,0.0007
27,Kanpur,WH,4711,1,0.0002
27,Gurgaon,CX,100655,292,0.0029
27,Panipat,Pod,4569,39,0.0085
27,Mumbai,Sourcing,371257,349,0.0009
27,Chandigarh,Sourcing,40182,62,0.0015
27,Trichy,Pod,10091,66,0.0065
27,Patna,Pod,24836,89,0.0036
27,Karur,Pod,3013,12,0.004
27,Dehradun,Sourcing,13372,2,0.0002
27,Noida,Sourcing,29589,48,0.0016
27,Noida 1,Pod,71912,198,0.0028
27,Pune,WH,170066,15,0.0001
27,Ahmedabad,Pod,46432,7,0.0002
27,Nizamabad,Sourcing,1651,2,0.0012
27,Kollam,Pod,10209,3,0.0003
27,Trichy,Pod,10091,13,0.0013
27,Coimbatore,WH,33439,5,0.0002
27,Kollam,CX,10209,5,0.0005
27,Patiala,Pod,4128,3,0.0007
27,Latur,Sourcing,1198,2,0.0017
27,Warangal,Pod,10375,2,0.0002
27,Rajahmundry,Pod,4536,2,0.0004
27,Hyderabad,Pod,352448,1,0
27,Gurgaon,Pod,100655,1,0
27,Allahabad,Pod,2030,1,0.0005
27,Gorakhpur,Sourcing,3291,2,0.0006
27,Nizamabad,Sourcing,1651,1,0.0006
27,Dibrugarh,Sourcing,2928,1,0.0003
27,Jaipur,Sourcing,39391,51,0.0013
27,Bhubaneswar,CX,44023,113,0.0026
27,Pune,Pod,170066,1409,0.0083
27,Thiruvananthapuram,Pod,48344,135,0.0028
27,Aurangabad,Pod,4506,26,0.0058
27,Vijayawada,CX,18217,40,0.0022
27,Vizag,CX,22293,56,0.0025
27,Gurgaon,Pod,100655,11,0.0001
27,Raipur,Pod,7039,71,0.0101
27,Varanasi,Sourcing,9256,11,0.0012
27,Nellore,WH,7178,4,0.0006
27,Nanded,Pod,967,11,0.0114
27,Cuttack,Pod,5601,19,0.0034
27,Udaipur,Sourcing,6905,2,0.0003
27,Karnal,Sourcing,1409,3,0.0021
27,Jabalpur,WH,4080,2,0.0005
27,Bangalore,Pod,652545,2,0
27,Erode,Sourcing,4206,1,0.0002
27,Palakkad,Sourcing,5205,2,0.0004
27,Udaipur,Sourcing,6905,1,0.0001
27,Chennai,Pod,274128,133,0.0005
27,Vadodara,Sourcing,9702,1,0.0001
27,Nanded,Sourcing,967,3,0.0031
27,Bhilai,Sourcing,1431,3,0.0021
27,Jamshedpur,Pod,7025,2,0.0003
27,Ujjain,Sourcing,2710,1,0.0004
27,Ajmer,Sourcing,2979,1,0.0003
27,Chandigarh,CX,40182,141,0.0035
27,Guwahati,Sourcing,11165,17,0.0015
27,Erode,Sourcing,4206,3,0.0007
27,Ludhiana,Pod,10538,48,0.0046
27,Thiruvallur,Pod,2282,27,0.0118
27,Rajkot,Pod,5819,36,0.0062
27,Bikaner,Pod,1432,14,0.0098
27,Ujjain,Sourcing,2710,6,0.0022
27,Ongole,Sourcing,1973,3,0.0015
27,Nellore,CX,7178,11,0.0015
27,Tirunelveli,Sourcing,6444,5,0.0008
27,Thrissur,Sourcing,25172,11,0.0004
27,Anantapur,Sourcing,4603,12,0.0026
27,Allahabad,Pod,2030,16,0.0079
27,Palakkad,WH,5205,2,0.0004
27,Thanjavur,Pod,6137,5,0.0008
27,Kanpur,Pod,4711,2,0.0004
27,Aurangabad,Sourcing,4506,3,0.0007
27,Thiruvalla,Sourcing,6152,2,0.0003
27,Palakkad,Pod,5205,1,0.0002
27,Thanjavur,Pod,6137,1,0.0002
27,Tirupur,WH,6090,3,0.0005
27,Agra,WH,3101,1,0.0003
27,Belgaum,Pod,3765,1,0.0003
27,Lonavla,Pod,1246,1,0.0008
27,Anand,Pod,1374,1,0.0007
27,Nashik,Pod,9764,1,0.0001
27,Kolkata,CX,102885,267,0.0026
27,Sonipat,Pod,1811,12,0.0066
27,Delhi,Sourcing,184192,133,0.0007
27,Surat,Pod,12363,4,0.0003
27,Thrissur,CX,25172,14,0.0006
27,Trichy,Sourcing,10091,15,0.0015
27,Lucknow,CX,24475,47,0.0019
27,Udaipur,Sourcing,6905,7,0.001
27,Jamshedpur,Sourcing,7025,7,0.001
27,Surat,Pod,12363,7,0.0006
27,Udaipur,WH,6905,4,0.0006
27,Erode,CX,4206,5,0.0012
27,Manipal,Sourcing,7501,9,0.0012
27,Roorkee,Pod,1521,1,0.0007
27,Surat,Sourcing,12363,1,0.0001
27,Ujjain,Pod,2710,5,0.0018
27,Faridabad,CX,14074,49,0.0035
27,Ahmedabad,Sourcing,46432,90,0.0019
27,Ajmer,CX,2979,8,0.0027
27,Ambala,Pod,2673,29,0.0108
27,Ranchi,Pod,9515,64,0.0067
27,Ahmedabad,Sourcing,46432,21,0.0005
27,Sri Ganganagar,CX,3116,9,0.0029
27,Jalandhar,Sourcing,3288,2,0.0006
27,Karaikkudi,Pod,2696,16,0.0059
27,Mysore,WH,22558,14,0.0006
27,Vizag,WH,22293,6,0.0003
27,Amritsar,CX,3733,15,0.004
27,Tumakuru,CX,3777,6,0.0016
27,Aligarh,Sourcing,2408,6,0.0025
27,Madurai,WH,12179,10,0.0008
27,Tumakuru,Pod,3777,18,0.0048
27,Coimbatore,Pod,33439,8,0.0002
27,Kota,CX,1506,3,0.002
27,Ongole,WH,1973,2,0.001
27,Alappuzha,CX,4038,4,0.001
27,Kannur,Pod,2205,7,0.0032
27,Rohtak,CX,3660,13,0.0036
27,Hubli,Pod,3430,2,0.0006
27,Thiruvallur,Pod,2282,5,0.0022
27,Raipur,Pod,7039,15,0.0021
27,Karur,WH,3013,1,0.0003
27,Ongole,Pod,1973,2,0.001
27,Dibrugarh,Pod,2928,2,0.0007
27,Jaipur,Pod,39391,12,0.0003
27,Lonavla,Sourcing,1246,1,0.0008
27,Hyderabad,CX,352448,1101,0.0031
27,Ahmedabad,CX,46432,128,0.0028
27,Warangal,Sourcing,10375,8,0.0008
27,Ambala,Sourcing,2673,3,0.0011
27,Tirupati,Pod,11731,79,0.0067
27,Gwalior,CX,4890,25,0.0051
27,Jaipur,Pod,39391,20,0.0005
27,Erode,Pod,4206,2,0.0005
27,Ranchi,Sourcing,9515,7,0.0007
27,Dehradun,CX,13372,54,0.004
27,Bilaspur,Sourcing,1621,4,0.0025
27,Muzaffarpur,Sourcing,1751,3,0.0017
27,Silchar,WH,4351,2,0.0005
27,Rajahmundry,Sourcing,4536,1,0.0002
27,Nagercoil,WH,4423,1,0.0002
27,Trichy,CX,10091,29,0.0029
27,Hyderabad,Sourcing,352448,147,0.0004
27,Delhi,Sourcing,184192,178,0.001
27,Madurai,Pod,12179,75,0.0062
27,Patna,WH,24836,27,0.0011
27,Delhi,WH,184192,104,0.0006
27,Patna,Sourcing,24836,40,0.0016
27,Ahmedabad,WH,46432,22,0.0005
27,Cuttack,Sourcing,5601,6,0.0011
27,Jamshedpur,Sourcing,7025,3,0.0004
27,Kozhikode,Sourcing,16091,5,0.0003
27,Vadodara,Sourcing,9702,6,0.0006
27,Guntur,Sourcing,11681,3,0.0003
27,Vadodara,Pod,9702,7,0.0007
27,Ambala,Sourcing,2673,2,0.0007
27,Rohtak,WH,3660,3,0.0008
27,Jodhpur,WH,2537,1,0.0004
27,Sri Ganganagar,Pod,3116,4,0.0013
27,Anantapur,Pod,4603,1,0.0002
27,Indore,Sourcing,17148,1,0.0001
27,Dibrugarh,Pod,2928,1,0.0003
27,Kottayam,Sourcing,6257,1,0.0002
27,Tirunelveli,Sourcing,6444,1,0.0002
27,Anantapur,Pod,4603,2,0.0004
27,Khammam,Sourcing,3783,2,0.0005
27,Bangalore,Sourcing,652545,574,0.0009
27,Mangaluru,CX,21549,37,0.0017
27,Nashik,Pod,9764,78,0.008
27,Central Goa,Sourcing,36514,12,0.0003
27,Jamshedpur,Sourcing,7025,14,0.002
27,Davanagere,CX,1906,5,0.0026
27,Raipur,Sourcing,7039,16,0.0023
27,Mumbai,Pod,371257,47,0.0001
27,Bangalore,WH,652545,388,0.0006
27,Anantapur,CX,4603,17,0.0037
27,Udaipur,Sourcing,6905,12,0.0017
27,Vijayawada,Sourcing,18217,10,0.0005
27,Guntur,Pod,11681,7,0.0006
27,Karur,Sourcing,3013,2,0.0007
27,Pune,CX,170066,457,0.0027
27,Kollam,Sourcing,10209,5,0.0005
27,Salem,Pod,9171,5,0.0005
27,Jalandhar,Pod,3288,3,0.0009
27,Gurgaon,Sourcing,100655,1,0
27,Kurnool,Sourcing,5789,1,0.0002
27,Hyderabad,Sourcing,352448,1,0
27,Vadodara,Sourcing,9702,1,0.0001
27,Kottayam,Sourcing,6257,1,0.0002
27,Gorakhpur,Pod,3291,2,0.0006
27,Davanagere,Pod,1906,1,0.0005
27,Aurangabad,CX,4506,1,0.0002
27,Nizamabad,Pod,1651,1,0.0006
27,Karaikkudi,Sourcing,2696,1,0.0004
27,Nizamabad,CX,1651,1,0.0006
27,Dindigul,Sourcing,777,1,0.0013
27,Karimnagar,WH,3959,1,0.0003
27,Chandigarh,Sourcing,40182,44,0.0011
27,Noida,Pod,29589,207,0.007
27,Bangalore,WH,652545,574,0.0009
27,Kochi,WH,98082,8,0.0001
27,Mangaluru,Pod,21549,45,0.0021
27,Bhopal,Pod,8602,48,0.0056
27,Aligarh,CX,2408,6,0.0025
27,Lucknow,Sourcing,24475,21,0.0009
27,Karaikkudi,CX,2696,4,0.0015
27,Berhampur,Sourcing,1824,2,0.0011
27,Shivamogga,CX,2980,3,0.001
27,Thoothukudi,WH,5751,2,0.0003
27,Kolhapur,Pod,2939,1,0.0003
27,Ujjain,Sourcing,2710,1,0.0004
27,Siliguri,WH,5155,1,0.0002
27,Karimnagar,Sourcing,3959,3,0.0008
27,Ahmedabad,Pod,46432,23,0.0005
27,Kurnool,WH,5789,1,0.0002
27,Rajkot,Sourcing,5819,1,0.0002
27,Ludhiana,Pod,10538,3,0.0003
27,Sonipat,Pod,1811,1,0.0006
27,Nagpur,CX,10624,25,0.0024
27,Thanjavur,Pod,6137,21,0.0034
27,Karnal,Pod,1409,5,0.0035
27,Jabalpur,Sourcing,4080,7,0.0017
27,Nashik,Pod,9764,41,0.0042
27,Khammam,Pod,3783,3,0.0008
27,Silchar,CX,4351,9,0.0021
27,Berhampur,CX,1824,4,0.0022
27,Vizag,Pod,22293,12,0.0005
27,Rajkot,Sourcing,5819,5,0.0009
27,Kollam,Pod,10209,4,0.0004
27,Meerut,Sourcing,5559,5,0.0009
27,Patiala,Sourcing,4128,2,0.0005
27,Bareilly,Sourcing,1931,2,0.001
27,Trichy,WH,10091,3,0.0003
27,Gwalior,Pod,4890,3,0.0006
27,Amritsar,WH,3733,1,0.0003
27,Trichy,Sourcing,10091,2,0.0002
27,Erode,Sourcing,4206,1,0.0002
27,Karimnagar,Sourcing,3959,1,0.0003
27,Chennai,Sourcing,274128,12,0
27,Jamshedpur,Sourcing,7025,2,0.0003
27,Hyderabad,Sourcing,352448,394,0.0011
27,Dehradun,Pod,13372,120,0.009
27,Jalandhar,Pod,3288,22,0.0067
27,Delhi,WH,184192,103,0.0006
27,Siliguri,CX,5155,11,0.0021
27,Guntur,WH,11681,10,0.0009
27,Bhilai,Pod,1431,14,0.0098
27,Bathinda,Sourcing,1397,2,0.0014
27,Jodhpur,WH,2537,4,0.0016
27,Thiruvananthapuram,Pod,48344,14,0.0003
27,Mangaluru,WH,21549,6,0.0003
27,Roorkee,Sourcing,1521,3,0.002
27,Guwahati,Sourcing,11165,2,0.0002
27,Eluru,CX,1331,1,0.0008
27,Bilaspur,WH,1621,1,0.0006
27,Ranchi,Sourcing,9515,1,0.0001
27,Jodhpur,Pod,2537,1,0.0004
27,Rudrapur,Pod,1287,1,0.0008
27,Hubli,Sourcing,3430,1,0.0003
27,Rajkot,WH,5819,1,0.0002
27,Roorkee,Pod,1521,3,0.002
27,Patna,WH,24836,6,0.0002
27,Coimbatore,Pod,33439,244,0.0073
27,Tirupur,CX,6090,10,0.0016
27,Siliguri,Pod,5155,39,0.0076
27,Moradabad,Pod,2952,4,0.0014
27,Anantapur,Sourcing,4603,6,0.0013
27,Noida 1,Sourcing,71912,27,0.0004
27,Surat,WH,12363,5,0.0004
27,Kurnool,Sourcing,5789,2,0.0003
27,Central Goa,Pod,36514,16,0.0004
27,Gorakhpur,WH,3291,2,0.0006
27,Eluru,WH,1331,1,0.0008
27,Khammam,Pod,3783,12,0.0032
27,Salem,Pod,9171,54,0.0059
27,Noida 1,Sourcing,71912,91,0.0013
27,Mumbai,Pod,371257,87,0.0002
27,Gurgaon,Sourcing,100655,79,0.0008
27,Manipal,WH,7501,5,0.0007
27,Madurai,Sourcing,12179,9,0.0007
27,Mangaluru,Sourcing,21549,5,0.0002
27,Bareilly,Sourcing,1931,2,0.001
27,Sri Ganganagar,Pod,3116,28,0.009
27,Anantapur,Sourcing,4603,4,0.0009
27,Pondicherry,Sourcing,12220,7,0.0006
27,Kochi,Sourcing,98082,19,0.0002
27,Kota,Sourcing,1506,3,0.002
27,Kakinada,CX,3826,3,0.0008
27,Tirunelveli,WH,6444,9,0.0014
27,Nellore,Sourcing,7178,4,0.0006
27,Tirupati,Pod,11731,6,0.0005
27,Chandigarh,Sourcing,40182,16,0.0004
27,Sonipat,Sourcing,1811,4,0.0022
27,Delhi,Sourcing,184192,18,0.0001
27,Vapi,WH,5047,4,0.0008
27,Patiala,Sourcing,4128,1,0.0002
27,Lonavla,CX,1246,1,0.0008
27,Kanpur,Pod,4711,1,0.0002
27,Aurangabad,Pod,4506,4,0.0009
27,Kannur,WH,2205,1,0.0005
27,Bhimavaram,CX,1212,1,0.0008
27,Erode,WH,4206,1,0.0002
27,Noida 1,Sourcing,71912,126,0.0018
27,Noida 1,Pod,71912,491,0.0068
27,Mumbai,Sourcing,371257,174,0.0005
27,Anand,Pod,1374,6,0.0044
27,Noida,Pod,29589,10,0.0003
27,Kurnool,CX,5789,11,0.0019
27,Hyderabad,Pod,352448,106,0.0003
27,Lucknow,Sourcing,24475,16,0.0007
27,Ranchi,Sourcing,9515,10,0.0011
27,Kottayam,Pod,6257,9,0.0014
27,Ahmedabad,WH,46432,11,0.0002
27,Noida,Sourcing,29589,37,0.0013
27,Manipal,Pod,7501,35,0.0047
27,Pune,Sourcing,170066,40,0.0002
27,Aligarh,Sourcing,2408,8,0.0033
27,Vijayawada,WH,18217,7,0.0004
27,Aurangabad,Sourcing,4506,4,0.0009
27,Mysore,Pod,22558,79,0.0035
27,Nagercoil,CX,4423,2,0.0005
27,Panipat,WH,4569,2,0.0004
27,Palakkad,Pod,5205,3,0.0006
27,Chennai,Pod,274128,70,0.0003
27,Chennai,Sourcing,274128,206,0.0008
27,Erode,Pod,4206,23,0.0055
27,Gurgaon,WH,100655,40,0.0004
27,Gurgaon,Pod,100655,35,0.0003
27,Vadodara,Pod,9702,50,0.0052
27,Nellore,Pod,7178,44,0.0061
27,Mysore,WH,22558,8,0.0004
27,Jamshedpur,CX,7025,25,0.0036
27,Ludhiana,WH,10538,4,0.0004
27,Kolhapur,Pod,2939,20,0.0068
27,Bilaspur,CX,1621,12,0.0074
27,Latur,Sourcing,1198,2,0.0017
27,Bikaner,Pod,1432,2,0.0014
27,Jodhpur,Sourcing,2537,5,0.002
27,Pondicherry,WH,12220,9,0.0007
27,Hubli,Pod,3430,16,0.0047
27,Jodhpur,CX,2537,25,0.0099
27,Tumakuru,Sourcing,3777,4,0.0011
27,Muzaffarpur,Pod,1751,2,0.0011
27,Hubli,Sourcing,3430,2,0.0006
27,Pondicherry,Sourcing,12220,2,0.0002
27,Nagpur,Sourcing,10624,4,0.0004
27,Kanchipuram,Sourcing,3465,2,0.0006
27,Rohtak,WH,3660,1,0.0003
27,Allahabad,Sourcing,2030,1,0.0005
27,Kanchipuram,Sourcing,3465,1,0.0003
27,Mumbai,Pod,371257,2896,0.0078
27,Guwahati,Pod,11165,112,0.01
27,Chennai,Sourcing,274128,321,0.0012
27,Mangaluru,Pod,21549,102,0.0047
27,Vellore,CX,8689,15,0.0017
27,Gwalior,Sourcing,4890,12,0.0025
27,Vizag,Sourcing,22293,32,0.0014
27,Mysore,CX,22558,44,0.002
27,Udaipur,Pod,6905,68,0.0098
27,Meerut,Pod,5559,8,0.0014
27,Rohtak,Sourcing,3660,4,0.0011
27,Faridabad,WH,14074,5,0.0004
27,Lucknow,Sourcing,24475,23,0.0009
27,Kolkata,WH,102885,61,0.0006
27,Panipat,Sourcing,4569,19,0.0042
27,Nellore,Sourcing,7178,5,0.0007
27,Hyderabad,Sourcing,352448,238,0.0007
27,Kozhikode,WH,16091,3,0.0002
27,Amravati,Sourcing,1693,6,0.0035
27,Rajkot,Pod,5819,13,0.0022
27,Bathinda,CX,1397,5,0.0036
27,Vizag,Sourcing,22293,6,0.0003
27,Mangaluru,Pod,21549,4,0.0002
27,Vapi,Sourcing,5047,3,0.0006
27,Kanpur,WH,4711,4,0.0008
27,Thoothukudi,WH,5751,2,0.0003
27,Ujjain,WH,2710,1,0.0004
27,Davanagere,Sourcing,1906,1,0.0005
27,Vapi,Sourcing,5047,1,0.0002
27,Jamshedpur,Pod,7025,1,0.0001
27,Silchar,Sourcing,4351,1,0.0002
27,Anand,Sourcing,1374,1,0.0007
27,Pune,Sourcing,170066,211,0.0012
27,Jamshedpur,Pod,7025,62,0.0088
27,Pune,Pod,170066,35,0.0002
27,Thiruvalla,CX,6152,3,0.0005
27,Indore,Sourcing,17148,12,0.0007
27,Ranchi,Pod,9515,6,0.0006
27,Dindigul,Sourcing,777,3,0.0039
27,Dehradun,Pod,13372,2,0.0002
27,Kakinada,Sourcing,3826,2,0.0005
27,Madurai,Sourcing,12179,3,0.0002
27,Ambala,Pod,2673,2,0.0007
27,Manipal,WH,7501,2,0.0003
27,Chandigarh,Pod,40182,26,0.0006
27,Kollam,Sourcing,10209,1,0.0001
27,Bhimavaram,WH,1212,1,0.0008
27,Surat,Pod,12363,65,0.0053
27,Noida 1,WH,71912,34,0.0005
27,Guntur,Pod,11681,80,0.0068
27,Gurgaon,WH,100655,47,0.0005
27,Belgaum,Pod,3765,14,0.0037
27,Jaipur,Sourcing,39391,57,0.0014
27,Vapi,CX,5047,18,0.0036
27,Noida 1,Pod,71912,20,0.0003
27,Rajkot,CX,5819,13,0.0022
27,Moradabad,WH,2952,6,0.002
27,Panipat,CX,4569,7,0.0015
27,Central Goa,Pod,36514,5,0.0001
27,Vijayawada,Pod,18217,8,0.0004
27,Davanagere,Sourcing,1906,3,0.0016
27,Thoothukudi,Pod,5751,4,0.0007
27,Meerut,WH,5559,3,0.0005
27,Jabalpur,Sourcing,4080,3,0.0007
28,Ambala,Pod,2878,1,0.0003
28,Thanjavur,Sourcing,6710,1,0.0001
28,Nizamabad,WH,1518,1,0.0007
28,Cuttack,WH,6047,1,0.0002
28,Chennai,Sourcing,291775,245,0.0008
28,Bilaspur,Pod,1782,31,0.0174
28,Bhubaneswar,WH,43188,7,0.0002
28,Mangaluru,WH,20931,9,0.0004
28,Moradabad,Pod,3686,12,0.0033
28,Indore,Sourcing,17899,16,0.0009
28,Shivamogga,WH,3208,3,0.0009
28,Khammam,Sourcing,4476,4,0.0009
28,Kanchipuram,CX,3908,11,0.0028
28,Mysore,Sourcing,22595,5,0.0002
28,Bikaner,Sourcing,1515,6,0.004
28,Kozhikode,Pod,16520,4,0.0002
28,Tirupati,Pod,12255,3,0.0002
28,Surat,Pod,10408,6,0.0006
28,Thrissur,Sourcing,25522,2,0.0001
28,Vadodara,WH,11091,5,0.0005
28,Tirunelveli,CX,6552,7,0.0011
28,Dibrugarh,Sourcing,2913,1,0.0003
28,Kollam,WH,10639,3,0.0003
28,Kolkata,CX,106441,227,0.0021
28,Shivamogga,Pod,3208,20,0.0062
28,Kolkata,Sourcing,106441,139,0.0013
28,Vijayawada,Pod,20082,118,0.0059
28,Nagpur,CX,11516,31,0.0027
28,Guntur,WH,12870,13,0.001
28,Patna,Sourcing,26443,22,0.0008
28,Indore,Pod,17899,5,0.0003
28,Mysore,Pod,22595,3,0.0001
28,Rajkot,WH,5584,2,0.0004
28,Roorkee,WH,1561,1,0.0006
28,Thiruvallur,WH,2330,1,0.0004
28,Sri Ganganagar,Sourcing,3333,1,0.0003
28,Mathura,Sourcing,2381,1,0.0004
28,Silchar,Sourcing,4763,1,0.0002
28,Allahabad,Sourcing,2665,1,0.0004
28,Ambala,Sourcing,2878,2,0.0007
28,Rudrapur,Pod,1539,1,0.0007
28,Pondicherry,CX,13188,39,0.003
28,Pune,CX,197288,614,0.0031
28,Kochi,Sourcing,98680,95,0.001
28,Vadodara,Pod,11091,69,0.0062
28,Trichy,Pod,10544,74,0.007
28,Central Goa,WH,38389,8,0.0002
28,Jaipur,CX,41158,190,0.0046
28,Tirupur,Pod,6498,36,0.0055
28,Hyderabad,Sourcing,357548,119,0.0003
28,Jalandhar,Pod,3289,39,0.0119
28,Udaipur,WH,7207,8,0.0011
28,Vijayawada,WH,20082,22,0.0011
28,Delhi,Pod,190447,51,0.0003
28,Gwalior,Sourcing,5362,5,0.0009
28,Palakkad,Pod,5209,6,0.0012
28,Kurnool,Sourcing,5881,2,0.0003
28,Aurangabad,Pod,4312,3,0.0007
28,Davanagere,CX,1987,5,0.0025
28,Nashik,Sourcing,8909,5,0.0006
28,Warangal,WH,10031,6,0.0006
28,Central Goa,WH,38389,4,0.0001
28,Tirupur,Sourcing,6498,1,0.0002
28,Nellore,Pod,7468,1,0.0001
28,Palakkad,Pod,5209,2,0.0004
28,Thiruvallur,Sourcing,2330,2,0.0009
28,Jalandhar,WH,3289,3,0.0009
28,Rajkot,Sourcing,5584,2,0.0004
28,Ludhiana,Pod,11899,2,0.0002
28,Mumbai,WH,367386,177,0.0005
28,Mysore,Pod,22595,80,0.0035
28,Gurgaon,CX,100372,307,0.0031
28,Kurnool,CX,5881,5,0.0009
28,Coimbatore,WH,33674,13,0.0004
28,Delhi,Sourcing,190447,188,0.001
28,Rajkot,CX,5584,13,0.0023
28,Vizag,WH,24729,10,0.0004
28,Noida 1,Pod,75062,20,0.0003
28,Ahmedabad,Sourcing,51034,26,0.0005
28,Thrissur,Sourcing,25522,4,0.0002
28,Madurai,WH,13105,20,0.0015
28,Kollam,Pod,10639,12,0.0011
28,Karnal,CX,1634,5,0.0031
28,Aurangabad,Sourcing,4312,5,0.0012
28,Trichy,WH,10544,2,0.0002
28,Agra,Sourcing,3480,2,0.0006
28,Aligarh,WH,3079,2,0.0007
28,Rajkot,Sourcing,5584,1,0.0002
28,Bathinda,WH,1564,1,0.0006
28,Tirupur,WH,6498,2,0.0003
28,Ambala,Sourcing,2878,2,0.0007
28,Rohtak,Pod,3892,1,0.0003
28,Central Goa,Pod,38389,228,0.0059
28,Latur,Pod,1241,12,0.0097
28,Palakkad,CX,5209,10,0.0019
28,Khammam,CX,4476,11,0.0025
28,Patiala,Pod,4508,26,0.0058
28,Thrissur,Sourcing,25522,4,0.0002
28,Amravati,CX,1725,9,0.0052
28,Kolkata,Pod,106441,58,0.0005
28,Jamshedpur,Sourcing,8140,12,0.0015
28,Central Goa,Sourcing,38389,24,0.0006
28,Davanagere,Pod,1987,8,0.004
28,Ajmer,Sourcing,3050,6,0.002
28,Noida,Sourcing,31153,21,0.0007
28,Nashik,WH,8909,9,0.001
28,Rajahmundry,Sourcing,4901,5,0.001
28,Bhopal,WH,10723,2,0.0002
28,Jamshedpur,WH,8140,3,0.0004
28,Jalandhar,Sourcing,3289,3,0.0009
28,Ujjain,Sourcing,2781,2,0.0007
28,Salem,Pod,9427,4,0.0004
28,Kurnool,Sourcing,5881,4,0.0007
28,Rohtak,Pod,3892,2,0.0005
28,Bikaner,Pod,1515,1,0.0007
28,Vapi,WH,5305,1,0.0002
28,Rudrapur,WH,1539,1,0.0007
28,Trichy,Sourcing,10544,1,0.0001
28,Jabalpur,Pod,4267,1,0.0002
28,Mumbai,Pod,367386,4115,0.0112
28,Palakkad,Pod,5209,19,0.0036
28,Jaipur,Sourcing,41158,57,0.0014
28,Rohtak,Pod,3892,51,0.0131
28,Kanpur,Pod,6285,35,0.0056
28,Noida 1,WH,75062,76,0.001
28,Dehradun,Sourcing,14121,11,0.0008
28,Ongole,Pod,2217,10,0.0045
28,Noida,Sourcing,31153,54,0.0017
28,Kottayam,CX,6576,5,0.0008
28,Agra,Sourcing,3480,3,0.0009
28,Faridabad,WH,13365,2,0.0002
28,Bathinda,Pod,1564,18,0.0115
28,Dehradun,WH,14121,2,0.0001
28,Cuddalore,WH,1145,1,0.0009
28,Kollam,Sourcing,10639,1,0.0001
28,Kanchipuram,WH,3908,1,0.0003
28,Nizamabad,Sourcing,1518,1,0.0007
28,Allahabad,CX,2665,7,0.0026
28,Kota,Sourcing,1826,1,0.0005
28,Silchar,WH,4763,1,0.0002
28,Hyderabad,Sourcing,357548,203,0.0006
28,Gurgaon,Pod,100372,28,0.0003
28,Ambala,Pod,2878,31,0.0108
28,Bhubaneswar,CX,43188,99,0.0023
28,Rajkot,Pod,5584,46,0.0082
28,Vizag,Pod,24729,12,0.0005
28,Kanpur,CX,6285,14,0.0022
28,Dibrugarh,Pod,2913,18,0.0062
28,Jaipur,Sourcing,41158,31,0.0008
28,Chandigarh,Sourcing,40637,31,0.0008
28,Gwalior,CX,5362,9,0.0017
28,Nellore,Pod,7468,19,0.0025
28,Warangal,Pod,10031,4,0.0004
28,Trichy,WH,10544,6,0.0006
28,Surat,WH,10408,2,0.0002
28,Thiruvananthapuram,WH,49845,4,0.0001
28,Thanjavur,Sourcing,6710,1,0.0001
28,Kozhikode,WH,16520,2,0.0001
28,Central Goa,Pod,38389,1,0
28,Rajkot,WH,5584,2,0.0004
28,Hyderabad,Pod,357548,139,0.0004
28,Hubli,Sourcing,3575,1,0.0003
28,Dindigul,Sourcing,810,1,0.0012
28,Thiruvallur,Pod,2330,1,0.0004
28,Bangalore,CX,671990,1153,0.0017
28,Noida,Pod,31153,257,0.0083
28,Vapi,CX,5305,11,0.0021
28,Jaipur,Sourcing,41158,18,0.0004
28,Raipur,Pod,7655,82,0.0107
28,Kolkata,Sourcing,106441,121,0.0011
28,Panipat,Pod,4715,29,0.0062
28,Nashik,Pod,8909,5,0.0006
28,Aurangabad,Sourcing,4312,10,0.0023
28,Varanasi,Sourcing,10054,7,0.0007
28,Anand,Pod,1447,13,0.009
28,Chandigarh,Pod,40637,14,0.0003
28,Pondicherry,WH,13188,14,0.0011
28,Thoothukudi,WH,6055,3,0.0005
28,Ludhiana,CX,11899,22,0.0018
28,Amritsar,Sourcing,4003,5,0.0012
28,Nellore,WH,7468,6,0.0008
28,Raipur,WH,7655,9,0.0012
28,Moradabad,Pod,3686,14,0.0038
28,Agra,Sourcing,3480,4,0.0011
28,Dehradun,Pod,14121,8,0.0006
28,Manipal,Sourcing,7986,4,0.0005
28,Silchar,WH,4763,2,0.0004
28,Rajkot,Pod,5584,6,0.0011
28,Ranchi,Pod,10764,9,0.0008
28,Nellore,WH,7468,6,0.0008
28,Nagercoil,WH,4478,2,0.0004
28,Thiruvananthapuram,Sourcing,49845,4,0.0001
28,Udaipur,Sourcing,7207,1,0.0001
28,Amritsar,Sourcing,4003,1,0.0003
28,Cuddalore,Sourcing,1145,2,0.0017
28,Jodhpur,Sourcing,2909,1,0.0003
28,Dibrugarh,Sourcing,2913,1,0.0003
28,Nizamabad,Pod,1518,1,0.0007
28,Karur,CX,3084,1,0.0003
28,Bangalore,Sourcing,671990,144,0.0002
28,Vizag,Pod,24729,178,0.0072
28,Bangalore,Sourcing,671990,789,0.0012
28,Delhi,WH,190447,138,0.0007
28,Kolkata,Pod,106441,648,0.0061
28,Pune,Sourcing,197288,39,0.0002
28,Nashik,CX,8909,34,0.0038
28,Gurgaon,Sourcing,100372,59,0.0006
28,Gorakhpur,Pod,3880,13,0.0034
28,Anantapur,Pod,4733,23,0.0049
28,Rudrapur,CX,1539,2,0.0013
28,Hubli,CX,3575,3,0.0008
28,Moradabad,Sourcing,3686,3,0.0008
28,Faridabad,Pod,13365,5,0.0004
28,Tirupur,Pod,6498,2,0.0003
28,Nellore,Sourcing,7468,5,0.0007
28,Central Goa,Sourcing,38389,1,0
28,Hubli,Sourcing,3575,1,0.0003
28,Rajahmundry,Sourcing,4901,1,0.0002
28,Salem,Pod,9427,1,0.0001
28,Bangalore,Pod,671990,1,0
28,Gwalior,WH,5362,1,0.0002
28,Tirunelveli,Pod,6552,3,0.0005
28,Tirupur,Sourcing,6498,3,0.0005
28,Jalandhar,Sourcing,3289,4,0.0012
28,Tumakuru,CX,3875,10,0.0026
28,Rohtak,WH,3892,6,0.0015
28,Mangaluru,Pod,20931,74,0.0035
28,Thoothukudi,CX,6055,14,0.0023
28,Mangaluru,CX,20931,32,0.0015
28,Guwahati,WH,11921,5,0.0004
28,Rajahmundry,Pod,4901,31,0.0063
28,Bhopal,Sourcing,10723,7,0.0007
28,Thiruvananthapuram,Pod,49845,6,0.0001
28,Hubli,Pod,3575,9,0.0025
28,Jodhpur,CX,2909,11,0.0038
28,Noida,WH,31153,21,0.0007
28,Dindigul,Pod,810,2,0.0025
28,Bareilly,Pod,2149,3,0.0014
28,Guwahati,WH,11921,3,0.0003
28,Patna,Sourcing,26443,38,0.0014
28,Allahabad,Sourcing,2665,3,0.0011
28,Saharanpur,CX,995,3,0.003
28,Tirupati,Pod,12255,1,0.0001
28,Surat,Sourcing,10408,1,0.0001
28,Muzaffarpur,Pod,1937,26,0.0134
28,Chandigarh,Pod,40637,479,0.0118
28,Guntur,CX,12870,38,0.003
28,Mumbai,Pod,367386,54,0.0001
28,Kottayam,Pod,6576,16,0.0024
28,Faridabad,Sourcing,13365,29,0.0022
28,Mangaluru,Pod,20931,31,0.0015
28,Tirupati,Sourcing,12255,5,0.0004
28,Aligarh,Sourcing,3079,6,0.0019
28,Cuttack,Sourcing,6047,6,0.001
28,Patiala,Sourcing,4508,3,0.0007
28,Patiala,Sourcing,4508,6,0.0013
28,Kurnool,Pod,5881,3,0.0005
28,Vijayawada,Sourcing,20082,8,0.0004
28,Vizag,Pod,24729,16,0.0006
28,Palakkad,Sourcing,5209,3,0.0006
28,Kottayam,Pod,6576,1,0.0002
28,Tirunelveli,Pod,6552,1,0.0002
28,Guntur,Pod,12870,1,0.0001
28,Tirunelveli,Sourcing,6552,2,0.0003
28,Muzaffarpur,Pod,1937,6,0.0031
28,Agra,Pod,3480,1,0.0003
28,Ujjain,Pod,2781,1,0.0004
28,Vizianagaram,Sourcing,1443,1,0.0007
28,Karimnagar,Sourcing,3848,1,0.0003
28,Pondicherry,Pod,13188,74,0.0056
28,Patna,Pod,26443,212,0.008
28,Varanasi,Pod,10054,60,0.006
28,Kurnool,Pod,5881,20,0.0034
28,Udaipur,WH,7207,7,0.001
28,Kanchipuram,Pod,3908,23,0.0059
28,Thiruvananthapuram,Pod,49845,30,0.0006
28,Karnal,Pod,1634,14,0.0086
28,Vadodara,CX,11091,17,0.0015
28,Pondicherry,Pod,13188,33,0.0025
28,Coimbatore,Sourcing,33674,14,0.0004
28,Mangaluru,Sourcing,20931,4,0.0002
28,Raipur,Pod,7655,6,0.0008
28,Salem,Sourcing,9427,4,0.0004
28,Ongole,WH,2217,2,0.0009
28,Anand,CX,1447,5,0.0035
28,Ranchi,WH,10764,5,0.0005
28,Raipur,WH,7655,3,0.0004
28,Bathinda,Sourcing,1564,1,0.0006
28,Thiruvalla,WH,6494,1,0.0002
28,Mangaluru,WH,20931,7,0.0003
28,Aurangabad,Sourcing,4312,1,0.0002
28,Mathura,Sourcing,2381,1,0.0004
28,Manipal,WH,7986,3,0.0004
28,Ujjain,WH,2781,1,0.0004
28,Sri Ganganagar,WH,3333,3,0.0009
28,Bhimavaram,Sourcing,1283,1,0.0008
28,Madurai,Sourcing,13105,3,0.0002
28,Nizamabad,Pod,1518,3,0.002
28,Ambala,Sourcing,2878,3,0.001
28,Ongole,Pod,2217,2,0.0009
28,Jamshedpur,Pod,8140,70,0.0086
28,Pune,Pod,197288,41,0.0002
28,Warangal,Pod,10031,56,0.0056
28,Chandigarh,CX,40637,142,0.0035
28,Bilaspur,CX,1782,21,0.0118
28,Tirupati,CX,12255,23,0.0019
28,Central Goa,Sourcing,38389,60,0.0016
28,Manipal,Pod,7986,15,0.0019
28,Berhampur,CX,1959,2,0.001
28,Mysore,Sourcing,22595,10,0.0004
28,Kota,Pod,1826,3,0.0016
28,Rajkot,Pod,5584,2,0.0004
28,Sri Ganganagar,WH,3333,2,0.0006
28,Shivamogga,Pod,3208,2,0.0006
28,Jalandhar,Sourcing,3289,2,0.0006
28,Madurai,Pod,13105,1,0.0001
28,Ambala,WH,2878,1,0.0003
28,Cuttack,Pod,6047,1,0.0002
28,Moradabad,Sourcing,3686,2,0.0005
28,Chennai,WH,291775,133,0.0005
28,Tirupati,Pod,12255,72,0.0059
28,Cuttack,Pod,6047,28,0.0046
28,Vizag,Sourcing,24729,13,0.0005
28,Mysore,Sourcing,22595,7,0.0003
28,Mysore,Pod,22595,36,0.0016
28,Lucknow,Sourcing,26841,10,0.0004
28,Thiruvallur,CX,2330,20,0.0086
28,Jaipur,Pod,41158,17,0.0004
28,Kanpur,Sourcing,6285,9,0.0014
28,Rajahmundry,CX,4901,9,0.0018
28,Meerut,CX,6830,9,0.0013
28,Indore,WH,17899,7,0.0004
28,Gwalior,Sourcing,5362,7,0.0013
28,Vijayawada,Pod,20082,2,0.0001
28,Kolhapur,Sourcing,3020,3,0.001
28,Tumakuru,Sourcing,3875,1,0.0003
28,Rudrapur,Sourcing,1539,1,0.0007
28,Chennai,WH,291775,167,0.0006
28,Delhi,Sourcing,190447,106,0.0006
28,Bangalore,Pod,671990,168,0.0003
28,Nellore,CX,7468,18,0.0024
28,Sonipat,Pod,2040,31,0.0152
28,Nagpur,Sourcing,11516,16,0.0014
28,Karaikkudi,Pod,2782,8,0.0029
28,Bathinda,CX,1564,10,0.0064
28,Patna,Pod,26443,105,0.004
28,Noida,Pod,31153,195,0.0063
28,Kottayam,Pod,6576,6,0.0009
28,Lucknow,Pod,26841,49,0.0018
28,Patna,Pod,26443,22,0.0008
28,Bhubaneswar,Sourcing,43188,10,0.0002
28,Varanasi,Pod,10054,8,0.0008
28,Madurai,CX,13105,28,0.0021
28,Muzaffarpur,Sourcing,1937,6,0.0031
28,Palakkad,Sourcing,5209,3,0.0006
28,Mathura,Pod,2381,7,0.0029
28,Kakinada,Sourcing,4164,2,0.0005
28,Faridabad,WH,13365,2,0.0002
28,Hyderabad,Sourcing,357548,16,0
28,Manipal,Sourcing,7986,5,0.0006
28,Ongole,CX,2217,3,0.0014
28,Ujjain,Pod,2781,2,0.0007
28,Gwalior,Pod,5362,1,0.0002
28,Saharanpur,Pod,995,1,0.001
28,Kanpur,Pod,6285,1,0.0002
28,Nellore,Pod,7468,57,0.0076
28,Gurgaon,Pod,100372,1142,0.0114
28,Madurai,Pod,13105,50,0.0038
28,Chandigarh,WH,40637,11,0.0003
28,Vizag,WH,24729,17,0.0007
28,Vadodara,Sourcing,11091,5,0.0005
28,Bhilai,Pod,1635,2,0.0012
28,Jaipur,Pod,41158,3,0.0001
28,Kozhikode,WH,16520,7,0.0004
28,Manipal,Pod,7986,17,0.0021
28,Sri Ganganagar,Sourcing,3333,2,0.0006
28,Raipur,Sourcing,7655,12,0.0016
28,Thrissur,Pod,25522,2,0.0001
28,Faridabad,Sourcing,13365,6,0.0004
28,Bhilai,Sourcing,1635,4,0.0024
28,Bathinda,Sourcing,1564,5,0.0032
28,Nanded,Sourcing,1040,3,0.0029
28,Anand,WH,1447,3,0.0021
28,Shivamogga,Sourcing,3208,1,0.0003
28,Siliguri,Sourcing,5598,1,0.0002
28,Amravati,WH,1725,1,0.0006
28,Amravati,Sourcing,1725,1,0.0006
28,Lucknow,Pod,26841,103,0.0038
28,Pune,WH,197288,60,0.0003
28,Bhubaneswar,WH,43188,4,0.0001
28,Bhubaneswar,Pod,43188,285,0.0066
28,Thrissur,Pod,25522,84,0.0033
28,Bangalore,WH,671990,421,0.0006
28,Ahmedabad,WH,51034,10,0.0002
28,Warangal,CX,10031,25,0.0025
28,Meerut,Pod,6830,23,0.0034
28,Delhi,WH,190447,74,0.0004
28,Nashik,Sourcing,8909,7,0.0008
28,Patiala,Pod,4508,8,0.0018
28,Nanded,Pod,1040,3,0.0029
28,Ludhiana,Sourcing,11899,2,0.0002
28,Varanasi,WH,10054,2,0.0002
28,Muzaffarpur,Pod,1937,12,0.0062
28,Nanded,CX,1040,3,0.0029
28,Gorakhpur,Sourcing,3880,3,0.0008
28,Tumakuru,WH,3875,2,0.0005
28,Thrissur,Pod,25522,5,0.0002
28,Vadodara,Sourcing,11091,3,0.0003
28,Sonipat,Pod,2040,1,0.0005
28,Khammam,WH,4476,1,0.0002
28,Ludhiana,WH,11899,1,0.0001
28,Madurai,WH,13105,1,0.0001
28,Panipat,WH,4715,5,0.0011
28,Thrissur,WH,25522,2,0.0001
28,Berhampur,Sourcing,1959,1,0.0005
28,Pune,Sourcing,197288,4,0
28,Belgaum,WH,3948,1,0.0003
28,Hyderabad,WH,357548,94,0.0003
28,Indore,Pod,17899,134,0.0075
28,Madurai,Sourcing,13105,11,0.0008
28,Cuttack,CX,6047,18,0.003
28,Bhopal,Pod,10723,88,0.0082
28,Udaipur,CX,7207,26,0.0036
28,Noida 1,Sourcing,75062,113,0.0015
28,Vijayawada,CX,20082,36,0.0018
28,Ranchi,Sourcing,10764,11,0.001
28,Faridabad,Sourcing,13365,22,0.0016
28,Jamshedpur,Sourcing,8140,6,0.0007
28,Chandigarh,Sourcing,40637,23,0.0006
28,Guwahati,Sourcing,11921,3,0.0003
28,Kota,Pod,1826,10,0.0055
28,Nagpur,Sourcing,11516,4,0.0003
28,Noida,Sourcing,31153,5,0.0002
28,Mathura,Sourcing,2381,6,0.0025
28,Kolhapur,WH,3020,1,0.0003
28,Vellore,Sourcing,8983,1,0.0001
28,Vellore,Pod,8983,1,0.0001
28,Hosur,Sourcing,234,1,0.0043
28,Surat,WH,10408,3,0.0003
28,Karnal,Sourcing,1634,1,0.0006
28,Ranchi,Sourcing,10764,2,0.0002
28,Delhi,Pod,190447,186,0.001
28,Pune,Sourcing,197288,237,0.0012
28,Ranchi,Sourcing,10764,7,0.0007
28,Central Goa,Sourcing,38389,10,0.0003
28,Thiruvallur,Pod,2330,40,0.0172
28,Nagpur,Pod,11516,40,0.0035
28,Siliguri,CX,5598,12,0.0021
28,Noida,CX,31153,134,0.0043
28,Noida,Pod,31153,21,0.0007
28,Thiruvalla,Pod,6494,13,0.002
28,Siliguri,Pod,5598,36,0.0064
28,Davanagere,Sourcing,1987,5,0.0025
28,Kurnool,Pod,5881,15,0.0026
28,Lucknow,Sourcing,26841,6,0.0002
28,Mysore,WH,22595,9,0.0004
28,Ambala,CX,2878,10,0.0035
28,Vellore,Sourcing,8983,3,0.0003
28,Thanjavur,WH,6710,1,0.0001
28,Nizamabad,Sourcing,1518,1,0.0007
28,Kanchipuram,Sourcing,3908,2,0.0005
28,Kota,WH,1826,1,0.0005
28,Bhimavaram,WH,1283,1,0.0008
28,Delhi,Pod,190447,1869,0.0098
28,Indore,CX,17899,70,0.0039
28,Kozhikode,Pod,16520,39,0.0024
28,Kozhikode,Sourcing,16520,6,0.0004
28,Salem,Pod,9427,37,0.0039
28,Ludhiana,Pod,11899,31,0.0026
28,Meerut,Sourcing,6830,3,0.0004
28,Madurai,Sourcing,13105,5,0.0004
28,Bhubaneswar,Pod,43188,5,0.0001
28,Ongole,Sourcing,2217,4,0.0018
28,Thiruvalla,CX,6494,3,0.0005
28,Ludhiana,Sourcing,11899,6,0.0005
28,Erode,CX,4401,7,0.0016
28,Karaikkudi,Sourcing,2782,2,0.0007
28,Kanchipuram,Sourcing,3908,1,0.0003
28,Manipal,Pod,7986,1,0.0001
28,Vizianagaram,WH,1443,1,0.0007
28,Bhilai,WH,1635,1,0.0006
28,Jodhpur,WH,2909,1,0.0003
28,Guntur,Sourcing,12870,17,0.0013
28,Noida,Sourcing,31153,64,0.0021
28,Coimbatore,WH,33674,5,0.0001
28,Thiruvananthapuram,Pod,49845,218,0.0044
28,Rohtak,Sourcing,3892,6,0.0015
28,Sri Ganganagar,Pod,3333,24,0.0072
28,Amritsar,CX,4003,8,0.002
28,Jabalpur,Pod,4267,31,0.0073
28,Vizag,Sourcing,24729,29,0.0012
28,Rohtak,Sourcing,3892,6,0.0015
28,Raipur,Sourcing,7655,9,0.0012
28,Central Goa,Pod,38389,7,0.0002
28,Madurai,Pod,13105,20,0.0015
28,Trichy,CX,10544,21,0.002
28,Kanpur,Sourcing,6285,2,0.0003
28,Jabalpur,CX,4267,8,0.0019
28,Rudrapur,Pod,1539,6,0.0039
28,Siliguri,WH,5598,4,0.0007
28,Hosur,CX,234,1,0.0043
28,Kottayam,WH,6576,2,0.0003
28,Mathura,Pod,2381,1,0.0004
28,Kanpur,Sourcing,6285,1,0.0002
28,Nizamabad,Pod,1518,1,0.0007
28,Kannur,Pod,2178,18,0.0083
28,Aligarh,Pod,3079,33,0.0107
28,Noida 1,Sourcing,75062,62,0.0008
28,Bhimavaram,Pod,1283,7,0.0055
28,Bhubaneswar,Sourcing,43188,59,0.0014
28,Sri Ganganagar,Sourcing,3333,3,0.0009
28,Kolhapur,CX,3020,6,0.002
28,Vizag,Sourcing,24729,7,0.0003
28,Amravati,Pod,1725,14,0.0081
28,Surat,Pod,10408,9,0.0009
28,Panipat,Sourcing,4715,6,0.0013
28,Vijayawada,Sourcing,20082,6,0.0003
28,Mangaluru,Sourcing,20931,8,0.0004
28,Nashik,Sourcing,8909,2,0.0002
28,Kochi,WH,98680,6,0.0001
28,Tirunelveli,WH,6552,2,0.0003
28,Kota,Sourcing,1826,1,0.0005
28,Thanjavur,Pod,6710,1,0.0001
28,Thoothukudi,Sourcing,6055,2,0.0003
28,Mathura,Pod,2381,5,0.0021
28,Cuttack,Pod,6047,1,0.0002
28,Vijayawada,Pod,20082,1,0.0001
28,Meerut,Sourcing,6830,1,0.0001
28,Jabalpur,WH,4267,1,0.0002
28,Hyderabad,Sourcing,357548,433,0.0012
28,Mumbai,Sourcing,367386,194,0.0005
28,Udaipur,Pod,7207,92,0.0128
28,Bhilai,Pod,1635,21,0.0128
28,Gurgaon,Sourcing,100372,64,0.0006
28,Vellore,Pod,8983,37,0.0041
28,Raipur,CX,7655,40,0.0052
28,Coimbatore,Sourcing,33674,31,0.0009
28,Noida 1,WH,75062,29,0.0004
28,Belgaum,Sourcing,3948,5,0.0013
28,Mysore,CX,22595,24,0.0011
28,Panipat,CX,4715,8,0.0017
28,Chandigarh,WH,40637,12,0.0003
28,Thoothukudi,Pod,6055,42,0.0069
28,Alappuzha,Pod,3961,7,0.0018
28,Ahmedabad,Sourcing,51034,18,0.0004
28,Lucknow,Sourcing,26841,20,0.0007
28,Bilaspur,Sourcing,1782,4,0.0022
28,Kakinada,WH,4164,2,0.0005
28,Warangal,WH,10031,2,0.0002
28,Thiruvananthapuram,WH,49845,11,0.0002
28,Nagpur,Pod,11516,23,0.002
28,Erode,Pod,4401,3,0.0007
28,Tirupati,Sourcing,12255,2,0.0002
28,Meerut,Sourcing,6830,4,0.0006
28,Guwahati,Pod,11921,3,0.0003
28,Karnal,Sourcing,1634,1,0.0006
28,Lonavla,Pod,680,2,0.0029
28,Moradabad,Sourcing,3686,1,0.0003
28,Vapi,WH,5305,1,0.0002
28,Silchar,Pod,4763,2,0.0004
28,Karimnagar,Pod,3848,1,0.0003
28,Vizianagaram,Sourcing,1443,2,0.0014
28,Mysore,WH,22595,12,0.0005
28,Chennai,Pod,291775,2734,0.0094
28,Central Goa,CX,38389,91,0.0024
28,Ahmedabad,Pod,51034,16,0.0003
28,Guwahati,Sourcing,11921,18,0.0015
28,Surat,CX,10408,44,0.0042
28,Eluru,Pod,1483,10,0.0067
28,Aligarh,Sourcing,3079,5,0.0016
28,Udaipur,Sourcing,7207,6,0.0008
28,Cuddalore,Pod,1145,8,0.007
28,Kota,CX,1826,2,0.0011
28,Roorkee,Pod,1561,4,0.0026
28,Bhimavaram,Sourcing,1283,2,0.0016
28,Dindigul,WH,810,1,0.0012
28,Ongole,Pod,2217,1,0.0005
28,Karur,WH,3084,2,0.0006
28,Chennai,Sourcing,291775,133,0.0005
28,Pune,Pod,197288,1722,0.0087
28,Delhi,CX,190447,456,0.0024
28,Chennai,Sourcing,291775,329,0.0011
28,Guwahati,Pod,11921,109,0.0091
28,Dehradun,Pod,14121,122,0.0086
28,Kolkata,Sourcing,106441,68,0.0006
28,Aligarh,CX,3079,6,0.0019
28,Gurgaon,WH,100372,22,0.0002
28,Vapi,Pod,5305,4,0.0008
28,Guwahati,CX,11921,39,0.0033
28,Panipat,Sourcing,4715,12,0.0025
28,Ludhiana,Sourcing,11899,15,0.0013
28,Karimnagar,Sourcing,3848,4,0.001
28,Eluru,Sourcing,1483,2,0.0013
28,Vellore,Pod,8983,7,0.0008
28,Alappuzha,Sourcing,3961,2,0.0005
28,Thoothukudi,Pod,6055,2,0.0003
28,Warangal,Pod,10031,3,0.0003
28,Thiruvalla,Sourcing,6494,1,0.0002
28,Vadodara,WH,11091,1,0.0001
28,Bhopal,WH,10723,1,0.0001
28,Vapi,Sourcing,5305,1,0.0002
28,Kota,WH,1826,1,0.0005
28,Noida 1,Pod,75062,544,0.0072
28,Vellore,CX,8983,13,0.0014
28,Ujjain,Pod,2781,21,0.0076
28,Ahmedabad,CX,51034,144,0.0028
28,Guntur,Pod,12870,105,0.0082
28,Ludhiana,Pod,11899,62,0.0052
28,Indore,Sourcing,17899,24,0.0013
28,Jalandhar,CX,3289,21,0.0064
28,Bathinda,Sourcing,1564,3,0.0019
28,Tirupati,WH,12255,10,0.0008
28,Chennai,Pod,291775,55,0.0002
28,Lucknow,Pod,26841,4,0.0001
28,Warangal,Sourcing,10031,7,0.0007
28,Vellore,WH,8983,6,0.0007
28,Aurangabad,CX,4312,15,0.0035
28,Vijayawada,Pod,20082,7,0.0003
28,Pondicherry,Sourcing,13188,4,0.0003
28,Kochi,Pod,98680,4,0
28,Kozhikode,CX,16520,2,0.0001
28,Thiruvalla,Sourcing,6494,2,0.0003
28,Bhilai,WH,1635,1,0.0006
28,Bangalore,Sourcing,671990,625,0.0009
28,Sri Ganganagar,CX,3333,11,0.0033
28,Mumbai,WH,367386,95,0.0003
28,Tirupati,Sourcing,12255,20,0.0016
28,Bhubaneswar,Sourcing,43188,15,0.0003
28,Dehradun,CX,14121,58,0.0041
28,Mathura,CX,2381,7,0.0029
28,Eluru,CX,1483,4,0.0027
28,Sonipat,Sourcing,2040,3,0.0015
28,Cuttack,Sourcing,6047,3,0.0005
28,Belgaum,Pod,3948,4,0.001
28,Trichy,Pod,10544,8,0.0008
28,Ongole,Sourcing,2217,2,0.0009
28,Siliguri,Sourcing,5598,2,0.0004
28,Moradabad,WH,3686,5,0.0014
28,Hosur,Sourcing,234,1,0.0043
28,Tumakuru,WH,3875,1,0.0003
28,Ujjain,Sourcing,2781,1,0.0004
28,Jamshedpur,Pod,8140,2,0.0002
28,Karaikkudi,Sourcing,2782,1,0.0004
28,Siliguri,Pod,5598,4,0.0007
28,Kochi,WH,98680,15,0.0002
28,Surat,Pod,10408,57,0.0055
28,Tirupur,CX,6498,17,0.0026
28,Mumbai,Sourcing,367386,297,0.0008
28,Coimbatore,Pod,33674,287,0.0085
28,Muzaffarpur,CX,1937,10,0.0052
28,Tumakuru,Pod,3875,15,0.0039
28,Ajmer,Pod,3050,14,0.0046
28,Gwalior,Sourcing,5362,11,0.0021
28,Warangal,Sourcing,10031,13,0.0013
28,Ajmer,CX,3050,7,0.0023
28,Thiruvananthapuram,Sourcing,49845,34,0.0007
28,Kanchipuram,WH,3908,3,0.0008
28,Udaipur,Sourcing,7207,5,0.0007
28,Nanded,Pod,1040,11,0.0106
28,Muzaffarpur,Sourcing,1937,3,0.0015
28,Varanasi,Pod,10054,2,0.0002
28,Berhampur,Sourcing,1959,2,0.001
28,Kannur,CX,2178,3,0.0014
28,Manipal,CX,7986,4,0.0005
28,Kanpur,WH,6285,1,0.0002
28,Thrissur,WH,25522,1,0
28,Ongole,Sourcing,2217,3,0.0014
28,Aurangabad,WH,4312,1,0.0002
28,Anantapur,WH,4733,1,0.0002
28,Noida 1,Pod,75062,1,0
28,Guwahati,Sourcing,11921,2,0.0002
28,Tirunelveli,Sourcing,6552,1,0.0002
28,Kochi,Pod,98680,396,0.004
28,Ranchi,CX,10764,29,0.0027
28,Silchar,CX,4763,8,0.0017
28,Kanpur,WH,6285,2,0.0003
28,Kollam,Pod,10639,20,0.0019
28,Mangaluru,Sourcing,20931,9,0.0004
28,Gorakhpur,CX,3880,10,0.0026
28,Nashik,Pod,8909,30,0.0034
28,Berhampur,Pod,1959,12,0.0061
28,Amravati,Sourcing,1725,8,0.0046
28,Erode,Sourcing,4401,4,0.0009
28,Tirupur,Pod,6498,2,0.0003
28,Ranchi,Sourcing,10764,6,0.0006
28,Guntur,Sourcing,12870,5,0.0004
28,Pondicherry,Sourcing,13188,5,0.0004
28,Palakkad,Sourcing,5209,2,0.0004
28,Rajahmundry,Pod,4901,3,0.0006
28,Vizag,Sourcing,24729,2,0.0001
28,Davanagere,Sourcing,1987,1,0.0005
28,Gorakhpur,Sourcing,3880,3,0.0008
28,Tirupur,Sourcing,6498,1,0.0002
28,Shivamogga,Pod,3208,1,0.0003
28,Kolhapur,Sourcing,3020,1,0.0003
28,Roorkee,CX,1561,5,0.0032
28,Ranchi,WH,10764,1,0.0001
28,Jabalpur,Sourcing,4267,1,0.0002
28,Trichy,Pod,10544,1,0.0001
28,Jabalpur,Sourcing,4267,1,0.0002
28,Lonavla,Pod,680,5,0.0074
28,Palakkad,WH,5209,2,0.0004
28,Amritsar,Pod,4003,1,0.0003
28,Bangalore,Sourcing,671990,381,0.0006
28,Panipat,Pod,4715,12,0.0025
28,Gurgaon,WH,100372,32,0.0003
28,Udaipur,Pod,7207,6,0.0008
28,Thanjavur,Pod,6710,31,0.0046
28,Bhimavaram,CX,1283,6,0.0047
28,Ujjain,CX,2781,12,0.0043
28,Agra,CX,3480,11,0.0032
28,Pondicherry,WH,13188,12,0.0009
28,Jodhpur,Sourcing,2909,3,0.001
28,Alappuzha,CX,3961,2,0.0005
28,Vizianagaram,CX,1443,7,0.0049
28,Mumbai,Sourcing,367386,1,0
28,Davanagere,WH,1987,1,0.0005
28,Anantapur,Pod,4733,1,0.0002
28,Belgaum,Sourcing,3948,2,0.0005
28,Varanasi,Sourcing,10054,1,0.0001
28,Chennai,Pod,291775,126,0.0004
28,Kochi,Pod,98680,2,0
28,Moradabad,Pod,3686,1,0.0003
28,Roorkee,WH,1561,2,0.0013
28,Manipal,WH,7986,1,0.0001
28,Rajahmundry,WH,4901,2,0.0004
28,Ludhiana,WH,11899,1,0.0001
28,Bangalore,Pod,671990,1423,0.0021
28,Hyderabad,Pod,357548,2699,0.0075
28,Thiruvananthapuram,CX,49845,56,0.0011
28,Belgaum,Pod,3948,20,0.0051
28,Coimbatore,CX,33674,75,0.0022
28,Rajkot,Sourcing,5584,10,0.0018
28,Noida 1,Sourcing,75062,105,0.0014
28,Kolkata,Sourcing,106441,24,0.0002
28,Coimbatore,Pod,33674,10,0.0003
28,Jaipur,WH,41158,17,0.0004
28,Patiala,WH,4508,3,0.0007
28,Manipal,Sourcing,7986,2,0.0003
28,Alappuzha,Sourcing,3961,2,0.0005
28,Rohtak,Sourcing,3892,2,0.0005
28,Rudrapur,Sourcing,1539,2,0.0013
28,Anantapur,WH,4733,1,0.0002
28,Nagercoil,CX,4478,1,0.0002
28,Thoothukudi,Pod,6055,1,0.0002
28,Thanjavur,WH,6710,2,0.0003
28,Bareilly,Pod,2149,2,0.0009
28,Saharanpur,Sourcing,995,1,0.001
28,Anand,Sourcing,1447,2,0.0014
28,Thrissur,Sourcing,25522,1,0
28,Vijayawada,WH,20082,8,0.0004
28,Patna,CX,26443,82,0.0031
28,Ahmedabad,Pod,51034,453,0.0089
28,Ranchi,Pod,10764,77,0.0072
28,Bikaner,CX,1515,9,0.0059
28,Bhopal,CX,10723,37,0.0035
28,Varanasi,CX,10054,18,0.0018
28,Salem,WH,9427,6,0.0006
28,Kottayam,Sourcing,6576,2,0.0003
28,Rajahmundry,Pod,4901,3,0.0006
28,Tirunelveli,WH,6552,5,0.0008
28,Coimbatore,Sourcing,33674,3,0.0001
28,Nellore,Sourcing,7468,5,0.0007
28,Moradabad,CX,3686,3,0.0008
28,Udaipur,Pod,7207,3,0.0004
28,Gurgaon,Pod,100372,1,0
28,Bareilly,Sourcing,2149,1,0.0005
28,Allahabad,WH,2665,1,0.0004
28,Khammam,Pod,4476,1,0.0002
28,Silchar,Sourcing,4763,1,0.0002
28,Hyderabad,CX,357548,1028,0.0029
28,Tirupur,WH,6498,3,0.0005
28,Tirupati,WH,12255,1,0.0001
28,Vizag,CX,24729,69,0.0028
28,Bhopal,Sourcing,10723,7,0.0007
28,Shivamogga,CX,3208,9,0.0028
28,Bareilly,CX,2149,4,0.0019
28,Anand,Sourcing,1447,1,0.0007
28,Alappuzha,Sourcing,3961,2,0.0005
28,Karur,Sourcing,3084,1,0.0003
28,Kurnool,WH,5881,3,0.0005
28,Nashik,Pod,8909,69,0.0077
28,Aligarh,Sourcing,3079,9,0.0029
28,Siliguri,Sourcing,5598,3,0.0005
28,Meerut,Sourcing,6830,18,0.0026
28,Delhi,Sourcing,190447,264,0.0014
28,Kakinada,CX,4164,8,0.0019
28,Kurnool,Sourcing,5881,4,0.0007
28,Jabalpur,Sourcing,4267,3,0.0007
28,Vapi,Pod,5305,20,0.0038
28,Cuddalore,WH,1145,2,0.0017
28,Kochi,Sourcing,98680,13,0.0001
28,Nagpur,WH,11516,9,0.0008
28,Trichy,Sourcing,10544,8,0.0008
28,Lucknow,WH,26841,3,0.0001
28,Bareilly,Pod,2149,1,0.0005
28,Dibrugarh,WH,2913,2,0.0007
28,Meerut,WH,6830,2,0.0003
28,Erode,Sourcing,4401,1,0.0002
28,Thanjavur,Pod,6710,2,0.0003
28,Jabalpur,WH,4267,1,0.0002
28,Nagpur,Pod,11516,7,0.0006
28,Gwalior,Pod,5362,51,0.0095
28,Noida 1,CX,75062,202,0.0027
28,Pune,Sourcing,197288,161,0.0008
28,Mumbai,Sourcing,367386,85,0.0002
28,Salem,CX,9427,17,0.0018
28,Ranchi,Pod,10764,3,0.0003
28,Thiruvallur,WH,2330,1,0.0004
28,Guntur,Sourcing,12870,3,0.0002
28,Thrissur,CX,25522,16,0.0006
28,Jodhpur,Sourcing,2909,7,0.0024
28,Khammam,WH,4476,4,0.0009
28,Surat,Sourcing,10408,2,0.0002
28,Khammam,Pod,4476,2,0.0004
28,Kurnool,Sourcing,5881,1,0.0002
28,Mathura,WH,2381,2,0.0008
28,Pune,Pod,197288,138,0.0007
28,Raipur,Sourcing,7655,1,0.0001
28,Allahabad,Sourcing,2665,1,0.0004
28,Thiruvalla,Pod,6494,1,0.0002
28,Allahabad,Pod,2665,21,0.0079
28,Patna,WH,26443,36,0.0014
28,Indore,Sourcing,17899,7,0.0004
28,Patna,Sourcing,26443,9,0.0003
28,Patiala,Sourcing,4508,3,0.0007
28,Roorkee,Pod,1561,1,0.0006
28,Meerut,WH,6830,2,0.0003
28,Karur,Pod,3084,16,0.0052
28,Bilaspur,Sourcing,1782,1,0.0006
28,Thiruvallur,Pod,2330,2,0.0009
28,Aurangabad,Pod,4312,43,0.01
28,Bikaner,Pod,1515,20,0.0132
28,Jalandhar,Pod,3289,2,0.0006
28,Gwalior,WH,5362,1,0.0002
28,Surat,Sourcing,10408,15,0.0014
28,Tirunelveli,Sourcing,6552,5,0.0008
28,Bikaner,Sourcing,1515,3,0.002
28,Jodhpur,Pod,2909,43,0.0148
28,Ajmer,WH,3050,1,0.0003
28,Aligarh,Pod,3079,1,0.0003
28,Nagpur,Sourcing,11516,10,0.0009
28,Jamshedpur,WH,8140,1,0.0001
28,Vapi,Sourcing,5305,3,0.0006
28,Kozhikode,Pod,16520,14,0.0008
28,Lonavla,Sourcing,680,1,0.0015
28,Bhilai,CX,1635,12,0.0073
28,Nagercoil,Pod,4478,5,0.0011
28,Bhopal,Pod,10723,5,0.0005
28,Patiala,CX,4508,14,0.0031
28,Kollam,CX,10639,7,0.0007
28,Pondicherry,Sourcing,13188,5,0.0004
28,Vadodara,Pod,11091,2,0.0002
28,Bangalore,WH,671990,455,0.0007
28,Chandigarh,Sourcing,40637,46,0.0011
28,Nagpur,Sourcing,11516,13,0.0011
28,Bareilly,Sourcing,2149,3,0.0014
28,Anantapur,CX,4733,10,0.0021
28,Kolkata,WH,106441,57,0.0005
28,Vadodara,Pod,11091,7,0.0006
28,Kota,Sourcing,1826,4,0.0022
28,Gurgaon,Sourcing,100372,127,0.0013
28,Bilaspur,Sourcing,1782,1,0.0006
28,Ajmer,Pod,3050,1,0.0003
28,Tirunelveli,Pod,6552,31,0.0047
28,Nagercoil,Sourcing,4478,1,0.0002
28,Mumbai,Pod,367386,1,0
28,Nagpur,WH,11516,3,0.0003
28,Coimbatore,Pod,33674,2,0.0001
28,Patiala,Sourcing,4508,3,0.0007
28,Lucknow,WH,26841,27,0.001
28,Nashik,WH,8909,4,0.0004
28,Jamshedpur,Sourcing,8140,3,0.0004
28,Varanasi,Sourcing,10054,4,0.0004
28,Nagercoil,Pod,4478,1,0.0002
28,Davanagere,Sourcing,1987,1,0.0005
28,Chennai,CX,291775,1087,0.0037
28,Khammam,Pod,4476,27,0.006
28,Vizianagaram,Pod,1443,10,0.0069
28,Kakinada,Pod,4164,18,0.0043
28,Jaipur,WH,41158,6,0.0001
28,Thiruvananthapuram,Sourcing,49845,7,0.0001
28,Panipat,Sourcing,4715,2,0.0004
28,Bhilai,Sourcing,1635,1,0.0006
28,Latur,Sourcing,1241,1,0.0008
28,Pune,WH,197288,55,0.0003
28,Chennai,Sourcing,291775,11,0
28,Saharanpur,Pod,995,8,0.008
28,Muzaffarpur,WH,1937,2,0.001
28,Rajahmundry,WH,4901,3,0.0006
28,Vellore,WH,8983,3,0.0003
28,Sonipat,WH,2040,1,0.0005
28,Erode,WH,4401,2,0.0005
28,Kozhikode,Sourcing,16520,1,0.0001
28,Kolkata,WH,106441,42,0.0004
28,Erode,Pod,4401,25,0.0057
28,Anantapur,Sourcing,4733,8,0.0017
28,Vijayawada,Sourcing,20082,12,0.0006
28,Delhi,Sourcing,190447,15,0.0001
28,Faridabad,Pod,13365,186,0.0139
28,Noida 1,Sourcing,75062,16,0.0002
28,Guntur,WH,12870,4,0.0003
28,Karaikkudi,Sourcing,2782,1,0.0004
28,Siliguri,Sourcing,5598,3,0.0005
28,Kakinada,Sourcing,4164,1,0.0002
28,Siliguri,Pod,5598,2,0.0004
28,Eluru,WH,1483,1,0.0007
28,Mangaluru,Pod,20931,2,0.0001
28,Kolhapur,Pod,3020,19,0.0063
28,Raipur,Pod,7655,12,0.0016
28,Bikaner,Sourcing,1515,1,0.0007
28,Berhampur,Pod,1959,1,0.0005
28,Vizianagaram,Pod,1443,2,0.0014
28,Jaipur,Pod,41158,456,0.0111
28,Patna,WH,26443,9,0.0003
28,Bhopal,Sourcing,10723,8,0.0007
28,Kollam,Sourcing,10639,8,0.0008
28,Muzaffarpur,Sourcing,1937,1,0.0005
28,Gwalior,Sourcing,5362,1,0.0002
28,Hosur,Pod,234,2,0.0085
28,Kochi,CX,98680,138,0.0014
28,Rohtak,CX,3892,7,0.0018
28,Anantapur,Sourcing,4733,4,0.0008
28,Dibrugarh,CX,2913,11,0.0038
28,Thanjavur,CX,6710,5,0.0007
28,Kannur,WH,2178,1,0.0005
28,Kanchipuram,Pod,3908,1,0.0003
28,Thoothukudi,Sourcing,6055,1,0.0002
28,Hyderabad,WH,357548,174,0.0005
28,Bhilai,Sourcing,1635,5,0.0031
28,Ahmedabad,WH,51034,11,0.0002
28,Ludhiana,Sourcing,11899,8,0.0007
28,Panipat,Sourcing,4715,7,0.0015
28,Amritsar,Pod,4003,23,0.0057
28,Bangalore,Pod,671990,2982,0.0044
28,Jamshedpur,CX,8140,23,0.0028
28,Silchar,Pod,4763,19,0.004
28,Nashik,Sourcing,8909,7,0.0008
28,Bilaspur,WH,1782,3,0.0017
28,Kannur,Pod,2178,1,0.0005
28,Mysore,Sourcing,22595,22,0.001
28,Thoothukudi,Sourcing,6055,5,0.0008
28,Hyderabad,Pod,357548,104,0.0003
28,Mumbai,CX,367386,1297,0.0035
28,Patna,Sourcing,26443,34,0.0013
28,Lucknow,CX,26841,28,0.001
28,Karimnagar,CX,3848,11,0.0029
28,Mangaluru,Sourcing,20931,11,0.0005
28,Pondicherry,Pod,13188,4,0.0003
28,Sonipat,Pod,2040,2,0.001
28,Kottayam,WH,6576,2,0.0003
28,Dehradun,Pod,14121,1,0.0001
28,Kolhapur,WH,3020,2,0.0007
28,Panipat,Pod,4715,2,0.0004
28,Saharanpur,Sourcing,995,1,0.001
28,Raipur,Sourcing,7655,2,0.0003
28,Faridabad,CX,13365,82,0.0061
28,Meerut,Pod,6830,48,0.007
28,Dindigul,Sourcing,810,1,0.0012
28,Gurgaon,Pod,100372,9,0.0001
28,Noida 1,Pod,75062,312,0.0042
28,Salem,WH,9427,3,0.0003
28,Nizamabad,WH,1518,1,0.0007
28,Tumakuru,Sourcing,3875,2,0.0005
28,Vijayawada,Sourcing,20082,2,0.0001
28,Panipat,WH,4715,3,0.0006
28,Dehradun,WH,14121,2,0.0001
28,Latur,CX,1241,1,0.0008
28,Ujjain,Sourcing,2781,3,0.0011
28,Mumbai,Pod,367386,93,0.0003
28,Cuddalore,CX,1145,5,0.0044
28,Karimnagar,Pod,3848,26,0.0068
28,Udaipur,Sourcing,7207,3,0.0004
28,Kolkata,Pod,106441,499,0.0047
28,Sonipat,CX,2040,4,0.002
28,Kochi,Sourcing,98680,31,0.0003
28,Nagercoil,Pod,4478,6,0.0013
28,Delhi,Pod,190447,1,0
28,Nanded,Sourcing,1040,1,0.001
28,Vadodara,Sourcing,11091,3,0.0003
28,Berhampur,Sourcing,1959,1,0.0005
28,Jamshedpur,Pod,8140,1,0.0001
28,Latur,Sourcing,1241,3,0.0024
28,Belgaum,CX,3948,4,0.001
28,Dehradun,Sourcing,14121,22,0.0016
28,Ahmedabad,Sourcing,51034,64,0.0013
28,Karaikkudi,CX,2782,5,0.0018
28,Dehradun,Sourcing,14121,9,0.0006
28,Sonipat,Sourcing,2040,3,0.0015
28,Nellore,Sourcing,7468,2,0.0003
28,Aligarh,WH,3079,1,0.0003
28,Vapi,Sourcing,5305,1,0.0002
28,Noida,WH,31153,34,0.0011
28,Kakinada,Sourcing,4164,4,0.001
28,Roorkee,Sourcing,1561,2,0.0013
28,Muzaffarpur,Sourcing,1937,2,0.001
28,Kollam,Pod,10639,3,0.0003
28,Agra,Pod,3480,26,0.0075
28,Kurnool,WH,5881,6,0.001
29,Kota,Pod,1509,1,0.0007
29,Patiala,Sourcing,4066,1,0.0002
29,Silchar,WH,4785,1,0.0002
29,Ajmer,Pod,2962,2,0.0007
29,Mumbai,Pod,366753,1,0
29,Rajahmundry,WH,4876,2,0.0004
29,Chandigarh,Pod,43023,25,0.0006
29,Thoothukudi,Pod,6173,1,0.0002
29,Eluru,Sourcing,1517,1,0.0007
29,Karimnagar,WH,3725,1,0.0003
29,Mangaluru,Pod,20251,74,0.0037
29,Siliguri,Pod,5523,45,0.0081
29,Chennai,Pod,293939,2963,0.0101
29,Udaipur,Pod,7346,85,0.0116
29,Hyderabad,WH,337265,110,0.0003
29,Lucknow,WH,23696,7,0.0003
29,Raipur,Pod,7206,10,0.0014
29,Vizag,Sourcing,25516,10,0.0004
29,Vadodara,WH,10309,6,0.0006
29,Bhopal,Pod,11794,5,0.0004
29,Lonavla,Pod,1251,9,0.0072
29,Meerut,Sourcing,6124,5,0.0008
29,Davanagere,CX,1944,6,0.0031
29,Ahmedabad,CX,47542,144,0.003
29,Warangal,Pod,10328,73,0.0071
29,Mysore,WH,22612,12,0.0005
29,Shivamogga,CX,3075,5,0.0016
29,Kurnool,Sourcing,5736,5,0.0009
29,Trichy,Pod,10341,72,0.007
29,Bhubaneswar,WH,45260,6,0.0001
29,Rohtak,Sourcing,4175,2,0.0005
29,Hubli,Sourcing,3413,4,0.0012
29,Cuddalore,Sourcing,1406,2,0.0014
29,Jodhpur,Pod,2901,2,0.0007
29,Karaikkudi,Sourcing,2863,1,0.0003
29,Thiruvallur,Pod,2722,2,0.0007
29,Warangal,WH,10328,1,0.0001
29,Salem,Pod,9280,42,0.0045
29,Vapi,CX,4899,7,0.0014
29,Thiruvalla,CX,6849,3,0.0004
29,Raipur,Pod,7206,6,0.0008
29,Bikaner,Sourcing,1539,1,0.0007
29,Anand,Sourcing,1434,1,0.0007
29,Kota,Pod,1509,10,0.0066
29,Patna,Pod,24164,227,0.0094
29,Bangalore,WH,674082,502,0.0007
29,Nashik,CX,7946,19,0.0024
29,Bangalore,Pod,674082,1344,0.002
29,Vizag,Sourcing,25516,13,0.0005
29,Kochi,WH,97941,15,0.0002
29,Noida,Sourcing,31358,50,0.0016
29,Mysore,CX,22612,33,0.0015
29,Indore,WH,16762,6,0.0004
29,Warangal,Pod,10328,3,0.0003
29,Ambala,Sourcing,2968,3,0.001
29,Udaipur,Sourcing,7346,6,0.0008
29,Mysore,Sourcing,22612,4,0.0002
29,Kozhikode,Sourcing,16045,10,0.0006
29,Pondicherry,Sourcing,12626,8,0.0006
29,Tirupur,Pod,6448,1,0.0002
29,Jamshedpur,Sourcing,8183,3,0.0004
29,Allahabad,Pod,3197,1,0.0003
29,Aligarh,Pod,2749,1,0.0004
29,Ahmedabad,Sourcing,47542,35,0.0007
29,Noida 1,Sourcing,77735,7,0.0001
29,Kanpur,Pod,6078,18,0.003
29,Patna,Pod,24164,5,0.0002
29,Nellore,Sourcing,7958,7,0.0009
29,Anantapur,Sourcing,5101,4,0.0008
29,Kota,Pod,1509,2,0.0013
29,Bikaner,Pod,1539,2,0.0013
29,Delhi,Pod,199421,1,0
29,Tirunelveli,WH,6972,2,0.0003
29,Kolkata,Sourcing,104680,19,0.0002
29,Manipal,Pod,7753,30,0.0039
29,Thoothukudi,WH,6173,5,0.0008
29,Saharanpur,CX,1048,2,0.0019
29,Vapi,Sourcing,4899,4,0.0008
29,Cuddalore,Sourcing,1406,2,0.0014
29,Coimbatore,Pod,34477,10,0.0003
29,Hubli,WH,3413,1,0.0003
29,Raipur,Sourcing,7206,1,0.0001
29,Nanded,Sourcing,1005,1,0.001
29,Noida,WH,31358,47,0.0015
29,Mumbai,Pod,366753,34,0.0001
29,Mumbai,Sourcing,366753,261,0.0007
29,Chennai,WH,293939,103,0.0004
29,Vizianagaram,Pod,1361,9,0.0066
29,Ajmer,CX,2962,16,0.0054
29,Kurnool,Sourcing,5736,3,0.0005
29,Roorkee,Pod,1543,9,0.0058
29,Aligarh,Pod,2749,16,0.0058
29,Silchar,Sourcing,4785,3,0.0006
29,Hyderabad,Pod,337265,7,0
29,Bareilly,CX,2248,4,0.0018
29,Gorakhpur,CX,3866,9,0.0023
29,Coimbatore,Sourcing,34477,10,0.0003
29,Nagercoil,Pod,4591,7,0.0015
29,Varanasi,CX,10290,13,0.0013
29,Kurnool,WH,5736,3,0.0005
29,Khammam,Sourcing,5614,7,0.0012
29,Ranchi,WH,10018,5,0.0005
29,Sonipat,WH,2204,2,0.0009
29,Bathinda,WH,1801,1,0.0006
29,Nanded,WH,1005,1,0.001
29,Gorakhpur,Sourcing,3866,4,0.001
29,Delhi,Sourcing,199421,150,0.0008
29,Ahmedabad,Sourcing,47542,19,0.0004
29,Noida,Pod,31358,24,0.0008
29,Nagpur,WH,11754,6,0.0005
29,Aurangabad,Sourcing,4058,13,0.0032
29,Ranchi,Sourcing,10018,5,0.0005
29,Jalandhar,WH,3274,1,0.0003
29,Thanjavur,Pod,6545,1,0.0002
29,Latur,Pod,1210,4,0.0033
29,Mathura,Pod,2177,2,0.0009
29,Mathura,Pod,2177,1,0.0005
29,Jabalpur,Sourcing,4089,1,0.0002
29,Palakkad,CX,5376,4,0.0007
29,Ongole,Sourcing,2024,1,0.0005
29,Bangalore,Sourcing,674082,837,0.0012
29,Madurai,CX,13917,31,0.0022
29,Indore,CX,16762,37,0.0022
29,Nagpur,CX,11754,30,0.0026
29,Gorakhpur,Pod,3866,12,0.0031
29,Kurnool,Pod,5736,33,0.0058
29,Tirunelveli,CX,6972,18,0.0026
29,Bathinda,Sourcing,1801,5,0.0028
29,Ludhiana,Pod,10920,18,0.0016
29,Vijayawada,WH,20145,8,0.0004
29,Bangalore,Pod,674082,2,0
29,Jalandhar,Sourcing,3274,4,0.0012
29,Hyderabad,Sourcing,337265,298,0.0009
29,Vijayawada,WH,20145,20,0.001
29,Ludhiana,Pod,10920,5,0.0005
29,Bhopal,Sourcing,11794,11,0.0009
29,Tirupati,CX,12700,40,0.0032
29,Panipat,WH,4492,2,0.0004
29,Kakinada,Sourcing,4106,4,0.001
29,Meerut,WH,6124,4,0.0007
29,Ludhiana,WH,10920,8,0.0007
29,Kollam,Pod,10135,5,0.0005
29,Rajahmundry,Sourcing,4876,2,0.0004
29,Mathura,CX,2177,1,0.0005
29,Salem,Sourcing,9280,1,0.0001
29,Roorkee,CX,1543,3,0.0019
29,Bareilly,Pod,2248,1,0.0004
29,Rohtak,Pod,4175,3,0.0007
29,Sri Ganganagar,Pod,3410,1,0.0003
29,Karnal,Pod,1626,1,0.0006
29,Pondicherry,Pod,12626,1,0.0001
29,Gorakhpur,WH,3866,1,0.0003
29,Berhampur,Sourcing,2052,1,0.0005
29,Kurnool,Pod,5736,1,0.0002
29,Vapi,WH,4899,1,0.0002
29,Thiruvananthapuram,Pod,49803,220,0.0044
29,Dindigul,CX,954,10,0.0105
29,Hyderabad,Sourcing,337265,487,0.0014
29,Jodhpur,CX,2901,23,0.0079
29,Thrissur,Pod,24853,4,0.0002
29,Allahabad,Sourcing,3197,2,0.0006
29,Tirupati,Pod,12700,4,0.0003
29,Panipat,Sourcing,4492,6,0.0013
29,Mangaluru,CX,20251,24,0.0012
29,Amritsar,Sourcing,3952,10,0.0025
29,Lucknow,Pod,23696,4,0.0002
29,Vizag,WH,25516,6,0.0002
29,Anand,Pod,1434,1,0.0007
29,Anantapur,Sourcing,5101,1,0.0002
29,Central Goa,Pod,38417,24,0.0006
29,Bhimavaram,Sourcing,1328,1,0.0008
29,Rohtak,CX,4175,13,0.0031
29,Aurangabad,WH,4058,1,0.0002
29,Rajkot,WH,5898,4,0.0007
29,Muzaffarpur,Sourcing,1839,2,0.0011
29,Pune,WH,174361,30,0.0002
29,Jaipur,WH,42517,20,0.0005
29,Vizag,CX,25516,105,0.0041
29,Pondicherry,WH,12626,9,0.0007
29,Vizag,WH,25516,21,0.0008
29,Nagercoil,Pod,4591,6,0.0013
29,Pondicherry,WH,12626,6,0.0005
29,Tirunelveli,Pod,6972,24,0.0034
29,Moradabad,WH,2833,5,0.0018
29,Nashik,WH,7946,5,0.0006
29,Kota,Sourcing,1509,3,0.002
29,Kozhikode,WH,16045,2,0.0001
29,Jamshedpur,Pod,8183,78,0.0095
29,Dibrugarh,Pod,2595,19,0.0073
29,Vapi,Sourcing,4899,3,0.0006
29,Rajahmundry,Pod,4876,31,0.0064
29,Ongole,CX,2024,2,0.001
29,Bhilai,CX,1646,16,0.0097
29,Belgaum,CX,3341,4,0.0012
29,Kakinada,WH,4106,4,0.001
29,Tirupati,Sourcing,12700,1,0.0001
29,Patna,Sourcing,24164,37,0.0015
29,Aurangabad,Pod,4058,4,0.001
29,Thoothukudi,Pod,6173,1,0.0002
29,Saharanpur,Sourcing,1048,1,0.001
29,Tumakuru,Sourcing,3808,1,0.0003
29,Sonipat,WH,2204,1,0.0005
29,Salem,Sourcing,9280,1,0.0001
29,Delhi,WH,199421,178,0.0009
29,Bangalore,WH,674082,518,0.0008
29,Central Goa,Pod,38417,7,0.0002
29,Ajmer,Pod,2962,25,0.0084
29,Tirupati,Sourcing,12700,13,0.001
29,Ahmedabad,Sourcing,47542,61,0.0013
29,Dehradun,CX,12889,36,0.0028
29,Bhubaneswar,Sourcing,45260,37,0.0008
29,Kollam,Sourcing,10135,11,0.0011
29,Mangaluru,WH,20251,11,0.0005
29,Noida 1,WH,77735,88,0.0011
29,Alappuzha,Pod,4008,12,0.003
29,Varanasi,Sourcing,10290,4,0.0004
29,Amritsar,Pod,3952,2,0.0005
29,Palakkad,Sourcing,5376,1,0.0002
29,Kanpur,Sourcing,6078,8,0.0013
29,Guwahati,Pod,12626,5,0.0004
29,Nellore,Pod,7958,16,0.002
29,Varanasi,WH,10290,4,0.0004
29,Rudrapur,CX,1654,1,0.0006
29,Karimnagar,Sourcing,3725,7,0.0019
29,Tumakuru,Sourcing,3808,1,0.0003
29,Roorkee,WH,1543,1,0.0006
29,Tirupur,Pod,6448,1,0.0002
29,Salem,Pod,9280,1,0.0001
29,Noida,Sourcing,31358,54,0.0017
29,Thrissur,Pod,24853,88,0.0035
29,Jabalpur,Pod,4089,1,0.0002
29,Berhampur,Pod,2052,11,0.0054
29,Karimnagar,Pod,3725,18,0.0048
29,Noida,CX,31358,115,0.0037
29,Ludhiana,Pod,10920,60,0.0055
29,Central Goa,CX,38417,85,0.0022
29,Vizag,Pod,25516,4,0.0002
29,Saharanpur,Pod,1048,11,0.0105
29,Kottayam,Sourcing,6535,2,0.0003
29,Rohtak,WH,4175,5,0.0012
29,Amravati,Sourcing,1663,3,0.0018
29,Dibrugarh,CX,2595,8,0.0031
29,Anantapur,Sourcing,5101,5,0.001
29,Bhimavaram,WH,1328,3,0.0023
29,Khammam,Sourcing,5614,1,0.0002
29,Vizianagaram,Sourcing,1361,1,0.0007
29,Allahabad,Sourcing,3197,12,0.0038
29,Patna,Sourcing,24164,1,0
29,Guwahati,Sourcing,12626,2,0.0002
29,Salem,Sourcing,9280,1,0.0001
29,Thanjavur,WH,6545,2,0.0003
29,Guntur,Pod,12771,7,0.0005
29,Anantapur,Pod,5101,1,0.0002
29,Dehradun,Sourcing,12889,12,0.0009
29,Mumbai,Pod,366753,3180,0.0087
29,Delhi,Pod,199421,80,0.0004
29,Vellore,Pod,9352,50,0.0053
29,Chennai,Sourcing,293939,101,0.0003
29,Allahabad,CX,3197,3,0.0009
29,Bikaner,CX,1539,8,0.0052
29,Pune,Pod,174361,44,0.0003
29,Rajkot,Sourcing,5898,7,0.0012
29,Vellore,Sourcing,9352,3,0.0003
29,Muzaffarpur,Pod,1839,20,0.0109
29,Belgaum,Pod,3341,10,0.003
29,Mumbai,CX,366753,1006,0.0027
29,Patna,Sourcing,24164,10,0.0004
29,Mangaluru,Sourcing,20251,5,0.0002
29,Mangaluru,Pod,20251,4,0.0002
29,Nagpur,WH,11754,7,0.0006
29,Varanasi,Sourcing,10290,6,0.0006
29,Mathura,WH,2177,3,0.0014
29,Bhopal,Sourcing,11794,12,0.001
29,Patna,WH,24164,8,0.0003
29,Thiruvananthapuram,CX,49803,61,0.0012
29,Panipat,Sourcing,4492,7,0.0016
29,Gurgaon,Pod,105421,7,0.0001
29,Ajmer,WH,2962,2,0.0007
29,Siliguri,CX,5523,21,0.0038
29,Thiruvalla,Pod,6849,1,0.0001
29,Chennai,Pod,293939,1,0
29,Karur,CX,3117,2,0.0006
29,Kottayam,Pod,6535,14,0.0021
29,Amritsar,CX,3952,7,0.0018
29,Kozhikode,Pod,16045,1,0.0001
29,Jamshedpur,WH,8183,1,0.0001
29,Dindigul,WH,954,1,0.001
29,Varanasi,WH,10290,1,0.0001
29,Tirupur,Pod,6448,44,0.0068
29,Jabalpur,Pod,4089,22,0.0054
29,Hosur,Pod,513,7,0.0136
29,Chandigarh,WH,43023,11,0.0003
29,Pondicherry,Sourcing,12626,6,0.0005
29,Moradabad,Sourcing,2833,2,0.0007
29,Sonipat,Sourcing,2204,6,0.0027
29,Meerut,WH,6124,3,0.0005
29,Karaikkudi,Pod,2863,1,0.0003
29,Agra,Sourcing,3405,2,0.0006
29,Ujjain,Sourcing,2467,1,0.0004
29,Rajkot,Pod,5898,1,0.0002
29,Davanagere,WH,1944,1,0.0005
29,Thiruvananthapuram,Pod,49803,1,0
29,Rohtak,WH,4175,1,0.0002
29,Udaipur,WH,7346,5,0.0007
29,Surat,Sourcing,11332,7,0.0006
29,Bhopal,WH,11794,6,0.0005
29,Rohtak,Sourcing,4175,7,0.0017
29,Roorkee,Sourcing,1543,1,0.0006
29,Belgaum,Pod,3341,1,0.0003
29,Lucknow,Sourcing,23696,11,0.0005
29,Thiruvallur,CX,2722,10,0.0037
29,Mathura,Sourcing,2177,1,0.0005
29,Pondicherry,Pod,12626,4,0.0003
29,Bilaspur,Sourcing,1834,1,0.0005
29,Muzaffarpur,WH,1839,1,0.0005
29,Nizamabad,Sourcing,1599,1,0.0006
29,Guntur,Sourcing,12771,1,0.0001
29,Dibrugarh,WH,2595,1,0.0004
29,Hosur,Sourcing,513,1,0.0019
29,Cuddalore,Pod,1406,2,0.0014
29,Kolkata,Pod,104680,51,0.0005
29,Mumbai,Sourcing,366753,81,0.0002
29,Faridabad,Sourcing,14835,26,0.0018
29,Bilaspur,CX,1834,6,0.0033
29,Ongole,Pod,2024,9,0.0044
29,Guwahati,WH,12626,4,0.0003
29,Ahmedabad,WH,47542,12,0.0003
29,Tirupur,Sourcing,6448,5,0.0008
29,Madurai,Sourcing,13917,6,0.0004
29,Surat,Sourcing,11332,3,0.0003
29,Ongole,WH,2024,2,0.001
29,Erode,WH,4363,3,0.0007
29,Madurai,Sourcing,13917,16,0.0012
29,Nanded,CX,1005,3,0.003
29,Bhubaneswar,Pod,45260,21,0.0005
29,Sri Ganganagar,Sourcing,3410,1,0.0003
29,Ongole,Sourcing,2024,2,0.001
29,Kochi,WH,97941,19,0.0002
29,Bathinda,Pod,1801,2,0.0011
29,Latur,WH,1210,2,0.0017
29,Coimbatore,Pod,34477,33,0.001
29,Gurgaon,Pod,105421,1285,0.0122
29,Noida,Pod,31358,174,0.0055
29,Ludhiana,Sourcing,10920,14,0.0013
29,Surat,Pod,11332,63,0.0056
29,Hubli,Pod,3413,14,0.0041
29,Kolhapur,Sourcing,2713,4,0.0015
29,Aurangabad,Pod,4058,22,0.0054
29,Thiruvananthapuram,Sourcing,49803,37,0.0007
29,Bilaspur,Sourcing,1834,3,0.0016
29,Thiruvananthapuram,Pod,49803,16,0.0003
29,Kakinada,CX,4106,4,0.001
29,Pondicherry,Pod,12626,59,0.0047
29,Anantapur,CX,5101,10,0.002
29,Thrissur,Sourcing,24853,9,0.0004
29,Bathinda,CX,1801,10,0.0056
29,Pune,Pod,174361,95,0.0005
29,Lonavla,CX,1251,2,0.0016
29,Kottayam,CX,6535,3,0.0005
29,Moradabad,CX,2833,5,0.0018
29,Eluru,CX,1517,1,0.0007
29,Thrissur,WH,24853,1,0
29,Karimnagar,WH,3725,1,0.0003
29,Agra,Pod,3405,5,0.0015
29,Anand,CX,1434,4,0.0028
29,Thrissur,Sourcing,24853,3,0.0001
29,Nizamabad,Pod,1599,1,0.0006
29,Hosur,WH,513,10,0.0195
29,Kolkata,Sourcing,104680,88,0.0008
29,Noida,Pod,31358,296,0.0094
29,Vadodara,Pod,10309,76,0.0074
29,Vadodara,Sourcing,10309,13,0.0013
29,Tirunelveli,WH,6972,2,0.0003
29,Nagercoil,Sourcing,4591,1,0.0002
29,Dibrugarh,Sourcing,2595,1,0.0004
29,Pune,Pod,174361,1537,0.0088
29,Gurgaon,WH,105421,96,0.0009
29,Ranchi,Pod,10018,79,0.0079
29,Ongole,Pod,2024,1,0.0005
29,Faridabad,Pod,14835,166,0.0112
29,Kochi,Sourcing,97941,95,0.001
29,Noida 1,Sourcing,77735,119,0.0015
29,Kanpur,Sourcing,6078,4,0.0007
29,Warangal,Sourcing,10328,9,0.0009
29,Sri Ganganagar,Pod,3410,27,0.0079
29,Agra,Pod,3405,29,0.0085
29,Vizag,Pod,25516,11,0.0004
29,Raipur,WH,7206,13,0.0018
29,Anand,Sourcing,1434,3,0.0021
29,Ludhiana,WH,10920,5,0.0005
29,Lucknow,Pod,23696,31,0.0013
29,Pondicherry,Pod,12626,25,0.002
29,Ambala,WH,2968,2,0.0007
29,Kannur,CX,2372,3,0.0013
29,Kanpur,WH,6078,1,0.0002
29,Guwahati,Pod,12626,11,0.0009
29,Jalandhar,Pod,3274,1,0.0003
29,Jamshedpur,Sourcing,8183,8,0.001
29,Kolhapur,Sourcing,2713,5,0.0018
29,Pune,Pod,174361,1,0
29,Chennai,CX,293939,1082,0.0037
29,Bangalore,Pod,674082,3543,0.0053
29,Jodhpur,Pod,2901,50,0.0172
29,Chandigarh,Sourcing,43023,45,0.001
29,Vadodara,WH,10309,4,0.0004
29,Aligarh,Sourcing,2749,6,0.0022
29,Berhampur,WH,2052,2,0.001
29,Indore,WH,16762,7,0.0004
29,Nagpur,Sourcing,11754,3,0.0003
29,Manipal,Pod,7753,7,0.0009
29,Bhimavaram,CX,1328,3,0.0023
29,Thiruvallur,WH,2722,3,0.0011
29,Rajahmundry,WH,4876,6,0.0012
29,Vijayawada,Pod,20145,4,0.0002
29,Aligarh,Sourcing,2749,4,0.0015
29,Hubli,Pod,3413,1,0.0003
29,Vizianagaram,WH,1361,1,0.0007
29,Kanchipuram,Sourcing,3962,1,0.0003
29,Jaipur,Sourcing,42517,1,0
29,Surat,WH,11332,4,0.0004
29,Nizamabad,Pod,1599,3,0.0019
29,Moradabad,Pod,2833,4,0.0014
29,Jabalpur,CX,4089,3,0.0007
29,Vizianagaram,Sourcing,1361,1,0.0007
29,Karnal,Pod,1626,1,0.0006
29,Sri Ganganagar,Pod,3410,2,0.0006
29,Jaipur,Pod,42517,18,0.0004
29,Anantapur,Pod,5101,24,0.0047
29,Coimbatore,CX,34477,81,0.0023
29,Kolkata,WH,104680,42,0.0004
29,Kolkata,Sourcing,104680,134,0.0013
29,Karur,Pod,3117,11,0.0035
29,Manipal,WH,7753,4,0.0005
29,Mysore,Sourcing,22612,6,0.0003
29,Ujjain,CX,2467,7,0.0028
29,Ahmedabad,Pod,47542,15,0.0003
29,Thiruvananthapuram,Pod,49803,19,0.0004
29,Bhopal,Sourcing,11794,8,0.0007
29,Patiala,Sourcing,4066,7,0.0017
29,Kozhikode,Sourcing,16045,4,0.0002
29,Coimbatore,Sourcing,34477,4,0.0001
29,Manipal,WH,7753,1,0.0001
29,Latur,Sourcing,1210,2,0.0017
29,Raipur,CX,7206,27,0.0037
29,Chandigarh,CX,43023,156,0.0036
29,Allahabad,Sourcing,3197,4,0.0013
29,Jabalpur,WH,4089,2,0.0005
29,Ahmedabad,Pod,47542,32,0.0007
29,Jabalpur,Sourcing,4089,1,0.0002
29,Siliguri,Sourcing,5523,1,0.0002
29,Surat,WH,11332,1,0.0001
29,Trichy,Sourcing,10341,1,0.0001
29,Karnal,CX,1626,9,0.0055
29,Bathinda,WH,1801,1,0.0006
29,Chandigarh,Sourcing,43023,80,0.0019
29,Kochi,Sourcing,97941,3,0
29,Patiala,WH,4066,2,0.0005
29,Mysore,Pod,22612,5,0.0002
29,Gwalior,Sourcing,4974,1,0.0002
29,Kozhikode,Pod,16045,48,0.003
29,Khammam,CX,5614,15,0.0027
29,Davanagere,Pod,1944,8,0.0041
29,Dehradun,Pod,12889,3,0.0002
29,Meerut,Sourcing,6124,18,0.0029
29,Coimbatore,WH,34477,3,0.0001
29,Dehradun,WH,12889,2,0.0002
29,Palakkad,Pod,5376,4,0.0007
29,Rudrapur,Pod,1654,2,0.0012
29,Trichy,Sourcing,10341,3,0.0003
29,Nagercoil,Sourcing,4591,4,0.0009
29,Udaipur,WH,7346,4,0.0005
29,Nagercoil,WH,4591,4,0.0009
29,Ujjain,WH,2467,2,0.0008
29,Cuttack,Sourcing,5756,2,0.0003
29,Tirupur,WH,6448,2,0.0003
29,Mangaluru,WH,20251,5,0.0002
29,Ambala,Sourcing,2968,3,0.001
29,Warangal,Pod,10328,1,0.0001
29,Berhampur,Pod,2052,1,0.0005
29,Bilaspur,Sourcing,1834,1,0.0005
29,Chandigarh,Sourcing,43023,30,0.0007
29,Bangalore,Sourcing,674082,139,0.0002
29,Kanchipuram,CX,3962,12,0.003
29,Kottayam,Pod,6535,7,0.0011
29,Chandigarh,Pod,43023,21,0.0005
29,Karimnagar,CX,3725,7,0.0019
29,Kurnool,WH,5736,6,0.001
29,Vijayawada,Sourcing,20145,6,0.0003
29,Shivamogga,Pod,3075,1,0.0003
29,Vadodara,Sourcing,10309,2,0.0002
29,Jaipur,CX,42517,193,0.0045
29,Mumbai,WH,366753,244,0.0007
29,Aligarh,WH,2749,3,0.0011
29,Vijayawada,Sourcing,20145,13,0.0006
29,Ajmer,Sourcing,2962,7,0.0024
29,Guntur,WH,12771,8,0.0006
29,Faridabad,Sourcing,14835,19,0.0013
29,Kolhapur,CX,2713,7,0.0026
29,Udaipur,Sourcing,7346,8,0.0011
29,Kurnool,Sourcing,5736,4,0.0007
29,Trichy,Pod,10341,1,0.0001
29,Nizamabad,Sourcing,1599,1,0.0006
29,Udaipur,Pod,7346,1,0.0001
29,Latur,Sourcing,1210,4,0.0033
29,Gurgaon,Sourcing,105421,160,0.0015
29,Kochi,Sourcing,97941,61,0.0006
29,Tirupati,Pod,12700,91,0.0072
29,Cuddalore,Pod,1406,10,0.0071
29,Patiala,Sourcing,4066,5,0.0012
29,Vizag,Sourcing,25516,33,0.0013
29,Gwalior,Sourcing,4974,9,0.0018
29,Lucknow,Pod,23696,101,0.0043
29,Karnal,Sourcing,1626,5,0.0031
29,Chandigarh,WH,43023,17,0.0004
29,Thanjavur,Pod,6545,1,0.0002
29,Gorakhpur,Sourcing,3866,3,0.0008
29,Nagpur,Sourcing,11754,8,0.0007
29,Gwalior,Sourcing,4974,4,0.0008
29,Central Goa,Sourcing,38417,1,0
29,Thrissur,Sourcing,24853,1,0
29,Khammam,Pod,5614,2,0.0004
29,Thanjavur,Sourcing,6545,2,0.0003
29,Cuttack,Pod,5756,1,0.0002
29,Bhopal,Pod,11794,7,0.0006
29,Thiruvallur,Sourcing,2722,4,0.0015
29,Bathinda,Pod,1801,4,0.0022
29,Jalandhar,Sourcing,3274,7,0.0021
29,Central Goa,Pod,38417,205,0.0053
29,Indore,Sourcing,16762,33,0.002
29,Dehradun,Sourcing,12889,12,0.0009
29,Thiruvananthapuram,Sourcing,49803,17,0.0003
29,Nashik,Sourcing,7946,8,0.001
29,Central Goa,Sourcing,38417,49,0.0013
29,Salem,WH,9280,7,0.0008
29,Bareilly,Sourcing,2248,2,0.0009
29,Tirupati,Pod,12700,1,0.0001
29,Bhimavaram,Sourcing,1328,1,0.0008
29,Kollam,WH,10135,2,0.0002
29,Aligarh,Pod,2749,2,0.0007
29,Siliguri,WH,5523,1,0.0002
29,Guwahati,Pod,12626,123,0.0097
29,Noida,WH,31358,12,0.0004
29,Mysore,Pod,22612,93,0.0041
29,Siliguri,Pod,5523,2,0.0004
29,Nellore,Sourcing,7958,11,0.0014
29,Kannur,Sourcing,2372,1,0.0004
29,Latur,Pod,1210,10,0.0083
29,Madurai,Pod,13917,72,0.0052
29,Pune,Sourcing,174361,54,0.0003
29,Guntur,Pod,12771,78,0.0061
29,Gwalior,CX,4974,19,0.0038
29,Tirunelveli,Sourcing,6972,7,0.001
29,Bhilai,Sourcing,1646,4,0.0024
29,Raipur,Sourcing,7206,5,0.0007
29,Nagpur,Pod,11754,61,0.0052
29,Faridabad,Pod,14835,9,0.0006
29,Bhubaneswar,Pod,45260,8,0.0002
29,Shivamogga,Sourcing,3075,3,0.001
29,Hosur,CX,513,8,0.0156
29,Alappuzha,CX,4008,2,0.0005
29,Patna,Pod,24164,1,0
29,Nellore,WH,7958,8,0.001
29,Rajkot,Sourcing,5898,1,0.0002
29,Amravati,Pod,1663,1,0.0006
29,Raipur,WH,7206,1,0.0001
29,Vijayawada,Pod,20145,137,0.0068
29,Bangalore,CX,674082,1301,0.0019
29,Erode,Pod,4363,23,0.0053
29,Kolkata,Sourcing,104680,77,0.0007
29,Coimbatore,Sourcing,34477,47,0.0014
29,Ludhiana,CX,10920,32,0.0029
29,Kollam,Pod,10135,23,0.0023
29,Eluru,Pod,1517,7,0.0046
29,Dehradun,Pod,12889,13,0.001
29,Nashik,Sourcing,7946,9,0.0011
29,Mysore,Pod,22612,22,0.001
29,Patiala,WH,4066,2,0.0005
29,Jaipur,WH,42517,25,0.0006
29,Madurai,WH,13917,5,0.0004
29,Surat,Pod,11332,3,0.0003
29,Karaikkudi,WH,2863,1,0.0003
29,Karimnagar,Pod,3725,3,0.0008
29,Rudrapur,Sourcing,1654,1,0.0006
29,Vijayawada,Sourcing,20145,7,0.0003
29,Jaipur,Pod,42517,360,0.0085
29,Palakkad,Pod,5376,7,0.0013
29,Jaipur,Sourcing,42517,36,0.0008
29,Bhopal,CX,11794,52,0.0044
29,Mathura,Pod,2177,14,0.0064
29,Bilaspur,Pod,1834,24,0.0131
29,Trichy,WH,10341,6,0.0006
29,Central Goa,WH,38417,3,0.0001
29,Lucknow,Sourcing,23696,1,0
29,Tumakuru,WH,3808,1,0.0003
29,Panipat,Pod,4492,2,0.0004
29,Amravati,Pod,1663,11,0.0066
29,Pune,Sourcing,174361,137,0.0008
29,Nashik,Pod,7946,59,0.0074
29,Bhilai,Pod,1646,25,0.0152
29,Bathinda,Pod,1801,22,0.0122
29,Patiala,Pod,4066,17,0.0042
29,Guwahati,CX,12626,57,0.0045
29,Bathinda,Sourcing,1801,3,0.0017
29,Thiruvalla,Sourcing,6849,2,0.0003
29,Meerut,Pod,6124,15,0.0024
29,Amritsar,Sourcing,3952,2,0.0005
29,Panipat,WH,4492,2,0.0004
29,Cuddalore,Sourcing,1406,1,0.0007
29,Alappuzha,Sourcing,4008,1,0.0003
29,Thoothukudi,Sourcing,6173,1,0.0002
29,Shivamogga,WH,3075,3,0.001
29,Trichy,WH,10341,2,0.0002
29,Agra,Sourcing,3405,1,0.0003
29,Anantapur,Sourcing,5101,1,0.0002
29,Vadodara,Pod,10309,1,0.0001
29,Sonipat,Sourcing,2204,1,0.0005
29,Khammam,Sourcing,5614,1,0.0002
29,Thanjavur,WH,6545,1,0.0002
29,Ahmedabad,Pod,47542,367,0.0077
29,Kochi,CX,97941,129,0.0013
29,Delhi,Pod,199421,57,0.0003
29,Panipat,Pod,4492,40,0.0089
29,Silchar,CX,4785,8,0.0017
29,Gurgaon,Sourcing,105421,76,0.0007
29,Jamshedpur,CX,8183,29,0.0035
29,Thanjavur,CX,6545,5,0.0008
29,Vellore,CX,9352,18,0.0019
29,Belgaum,WH,3341,1,0.0003
29,Noida 1,Pod,77735,659,0.0085
29,Hyderabad,Pod,337265,75,0.0002
29,Dehradun,Sourcing,12889,22,0.0017
29,Rajahmundry,CX,4876,6,0.0012
29,Meerut,Pod,6124,6,0.001
29,Thoothukudi,Sourcing,6173,5,0.0008
29,Guwahati,Sourcing,12626,1,0.0001
29,Kollam,Sourcing,10135,1,0.0001
29,Tirupur,CX,6448,18,0.0028
29,Jamshedpur,Pod,8183,6,0.0007
29,Roorkee,Sourcing,1543,1,0.0006
29,Mangaluru,Sourcing,20251,6,0.0003
29,Ajmer,Sourcing,2962,1,0.0003
29,Thiruvallur,Sourcing,2722,1,0.0004
29,Muzaffarpur,Pod,1839,5,0.0027
29,Noida 1,WH,77735,52,0.0007
29,Noida,Sourcing,31358,71,0.0023
29,Siliguri,Sourcing,5523,5,0.0009
29,Hyderabad,WH,337265,120,0.0004
29,Karaikkudi,Sourcing,2863,3,0.001
29,Lucknow,WH,23696,9,0.0004
29,Nagpur,Sourcing,11754,8,0.0007
29,Moradabad,Sourcing,2833,7,0.0025
29,Kolhapur,Pod,2713,10,0.0037
29,Vellore,Sourcing,9352,6,0.0006
29,Kollam,WH,10135,2,0.0002
29,Kannur,Sourcing,2372,1,0.0004
29,Sonipat,Sourcing,2204,1,0.0005
29,Thoothukudi,Sourcing,6173,1,0.0002
29,Pune,CX,174361,565,0.0032
29,Noida 1,CX,77735,256,0.0033
29,Kakinada,WH,4106,2,0.0005
29,Cuttack,Pod,5756,4,0.0007
29,Panipat,CX,4492,10,0.0022
29,Cuttack,Sourcing,5756,2,0.0003
29,Palakkad,Sourcing,5376,1,0.0002
29,Lucknow,Sourcing,23696,19,0.0008
29,Kanchipuram,Sourcing,3962,1,0.0003
29,Thanjavur,Sourcing,6545,3,0.0005
29,Berhampur,Sourcing,2052,1,0.0005
29,Raipur,Pod,7206,71,0.0099
29,Hyderabad,Pod,337265,2533,0.0075
29,Aurangabad,Pod,4058,2,0.0005
29,Udaipur,CX,7346,30,0.0041
29,Varanasi,Pod,10290,66,0.0064
29,Mangaluru,Sourcing,20251,10,0.0005
29,Amritsar,Pod,3952,20,0.0051
29,Warangal,CX,10328,21,0.002
29,Bhopal,WH,11794,5,0.0004
29,Manipal,CX,7753,10,0.0013
29,Patiala,CX,4066,9,0.0022
29,Belgaum,Sourcing,3341,5,0.0015
29,Ujjain,Pod,2467,23,0.0093
29,Ranchi,Sourcing,10018,11,0.0011
29,Madurai,Pod,13917,10,0.0007
29,Madurai,Sourcing,13917,2,0.0001
29,Varanasi,Sourcing,10290,5,0.0005
29,Kanchipuram,Pod,3962,5,0.0013
29,Kottayam,WH,6535,2,0.0003
29,Erode,Sourcing,4363,1,0.0002
29,Ambala,Pod,2968,4,0.0013
29,Jabalpur,Sourcing,4089,2,0.0005
29,Varanasi,Pod,10290,1,0.0001
29,Hosur,Pod,513,1,0.0019
29,Rohtak,Pod,4175,62,0.0149
29,Indore,Pod,16762,123,0.0073
29,Erode,Sourcing,4363,2,0.0005
29,Vijayawada,CX,20145,47,0.0023
29,Kochi,Pod,97941,8,0.0001
29,Guwahati,Sourcing,12626,17,0.0013
29,Kanchipuram,Sourcing,3962,2,0.0005
29,Sri Ganganagar,WH,3410,2,0.0006
29,Karimnagar,Sourcing,3725,3,0.0008
29,Kanpur,Sourcing,6078,2,0.0003
29,Latur,CX,1210,3,0.0025
29,Silchar,Pod,4785,2,0.0004
29,Bhilai,Sourcing,1646,2,0.0012
29,Kakinada,Pod,4106,1,0.0002
29,Tirupati,WH,12700,1,0.0001
29,Karur,WH,3117,1,0.0003
29,Faridabad,Pod,14835,15,0.001
29,Kanchipuram,WH,3962,1,0.0003
29,Hubli,Sourcing,3413,2,0.0006
29,Tirupur,Sourcing,6448,1,0.0002
29,Gurgaon,CX,105421,346,0.0033
29,Bhubaneswar,CX,45260,121,0.0027
29,Rajkot,CX,5898,15,0.0025
29,Jalandhar,Pod,3274,29,0.0089
29,Surat,Pod,11332,10,0.0009
29,Bikaner,Pod,1539,21,0.0136
29,Indore,Sourcing,16762,11,0.0007
29,Patna,Sourcing,24164,22,0.0009
29,Karaikkudi,Sourcing,2863,2,0.0007
29,Chandigarh,Sourcing,43023,1,0
29,Rajahmundry,Pod,4876,1,0.0002
29,Chennai,Pod,293939,80,0.0003
29,Thiruvalla,Pod,6849,19,0.0028
29,Delhi,Pod,199421,2045,0.0103
29,Mumbai,Pod,366753,119,0.0003
29,Karur,Sourcing,3117,2,0.0006
29,Jodhpur,WH,2901,1,0.0003
29,Ahmedabad,Sourcing,47542,2,0
29,Madurai,Sourcing,13917,2,0.0001
29,Siliguri,Sourcing,5523,1,0.0002
29,Coimbatore,Pod,34477,252,0.0073
29,Kolkata,Pod,104680,623,0.006
29,Thanjavur,Pod,6545,21,0.0032
29,Noida 1,Pod,77735,385,0.005
29,Patna,CX,24164,98,0.0041
29,Tirupati,WH,12700,11,0.0009
29,Lucknow,CX,23696,31,0.0013
29,Bhubaneswar,Sourcing,45260,9,0.0002
29,Karnal,Sourcing,1626,4,0.0025
29,Mysore,WH,22612,13,0.0006
29,Shivamogga,Pod,3075,12,0.0039
29,Kurnool,Pod,5736,9,0.0016
29,Kolkata,CX,104680,318,0.003
29,Surat,CX,11332,23,0.002
29,Vadodara,Sourcing,10309,7,0.0007
29,Trichy,Sourcing,10341,14,0.0014
29,Noida 1,Pod,77735,40,0.0005
29,Noida,Sourcing,31358,5,0.0002
29,Central Goa,Sourcing,38417,27,0.0007
29,Nashik,Pod,7946,2,0.0003
29,Vadodara,CX,10309,31,0.003
29,Jodhpur,Sourcing,2901,2,0.0007
29,Kanpur,CX,6078,6,0.001
29,Chennai,Sourcing,293939,293,0.001
29,Mumbai,WH,366753,94,0.0003
29,Mumbai,Sourcing,366753,476,0.0013
29,Gurgaon,Sourcing,105421,98,0.0009
29,Indore,Sourcing,16762,22,0.0013
29,Kolkata,WH,104680,60,0.0006
29,Khammam,Pod,5614,32,0.0057
29,Tumakuru,Pod,3808,17,0.0045
29,Bareilly,Sourcing,2248,2,0.0009
29,Rajahmundry,Pod,4876,4,0.0008
29,Cuddalore,CX,1406,4,0.0028
29,Kollam,CX,10135,6,0.0006
29,Jalandhar,CX,3274,6,0.0018
29,Bikaner,Sourcing,1539,3,0.0019
29,Kochi,Sourcing,97941,1,0
29,Nizamabad,WH,1599,1,0.0006
29,Allahabad,Pod,3197,1,0.0003
29,Hyderabad,CX,337265,1041,0.0031
29,Alappuzha,Sourcing,4008,2,0.0005
29,Bhilai,Pod,1646,2,0.0012
29,Anand,Pod,1434,10,0.007
29,Vellore,WH,9352,6,0.0006
29,Rudrapur,Sourcing,1654,3,0.0018
29,Aligarh,Sourcing,2749,3,0.0011
29,Nagercoil,CX,4591,3,0.0007
29,Rohtak,Sourcing,4175,2,0.0005
29,Karnal,Pod,1626,10,0.0062
29,Aurangabad,Sourcing,4058,1,0.0002
29,Tirupati,Sourcing,12700,1,0.0001
29,Noida 1,Sourcing,77735,132,0.0017
29,Pune,Sourcing,174361,262,0.0015
29,Hyderabad,Sourcing,337265,70,0.0002
29,Sonipat,CX,2204,9,0.0041
29,Pondicherry,CX,12626,22,0.0017
29,Gwalior,Pod,4974,53,0.0107
29,Thiruvananthapuram,WH,49803,10,0.0002
29,Kanchipuram,Pod,3962,27,0.0068
29,Thiruvananthapuram,WH,49803,4,0.0001
29,Guntur,Sourcing,12771,4,0.0003
29,Pune,WH,174361,46,0.0003
29,Warangal,Sourcing,10328,11,0.0011
29,Patna,WH,24164,26,0.0011
29,Ranchi,Sourcing,10018,5,0.0005
29,Ranchi,Pod,10018,4,0.0004
29,Nashik,Pod,7946,21,0.0026
29,Meerut,Sourcing,6124,3,0.0005
29,Jodhpur,Sourcing,2901,6,0.0021
29,Bilaspur,Pod,1834,1,0.0005
29,Cuttack,WH,5756,2,0.0003
29,Aurangabad,Sourcing,4058,1,0.0002
29,Guntur,Pod,12771,1,0.0001
29,Jodhpur,WH,2901,1,0.0003
29,Raipur,Sourcing,7206,1,0.0001
29,Palakkad,WH,5376,1,0.0002
29,Amritsar,WH,3952,1,0.0003
29,Agra,WH,3405,1,0.0003
29,Kochi,Pod,97941,341,0.0035
29,Saharanpur,WH,1048,2,0.0019
29,Silchar,Sourcing,4785,4,0.0008
29,Aurangabad,Sourcing,4058,3,0.0007
29,Faridabad,WH,14835,1,0.0001
29,Tirunelveli,Sourcing,6972,1,0.0001
29,Lonavla,Sourcing,1251,1,0.0008
29,Kolhapur,WH,2713,1,0.0004
29,Delhi,Sourcing,199421,194,0.001
29,Meerut,Pod,6124,72,0.0118
29,Trichy,CX,10341,25,0.0024
29,Sri Ganganagar,WH,3410,2,0.0006
29,Ujjain,Sourcing,2467,2,0.0008
29,Gwalior,WH,4974,1,0.0002
29,Ajmer,WH,2962,1,0.0003
29,Vijayawada,Pod,20145,1,0.0001
29,Vizag,Pod,25516,220,0.0086
29,Aurangabad,WH,4058,1,0.0002
29,Jaipur,Sourcing,42517,59,0.0014
29,Kochi,Pod,97941,36,0.0004
29,Bikaner,WH,1539,1,0.0007
29,Thiruvallur,Pod,2722,27,0.0099
29,Ranchi,Pod,10018,3,0.0003
29,Varanasi,Pod,10290,1,0.0001
29,Karaikkudi,Pod,2863,26,0.0091
29,Rudrapur,Pod,1654,15,0.0091
29,Faridabad,CX,14835,84,0.0057
29,Salem,CX,9280,16,0.0017
29,Aurangabad,CX,4058,10,0.0025
29,Ludhiana,Sourcing,10920,8,0.0007
29,Bhubaneswar,WH,45260,10,0.0002
29,Bhubaneswar,Sourcing,45260,14,0.0003
29,Coimbatore,WH,34477,13,0.0004
29,Patna,Pod,24164,81,0.0034
29,Delhi,Sourcing,199421,7,0
29,Nagercoil,Pod,4591,2,0.0004
29,Mysore,Sourcing,22612,12,0.0005
29,Sonipat,Pod,2204,20,0.0091
29,Ranchi,WH,10018,2,0.0002
29,Dehradun,WH,12889,4,0.0003
29,Udaipur,Sourcing,7346,5,0.0007
29,Bikaner,Pod,1539,1,0.0007
29,Jaipur,Sourcing,42517,16,0.0004
29,Bangalore,Pod,674082,129,0.0002
29,Dindigul,Pod,954,3,0.0031
29,Nashik,Sourcing,7946,9,0.0011
29,Karaikkudi,CX,2863,10,0.0035
29,Kannur,Pod,2372,6,0.0025
29,Faridabad,Sourcing,14835,22,0.0015
29,Muzaffarpur,Sourcing,1839,4,0.0022
29,Anantapur,Pod,5101,1,0.0002
29,Davanagere,Sourcing,1944,1,0.0005
29,Thrissur,Pod,24853,6,0.0002
29,Kolkata,Pod,104680,515,0.0049
29,Noida 1,Sourcing,77735,127,0.0016
29,Ambala,Pod,2968,26,0.0088
29,Indore,Pod,16762,2,0.0001
29,Kakinada,Pod,4106,14,0.0034
29,Kannur,Pod,2372,1,0.0004
29,Bhopal,Pod,11794,95,0.0081
29,Mangaluru,Sourcing,20251,1,0
29,Jamshedpur,WH,8183,3,0.0004
29,Lucknow,Sourcing,23696,12,0.0005
29,Bangalore,Sourcing,674082,345,0.0005
29,Chennai,WH,293939,186,0.0006
29,Ambala,CX,2968,13,0.0044
29,Meerut,CX,6124,29,0.0047
29,Palakkad,Sourcing,5376,6,0.0011
29,Thrissur,WH,24853,6,0.0002
29,Guntur,Sourcing,12771,23,0.0018
29,Hubli,CX,3413,7,0.0021
29,Kozhikode,Pod,16045,3,0.0002
29,Thiruvananthapuram,Sourcing,49803,5,0.0001
29,Muzaffarpur,CX,1839,9,0.0049
29,Gurgaon,WH,105421,50,0.0005
29,Rajkot,WH,5898,4,0.0007
29,Gwalior,Sourcing,4974,3,0.0006
29,Moradabad,Pod,2833,6,0.0021
29,Madurai,Pod,13917,2,0.0001
29,Berhampur,Sourcing,2052,3,0.0015
29,Rohtak,Pod,4175,4,0.001
29,Berhampur,CX,2052,6,0.0029
29,Bhilai,WH,1646,1,0.0006
29,Ujjain,WH,2467,1,0.0004
29,Karimnagar,Sourcing,3725,1,0.0003
29,Shivamogga,Sourcing,3075,2,0.0007
29,Jodhpur,Sourcing,2901,1,0.0003
29,Aligarh,WH,2749,1,0.0004
29,Sonipat,Pod,2204,1,0.0005
29,Dehradun,Pod,12889,104,0.0081
29,Bangalore,Sourcing,674082,449,0.0007
29,Ludhiana,Sourcing,10920,12,0.0011
29,Kozhikode,Pod,16045,36,0.0022
29,Nagpur,Pod,11754,14,0.0012
29,Pune,Sourcing,174361,9,0.0001
29,Muzaffarpur,WH,1839,3,0.0016
29,Ongole,Sourcing,2024,3,0.0015
29,Bareilly,Sourcing,2248,1,0.0004
29,Vellore,Pod,9352,1,0.0001
29,Vapi,Pod,4899,23,0.0047
29,Sri Ganganagar,CX,3410,15,0.0044
29,Central Goa,WH,38417,8,0.0002
29,Kurnool,CX,5736,18,0.0031
29,Panipat,Pod,4492,8,0.0018
29,Nashik,WH,7946,3,0.0004
29,Hubli,Sourcing,3413,2,0.0006
29,Mumbai,Sourcing,366753,1,0
29,Ongole,WH,2024,1,0.0005
29,Jalandhar,Pod,3274,3,0.0009
29,Indore,Pod,16762,4,0.0002
29,Saharanpur,Sourcing,1048,1,0.001
29,Tumakuru,CX,3808,1,0.0003
29,Warangal,Sourcing,10328,1,0.0001
29,Nellore,Sourcing,7958,1,0.0001
29,Rajahmundry,Sourcing,4876,2,0.0004
29,Manipal,Sourcing,7753,1,0.0001
29,Nellore,Pod,7958,71,0.0089
29,Guntur,WH,12771,22,0.0017
29,Delhi,CX,199421,553,0.0028
29,Cuttack,CX,5756,7,0.0012
29,Thoothukudi,Pod,6173,29,0.0047
29,Agra,CX,3405,11,0.0032
29,Ranchi,CX,10018,14,0.0014
29,Kota,Sourcing,1509,3,0.002
29,Chandigarh,Pod,43023,385,0.0089
29,Allahabad,Pod,3197,21,0.0066
29,Lonavla,Sourcing,1251,3,0.0024
29,Hyderabad,Pod,337265,2,0
29,Jamshedpur,Pod,8183,1,0.0001
29,Panipat,Sourcing,4492,1,0.0002
29,Ajmer,Sourcing,2962,1,0.0003
29,Tirupur,WH,6448,2,0.0003
29,Thiruvallur,Pod,2722,1,0.0004
29,Mathura,Sourcing,2177,1,0.0005
29,Kollam,Pod,10135,1,0.0001
29,Tumakuru,WH,3808,1,0.0003
29,Surat,Sourcing,11332,17,0.0015
29,Delhi,Sourcing,199421,291,0.0015
29,Madurai,WH,13917,7,0.0005
29,Kakinada,Sourcing,4106,6,0.0015
29,Silchar,Pod,4785,30,0.0063
29,Ahmedabad,WH,47542,9,0.0002
29,Jaipur,Pod,42517,25,0.0006
29,Nellore,CX,7958,37,0.0046
29,Mangaluru,Pod,20251,16,0.0008
29,Faridabad,WH,14835,7,0.0005
29,Kozhikode,Sourcing,16045,2,0.0001
29,Amritsar,Sourcing,3952,3,0.0008
29,Chennai,Sourcing,293939,2,0
29,Amravati,CX,1663,5,0.003
29,Guntur,CX,12771,38,0.003
29,Siliguri,Sourcing,5523,1,0.0002
29,Kozhikode,CX,16045,24,0.0015
29,Patiala,Pod,4066,4,0.001
29,Manipal,Sourcing,7753,7,0.0009
29,Central Goa,Sourcing,38417,12,0.0003
29,Rajkot,Pod,5898,49,0.0083
29,Bhimavaram,Pod,1328,12,0.009
29,Mysore,Sourcing,22612,24,0.0011
29,Warangal,WH,10328,9,0.0009
29,Bareilly,Pod,2248,7,0.0031
29,Aligarh,CX,2749,12,0.0044
29,Bikaner,Sourcing,1539,3,0.0019
29,Davanagere,Sourcing,1944,2,0.001
29,Sri Ganganagar,Pod,3410,3,0.0009
29,Cuttack,Sourcing,5756,4,0.0007
29,Agra,Sourcing,3405,2,0.0006
29,Bilaspur,Pod,1834,1,0.0005
29,Kozhikode,WH,16045,1,0.0001
29,Nagpur,Sourcing,11754,10,0.0009
29,Erode,CX,4363,8,0.0018
29,Cuttack,Pod,5756,27,0.0047
29,Karnal,WH,1626,2,0.0012
29,Chennai,Pod,293939,7,0
29,Anantapur,WH,5101,2,0.0004
29,Guwahati,WH,12626,2,0.0002
29,Bareilly,WH,2248,1,0.0004
29,Nellore,Sourcing,7958,9,0.0011
29,Ambala,Sourcing,2968,9,0.003
29,Nellore,WH,7958,10,0.0013
29,Rajkot,Sourcing,5898,1,0.0002
29,Nellore,Pod,7958,6,0.0008
29,Ambala,Pod,2968,4,0.0013
29,Chennai,Sourcing,293939,411,0.0014
29,Bhubaneswar,Pod,45260,267,0.0059
29,Thoothukudi,CX,6173,11,0.0018
29,Gurgaon,Pod,105421,23,0.0002
29,Delhi,WH,199421,122,0.0006
29,Thrissur,CX,24853,20,0.0008
29,Siliguri,WH,5523,3,0.0005
29,Nanded,Pod,1005,7,0.007
29,Pondicherry,Sourcing,12626,9,0.0007
30,Bathinda,Sourcing,1858,2,0.0011
30,Dibrugarh,Sourcing,2699,1,0.0004
30,Noida 1,WH,74016,46,0.0006
30,Meerut,Pod,5934,41,0.0069
30,Varanasi,Pod,10435,64,0.0061
30,Mangaluru,CX,20359,29,0.0014
30,Ajmer,CX,3043,7,0.0023
30,Vizag,WH,25920,10,0.0004
30,Warangal,CX,10521,35,0.0033
30,Nizamabad,CX,1716,6,0.0035
30,Tumakuru,WH,3872,2,0.0005
30,Ranchi,CX,9671,22,0.0023
30,Anantapur,Sourcing,5129,7,0.0014
30,Aligarh,Pod,2962,1,0.0003
30,Vadodara,Sourcing,11487,13,0.0011
30,Erode,CX,4570,9,0.002
30,Bareilly,Pod,2257,13,0.0058
30,Vellore,WH,9456,5,0.0005
30,Latur,Pod,1131,3,0.0027
30,Vizag,Sourcing,25920,2,0.0001
30,Kozhikode,Sourcing,16597,1,0.0001
30,Karimnagar,Pod,3718,18,0.0048
30,Pondicherry,Sourcing,12432,16,0.0013
30,Bhubaneswar,WH,45956,6,0.0001
30,Vellore,CX,9456,8,0.0008
30,Thanjavur,Sourcing,6651,1,0.0002
30,Kochi,Sourcing,97868,1,0
30,Delhi,Pod,195615,110,0.0006
30,Gwalior,Pod,4420,46,0.0104
30,Chennai,Sourcing,284393,329,0.0012
30,Noida 1,Sourcing,74016,129,0.0017
30,Berhampur,CX,2060,9,0.0044
30,Thoothukudi,Pod,6174,29,0.0047
30,Hubli,Pod,3311,7,0.0021
30,Thiruvalla,Pod,6914,14,0.002
30,Bilaspur,Sourcing,1811,3,0.0017
30,Hosur,WH,602,1,0.0017
30,Kota,Sourcing,1551,1,0.0006
30,Pondicherry,Sourcing,12432,6,0.0005
30,Tirupati,Pod,12600,69,0.0055
30,Ongole,Sourcing,2105,5,0.0024
30,Mangaluru,Pod,20359,60,0.0029
30,Nagpur,WH,12942,13,0.001
30,Noida,Sourcing,30260,54,0.0018
30,Rohtak,Sourcing,4185,8,0.0019
30,Jaipur,Pod,41496,18,0.0004
30,Patiala,Sourcing,4328,3,0.0007
30,Nashik,Pod,7997,7,0.0009
30,Bareilly,Sourcing,2257,5,0.0022
30,Rudrapur,Sourcing,1686,2,0.0012
30,Sri Ganganagar,WH,3382,2,0.0006
30,Ludhiana,Sourcing,11844,19,0.0016
30,Patna,WH,19132,22,0.0012
30,Rajkot,Sourcing,6729,12,0.0018
30,Ranchi,Pod,9671,48,0.005
30,Varanasi,Sourcing,10435,7,0.0007
30,Delhi,Sourcing,195615,116,0.0006
30,Faridabad,Sourcing,15066,14,0.0009
30,Mumbai,Pod,380516,104,0.0003
30,Vizag,Pod,25920,10,0.0004
30,Ahmedabad,WH,36390,6,0.0002
30,Khammam,WH,5812,2,0.0003
30,Nashik,Sourcing,7997,4,0.0005
30,Indore,Pod,16612,3,0.0002
30,Aligarh,Sourcing,2962,5,0.0017
30,Thanjavur,WH,6651,4,0.0006
30,Erode,Sourcing,4570,2,0.0004
30,Nellore,Pod,7950,3,0.0004
30,Kolhapur,Pod,2891,2,0.0007
30,Bathinda,Sourcing,1858,1,0.0005
30,Mathura,CX,2171,1,0.0005
30,Aurangabad,Pod,4197,1,0.0002
30,Bangalore,Sourcing,680343,391,0.0006
30,Noida,Pod,30260,206,0.0068
30,Noida 1,Pod,74016,359,0.0049
30,Mysore,Pod,23777,83,0.0035
30,Bathinda,Pod,1858,11,0.0059
30,Siliguri,Sourcing,5729,6,0.001
30,Dibrugarh,Sourcing,2699,3,0.0011
30,Mumbai,Sourcing,380516,1,0
30,Bhilai,Pod,1668,3,0.0018
30,Roorkee,Sourcing,1515,1,0.0007
30,Central Goa,Sourcing,38878,23,0.0006
30,Kolkata,Pod,106384,455,0.0043
30,Kolkata,CX,106384,280,0.0026
30,Kolkata,Sourcing,106384,127,0.0012
30,Bhubaneswar,Sourcing,45956,46,0.001
30,Noida 1,Sourcing,74016,134,0.0018
30,Patiala,Pod,4328,25,0.0058
30,Mangaluru,Pod,20359,15,0.0007
30,Central Goa,Sourcing,38878,5,0.0001
30,Noida 1,Sourcing,74016,10,0.0001
30,Aligarh,Sourcing,2962,6,0.002
30,Varanasi,WH,10435,7,0.0007
30,Saharanpur,Pod,986,7,0.0071
30,Pondicherry,Pod,12432,6,0.0005
30,Thoothukudi,WH,6174,2,0.0003
30,Aligarh,Pod,2962,28,0.0095
30,Indore,WH,16612,5,0.0003
30,Siliguri,Pod,5729,4,0.0007
30,Dindigul,Sourcing,1003,1,0.001
30,Amritsar,CX,3738,10,0.0027
30,Ujjain,Pod,2512,3,0.0012
30,Vellore,Sourcing,9456,1,0.0001
30,Thrissur,Sourcing,25236,2,0.0001
30,Madurai,Sourcing,13862,10,0.0007
30,Thoothukudi,CX,6174,12,0.0019
30,Bathinda,CX,1858,5,0.0027
30,Ludhiana,Sourcing,11844,6,0.0005
30,Bikaner,CX,1602,10,0.0062
30,Panipat,Pod,4256,10,0.0024
30,Chandigarh,CX,42924,166,0.0039
30,Tirupur,CX,6717,16,0.0024
30,Amravati,Pod,1839,16,0.0087
30,Bhopal,Sourcing,10695,11,0.001
30,Varanasi,Sourcing,10435,2,0.0002
30,Nizamabad,Pod,1716,5,0.0029
30,Patiala,Sourcing,4328,6,0.0014
30,Nagercoil,Pod,4805,4,0.0008
30,Guwahati,Sourcing,12916,3,0.0002
30,Mathura,Pod,2171,2,0.0009
30,Jalandhar,Pod,3561,25,0.007
30,Surat,Sourcing,10977,2,0.0002
30,Panipat,Pod,4256,1,0.0002
30,Tirupur,Pod,6717,2,0.0003
30,Moradabad,Sourcing,2756,1,0.0004
30,Indore,Pod,16612,10,0.0006
30,Thrissur,Sourcing,25236,2,0.0001
30,Kollam,Sourcing,10314,7,0.0007
30,Kochi,WH,97868,11,0.0001
30,Silchar,Pod,5124,35,0.0068
30,Tirupur,WH,6717,1,0.0001
30,Kollam,Pod,10314,6,0.0006
30,Nizamabad,WH,1716,4,0.0023
30,Ajmer,Pod,3043,2,0.0007
30,Thiruvananthapuram,Sourcing,50566,7,0.0001
30,Dehradun,Sourcing,12663,11,0.0009
30,Manipal,Sourcing,8512,5,0.0006
30,Mangaluru,WH,20359,5,0.0002
30,Ahmedabad,Pod,36390,22,0.0006
30,Ranchi,WH,9671,5,0.0005
30,Surat,WH,10977,2,0.0002
30,Raipur,WH,6988,1,0.0001
30,Karnal,Sourcing,1754,1,0.0006
30,Mumbai,Sourcing,380516,131,0.0003
30,Bangalore,WH,680343,397,0.0006
30,Bhopal,CX,10695,23,0.0022
30,Jaipur,Sourcing,41496,50,0.0012
30,Hyderabad,Pod,338046,2395,0.0071
30,Bangalore,Pod,680343,1180,0.0017
30,Panipat,Sourcing,4256,8,0.0019
30,Pune,WH,175388,39,0.0002
30,Ahmedabad,Sourcing,36390,52,0.0014
30,Noida,Pod,30260,19,0.0006
30,Kakinada,WH,4253,2,0.0005
30,Nagpur,Sourcing,12942,7,0.0005
30,Ajmer,Sourcing,3043,2,0.0007
30,Salem,Sourcing,9867,3,0.0003
30,Pune,Pod,175388,27,0.0002
30,Kochi,WH,97868,8,0.0001
30,Ongole,WH,2105,2,0.001
30,Cuttack,Sourcing,6085,1,0.0002
30,Rajahmundry,WH,4993,1,0.0002
30,Pune,Pod,175388,1583,0.009
30,Hosur,CX,602,2,0.0033
30,Kakinada,CX,4253,26,0.0061
30,Cuddalore,Pod,1522,7,0.0046
30,Ludhiana,CX,11844,16,0.0014
30,Agra,CX,3766,5,0.0013
30,Silchar,Sourcing,5124,2,0.0004
30,Nizamabad,Sourcing,1716,2,0.0012
30,Belgaum,Sourcing,3550,1,0.0003
30,Thoothukudi,Sourcing,6174,3,0.0005
30,Nagercoil,Sourcing,4805,5,0.001
30,Jaipur,Sourcing,41496,32,0.0008
30,Central Goa,WH,38878,6,0.0002
30,Allahabad,WH,3592,2,0.0006
30,Kanpur,Sourcing,7021,7,0.001
30,Belgaum,WH,3550,1,0.0003
30,Siliguri,Sourcing,5729,1,0.0002
30,Chennai,Pod,284393,2492,0.0088
30,Salem,Sourcing,9867,1,0.0001
30,Gwalior,Pod,4420,1,0.0002
30,Bangalore,Sourcing,680343,154,0.0002
30,Jamshedpur,Pod,8740,69,0.0079
30,Gwalior,Sourcing,4420,11,0.0025
30,Amravati,Sourcing,1839,5,0.0027
30,Tirupur,WH,6717,4,0.0006
30,Ranchi,Sourcing,9671,3,0.0003
30,Khammam,Pod,5812,2,0.0003
30,Bangalore,Pod,680343,1,0
30,Karur,WH,3162,1,0.0003
30,Vizianagaram,CX,1376,2,0.0015
30,Siliguri,Pod,5729,2,0.0003
30,Jaipur,WH,41496,11,0.0003
30,Thanjavur,CX,6651,9,0.0014
30,Noida 1,CX,74016,220,0.003
30,Nashik,CX,7997,17,0.0021
30,Delhi,Pod,195615,65,0.0003
30,Vijayawada,WH,20559,16,0.0008
30,Kota,Pod,1551,7,0.0045
30,Tumakuru,Sourcing,3872,2,0.0005
30,Kottayam,Sourcing,6759,2,0.0003
30,Chennai,WH,284393,125,0.0004
30,Bhopal,Pod,10695,4,0.0004
30,Kota,Sourcing,1551,1,0.0006
30,Vadodara,Pod,11487,1,0.0001
30,Pune,CX,175388,469,0.0027
30,Agra,Sourcing,3766,1,0.0003
30,Gorakhpur,CX,4026,10,0.0025
30,Gwalior,Sourcing,4420,1,0.0002
30,Agra,Pod,3766,21,0.0056
30,Khammam,CX,5812,26,0.0045
30,Ludhiana,WH,11844,7,0.0006
30,Amritsar,Pod,3738,1,0.0003
30,Tirunelveli,WH,7133,1,0.0001
30,Kanpur,Sourcing,7021,1,0.0001
30,Bathinda,Pod,1858,1,0.0005
30,Gurgaon,Pod,102202,21,0.0002
30,Kanpur,Pod,7021,23,0.0033
30,Madurai,Pod,13862,57,0.0041
30,Coimbatore,CX,33902,75,0.0022
30,Vijayawada,CX,20559,35,0.0017
30,Noida 1,WH,74016,79,0.0011
30,Kozhikode,WH,16597,4,0.0002
30,Nanded,Pod,1104,2,0.0018
30,Bangalore,Sourcing,680343,472,0.0007
30,Chennai,CX,284393,884,0.0031
30,Tirunelveli,Pod,7133,7,0.001
30,Cuttack,Sourcing,6085,2,0.0003
30,Salem,Pod,9867,2,0.0002
30,Jabalpur,CX,4284,11,0.0026
30,Nagercoil,Pod,4805,2,0.0004
30,Anantapur,WH,5129,2,0.0004
30,Manipal,Sourcing,8512,1,0.0001
30,Chennai,WH,284393,152,0.0005
30,Noida 1,Pod,74016,590,0.008
30,Allahabad,Sourcing,3592,5,0.0014
30,Roorkee,Pod,1515,1,0.0007
30,Rohtak,Pod,4185,53,0.0127
30,Kolkata,WH,106384,49,0.0005
30,Kozhikode,Pod,16597,14,0.0008
30,Chennai,Pod,284393,151,0.0005
30,Lonavla,Sourcing,1301,2,0.0015
30,Noida,Pod,30260,157,0.0052
30,Vijayawada,Pod,20559,92,0.0045
30,Chennai,Sourcing,284393,140,0.0005
30,Nagpur,Pod,12942,20,0.0015
30,Faridabad,WH,15066,10,0.0007
30,Anand,Pod,1500,3,0.002
30,Belgaum,Sourcing,3550,6,0.0017
30,Ongole,CX,2105,4,0.0019
30,Erode,Pod,4570,1,0.0002
30,Vapi,Pod,3757,2,0.0005
30,Jaipur,Pod,41496,24,0.0006
30,Kanpur,Pod,7021,1,0.0001
30,Dibrugarh,Sourcing,2699,1,0.0004
30,Ranchi,Pod,9671,1,0.0001
30,Pune,Sourcing,175388,7,0
30,Davanagere,CX,1919,2,0.001
30,Kolhapur,Sourcing,2891,1,0.0003
30,Ahmedabad,Sourcing,36390,16,0.0004
30,Nellore,CX,7950,23,0.0029
30,Madurai,CX,13862,12,0.0009
30,Rajkot,WH,6729,5,0.0007
30,Nanded,CX,1104,1,0.0009
30,Amritsar,Sourcing,3738,1,0.0003
30,Cuttack,Pod,6085,1,0.0002
30,Karimnagar,Sourcing,3718,1,0.0003
30,Sri Ganganagar,Sourcing,3382,1,0.0003
30,Bangalore,CX,680343,1255,0.0018
30,Indore,CX,16612,48,0.0029
30,Delhi,WH,195615,166,0.0008
30,Jamshedpur,CX,8740,20,0.0023
30,Coimbatore,Sourcing,33902,6,0.0002
30,Kannur,Pod,2430,5,0.0021
30,Rudrapur,CX,1686,3,0.0018
30,Silchar,Sourcing,5124,7,0.0014
30,Nanded,Pod,1104,4,0.0036
30,Hyderabad,WH,338046,157,0.0005
30,Mumbai,Pod,380516,53,0.0001
30,Coimbatore,Pod,33902,14,0.0004
30,Thiruvalla,CX,6914,3,0.0004
30,Udaipur,Sourcing,7042,4,0.0006
30,Ongole,Pod,2105,4,0.0019
30,Raipur,Sourcing,6988,1,0.0001
30,Thiruvallur,Sourcing,1020,1,0.001
30,Kannur,Sourcing,2430,1,0.0004
30,Karur,WH,3162,1,0.0003
30,Palakkad,Pod,5532,1,0.0002
30,Pune,Sourcing,175388,207,0.0012
30,Rohtak,Pod,4185,3,0.0007
30,Faridabad,CX,15066,53,0.0035
30,Manipal,WH,8512,4,0.0005
30,Chandigarh,Sourcing,42924,41,0.001
30,Ranchi,Sourcing,9671,4,0.0004
30,Anantapur,Sourcing,5129,3,0.0006
30,Chandigarh,Sourcing,42924,4,0.0001
30,Ujjain,CX,2512,2,0.0008
30,Khammam,Pod,5812,1,0.0002
30,Jalandhar,Sourcing,3561,1,0.0003
30,Guwahati,Pod,12916,1,0.0001
30,Moradabad,Sourcing,2756,1,0.0004
30,Tirupati,Pod,12600,1,0.0001
30,Aligarh,WH,2962,1,0.0003
30,Rohtak,CX,4185,19,0.0045
30,Chandigarh,WH,42924,18,0.0004
30,Hyderabad,Sourcing,338046,251,0.0007
30,Dehradun,Sourcing,12663,21,0.0017
30,Noida,Sourcing,30260,44,0.0015
30,Allahabad,CX,3592,5,0.0014
30,Jamshedpur,Sourcing,8740,8,0.0009
30,Tirupur,Pod,6717,38,0.0057
30,Pondicherry,WH,12432,4,0.0003
30,Jodhpur,CX,3002,13,0.0043
30,Eluru,Pod,1579,3,0.0019
30,Roorkee,Pod,1515,1,0.0007
30,Chennai,Sourcing,284393,10,0
30,Aurangabad,Sourcing,4197,1,0.0002
30,Cuttack,WH,6085,1,0.0002
30,Delhi,Pod,195615,1603,0.0082
30,Erode,Pod,4570,24,0.0053
30,Lucknow,Pod,23888,97,0.0041
30,Kolhapur,Pod,2891,11,0.0038
30,Berhampur,Pod,2060,11,0.0053
30,Lonavla,Pod,1301,4,0.0031
30,Lucknow,Pod,23888,26,0.0011
30,Mysore,Sourcing,23777,6,0.0003
30,Dindigul,CX,1003,8,0.008
30,Moradabad,Pod,2756,7,0.0025
30,Silchar,CX,5124,16,0.0031
30,Bilaspur,CX,1811,3,0.0017
30,Jaipur,WH,41496,16,0.0004
30,Surat,WH,10977,5,0.0005
30,Anand,Pod,1500,2,0.0013
30,Karnal,Sourcing,1754,2,0.0011
30,Madurai,Pod,13862,1,0.0001
30,Kanchipuram,Sourcing,3907,1,0.0003
30,Bhubaneswar,Sourcing,45956,1,0
30,Hubli,Pod,3311,1,0.0003
30,Meerut,WH,5934,3,0.0005
30,Khammam,WH,5812,1,0.0002
30,Bhimavaram,CX,1270,1,0.0008
30,Central Goa,Pod,38878,161,0.0041
30,Bangalore,WH,680343,445,0.0007
30,Nagercoil,Pod,4805,16,0.0033
30,Tirupati,Sourcing,12600,9,0.0007
30,Jaipur,Sourcing,41496,19,0.0005
30,Surat,Sourcing,10977,11,0.001
30,Ludhiana,WH,11844,2,0.0002
30,Kottayam,Pod,6759,5,0.0007
30,Vapi,Sourcing,3757,2,0.0005
30,Kanpur,Sourcing,7021,1,0.0001
30,Rajkot,Sourcing,6729,1,0.0001
30,Gwalior,WH,4420,1,0.0002
30,Bhimavaram,WH,1270,1,0.0008
30,Sonipat,Sourcing,2256,2,0.0009
30,Trichy,Sourcing,10960,1,0.0001
30,Jodhpur,WH,3002,1,0.0003
30,Cuddalore,Sourcing,1522,1,0.0007
30,Agra,Sourcing,3766,1,0.0003
30,Latur,Sourcing,1131,1,0.0009
30,Nanded,Sourcing,1104,2,0.0018
30,Mumbai,Pod,380516,3011,0.0079
30,Ludhiana,Pod,11844,17,0.0014
30,Ahmedabad,CX,36390,84,0.0023
30,Ujjain,Pod,2512,15,0.006
30,Tirupati,CX,12600,41,0.0033
30,Mysore,Sourcing,23777,24,0.001
30,Mysore,Sourcing,23777,4,0.0002
30,Hyderabad,Sourcing,338046,86,0.0003
30,Rajahmundry,CX,4993,6,0.0012
30,Hyderabad,Pod,338046,95,0.0003
30,Thrissur,Sourcing,25236,3,0.0001
30,Hosur,Pod,602,5,0.0083
30,Manipal,Sourcing,8512,6,0.0007
30,Kanchipuram,Sourcing,3907,4,0.001
30,Muzaffarpur,Sourcing,1788,3,0.0017
30,Moradabad,Pod,2756,8,0.0029
30,Shivamogga,Pod,3670,12,0.0033
30,Udaipur,Sourcing,7042,3,0.0004
30,Chandigarh,Pod,42924,19,0.0004
30,Gorakhpur,Pod,4026,2,0.0005
30,Nashik,Sourcing,7997,7,0.0009
30,Surat,Pod,10977,3,0.0003
30,Amravati,Sourcing,1839,2,0.0011
30,Karimnagar,Sourcing,3718,1,0.0003
30,Dindigul,Sourcing,1003,1,0.001
30,Jabalpur,WH,4284,1,0.0002
30,Guwahati,Pod,12916,7,0.0005
30,Alappuzha,Sourcing,4100,3,0.0007
30,Roorkee,Sourcing,1515,1,0.0007
30,Guntur,Sourcing,13490,3,0.0002
30,Gorakhpur,Sourcing,4026,2,0.0005
30,Sonipat,Sourcing,2256,1,0.0004
30,Hyderabad,Sourcing,338046,6,0
30,Lonavla,CX,1301,2,0.0015
30,Karimnagar,CX,3718,11,0.003
30,Delhi,WH,195615,110,0.0006
30,Meerut,WH,5934,7,0.0012
30,Gurgaon,WH,102202,50,0.0005
30,Nellore,Pod,7950,54,0.0068
30,Patna,Sourcing,19132,4,0.0002
30,Karnal,CX,1754,6,0.0034
30,Dehradun,Sourcing,12663,15,0.0012
30,Thrissur,Pod,25236,8,0.0003
30,Kanpur,CX,7021,3,0.0004
30,Karnal,Sourcing,1754,2,0.0011
30,Salem,Sourcing,9867,2,0.0002
30,Warangal,Sourcing,10521,1,0.0001
30,Tirupur,Sourcing,6717,1,0.0001
30,Vizianagaram,WH,1376,1,0.0007
30,Rudrapur,Sourcing,1686,1,0.0006
30,Vijayawada,Pod,20559,1,0
30,Hosur,WH,602,1,0.0017
30,Rajkot,Pod,6729,43,0.0064
30,Delhi,Sourcing,195615,246,0.0013
30,Nagpur,Pod,12942,53,0.0041
30,Shivamogga,CX,3670,5,0.0014
30,Ongole,Pod,2105,16,0.0076
30,Dehradun,CX,12663,30,0.0024
30,Nashik,WH,7997,4,0.0005
30,Berhampur,Sourcing,2060,4,0.0019
30,Jodhpur,Sourcing,3002,5,0.0017
30,Patiala,CX,4328,5,0.0012
30,Kanpur,WH,7021,2,0.0003
30,Khammam,Sourcing,5812,2,0.0003
30,Thiruvallur,Pod,1020,9,0.0088
30,Sonipat,Pod,2256,3,0.0013
30,Kollam,Sourcing,10314,1,0.0001
30,Vadodara,WH,11487,1,0.0001
30,Nanded,Sourcing,1104,1,0.0009
30,Bikaner,Sourcing,1602,2,0.0012
30,Mumbai,WH,380516,221,0.0006
30,Gurgaon,Pod,102202,932,0.0091
30,Patna,CX,19132,51,0.0027
30,Salem,Pod,9867,41,0.0042
30,Rudrapur,Pod,1686,9,0.0053
30,Dibrugarh,Pod,2699,16,0.0059
30,Gurgaon,Sourcing,102202,126,0.0012
30,Central Goa,Sourcing,38878,56,0.0014
30,Bhopal,Sourcing,10695,10,0.0009
30,Sri Ganganagar,Pod,3382,28,0.0083
30,Kozhikode,Sourcing,16597,8,0.0005
30,Ajmer,Pod,3043,22,0.0072
30,Aligarh,CX,2962,10,0.0034
30,Pondicherry,WH,12432,3,0.0002
30,Ahmedabad,Sourcing,36390,13,0.0004
30,Tumakuru,Pod,3872,3,0.0008
30,Tirupati,WH,12600,3,0.0002
30,Ongole,Sourcing,2105,1,0.0005
30,Latur,Pod,1131,1,0.0009
30,Palakkad,WH,5532,1,0.0002
30,Ludhiana,Sourcing,11844,1,0.0001
30,Jalandhar,Sourcing,3561,2,0.0006
30,Anantapur,Sourcing,5129,1,0.0002
30,Mysore,CX,23777,39,0.0016
30,Vellore,Pod,9456,31,0.0033
30,Dehradun,Pod,12663,82,0.0065
30,Dehradun,WH,12663,3,0.0002
30,Lucknow,Pod,23888,5,0.0002
30,Sonipat,Pod,2256,20,0.0089
30,Raipur,CX,6988,22,0.0031
30,Panipat,CX,4256,17,0.004
30,Rohtak,WH,4185,2,0.0005
30,Vizag,CX,25920,82,0.0032
30,Muzaffarpur,Pod,1788,16,0.0089
30,Warangal,Sourcing,10521,7,0.0007
30,Pondicherry,Sourcing,12432,2,0.0002
30,Madurai,Sourcing,13862,3,0.0002
30,Muzaffarpur,CX,1788,6,0.0034
30,Noida,Sourcing,30260,4,0.0001
30,Kurnool,CX,5888,9,0.0015
30,Hubli,Sourcing,3311,2,0.0006
30,Ranchi,Pod,9671,8,0.0008
30,Bhilai,Pod,1668,2,0.0012
30,Karnal,Pod,1754,1,0.0006
30,Ambala,WH,3021,1,0.0003
30,Guntur,Pod,13490,3,0.0002
30,Tirunelveli,Sourcing,7133,1,0.0001
30,Thiruvalla,Sourcing,6914,1,0.0001
30,Karaikkudi,Sourcing,2922,1,0.0003
30,Kanchipuram,Pod,3907,23,0.0059
30,Vadodara,CX,11487,21,0.0018
30,Thiruvananthapuram,Pod,50566,171,0.0034
30,Pondicherry,Pod,12432,60,0.0048
30,Chandigarh,Pod,42924,382,0.0089
30,Nellore,Sourcing,7950,2,0.0003
30,Thoothukudi,Sourcing,6174,2,0.0003
30,Ranchi,WH,9671,4,0.0004
30,Raipur,Pod,6988,9,0.0013
30,Ahmedabad,Pod,36390,7,0.0002
30,Cuttack,Pod,6085,15,0.0025
30,Karaikkudi,Pod,2922,19,0.0065
30,Thanjavur,Pod,6651,36,0.0054
30,Jalandhar,CX,3561,11,0.0031
30,Warangal,Pod,10521,5,0.0005
30,Vizag,Sourcing,25920,19,0.0007
30,Faridabad,Sourcing,15066,8,0.0005
30,Bhubaneswar,Pod,45956,21,0.0005
30,Raipur,Sourcing,6988,3,0.0004
30,Karaikkudi,CX,2922,3,0.001
30,Trichy,Pod,10960,2,0.0002
30,Karur,Sourcing,3162,2,0.0006
30,Bikaner,WH,1602,1,0.0006
30,Kollam,WH,10314,1,0.0001
30,Thiruvallur,CX,1020,2,0.002
30,Jalandhar,Pod,3561,2,0.0006
30,Kakinada,Pod,4253,1,0.0002
30,Rajahmundry,Sourcing,4993,1,0.0002
30,Rajahmundry,Pod,4993,2,0.0004
30,Mumbai,Sourcing,380516,174,0.0005
30,Udaipur,Pod,7042,56,0.008
30,Lucknow,Sourcing,23888,16,0.0007
30,Panipat,WH,4256,7,0.0016
30,Anantapur,Pod,5129,2,0.0004
30,Guntur,CX,13490,29,0.0022
30,Bikaner,Sourcing,1602,2,0.0012
30,Muzaffarpur,Sourcing,1788,6,0.0034
30,Indore,Sourcing,16612,18,0.0011
30,Manipal,Pod,8512,9,0.0011
30,Bareilly,CX,2257,7,0.0031
30,Hyderabad,Pod,338046,49,0.0001
30,Central Goa,Pod,38878,14,0.0004
30,Madurai,WH,13862,6,0.0004
30,Salem,WH,9867,4,0.0004
30,Vadodara,Sourcing,11487,1,0.0001
30,Silchar,Pod,5124,1,0.0002
30,Kurnool,Pod,5888,1,0.0002
30,Nizamabad,Pod,1716,1,0.0006
30,Anand,Sourcing,1500,1,0.0007
30,Ambala,Pod,3021,1,0.0003
30,Shivamogga,Pod,3670,1,0.0003
30,Bareilly,Sourcing,2257,1,0.0004
30,Delhi,Sourcing,195615,12,0.0001
30,Trichy,WH,10960,1,0.0001
30,Panipat,Sourcing,4256,2,0.0005
30,Nagpur,Sourcing,12942,1,0.0001
30,Lucknow,CX,23888,57,0.0024
30,Ajmer,WH,3043,4,0.0013
30,Chandigarh,Sourcing,42924,40,0.0009
30,Madurai,Sourcing,13862,3,0.0002
30,Vapi,Pod,3757,14,0.0037
30,Kochi,Sourcing,97868,76,0.0008
30,Kurnool,WH,5888,7,0.0012
30,Patna,WH,19132,14,0.0007
30,Thiruvananthapuram,WH,50566,8,0.0002
30,Salem,Sourcing,9867,4,0.0004
30,Central Goa,WH,38878,4,0.0001
30,Nagpur,Sourcing,12942,3,0.0002
30,Vadodara,Pod,11487,52,0.0045
30,Guwahati,WH,12916,3,0.0002
30,Tirupati,Pod,12600,2,0.0002
30,Nellore,Sourcing,7950,3,0.0004
30,Tirunelveli,Pod,7133,3,0.0004
30,Jodhpur,WH,3002,1,0.0003
30,Thanjavur,WH,6651,1,0.0002
30,Belgaum,Pod,3550,1,0.0003
30,Karaikkudi,Pod,2922,1,0.0003
30,Saharanpur,WH,986,1,0.001
30,Ujjain,Sourcing,2512,2,0.0008
30,Surat,Sourcing,10977,1,0.0001
30,Warangal,Sourcing,10521,1,0.0001
30,Meerut,Pod,5934,2,0.0003
30,Dibrugarh,Pod,2699,1,0.0004
30,Gurgaon,Sourcing,102202,56,0.0005
30,Thrissur,Pod,25236,72,0.0029
30,Jaipur,Pod,41496,372,0.009
30,Jaipur,CX,41496,158,0.0038
30,Kochi,CX,97868,129,0.0013
30,Eluru,Pod,1579,6,0.0038
30,Amritsar,Pod,3738,17,0.0045
30,Gurgaon,Pod,102202,33,0.0003
30,Chandigarh,Sourcing,42924,21,0.0005
30,Surat,CX,10977,23,0.0021
30,Ambala,Sourcing,3021,6,0.002
30,Faridabad,Pod,15066,7,0.0005
30,Bhubaneswar,WH,45956,6,0.0001
30,Vijayawada,WH,20559,5,0.0002
30,Siliguri,WH,5729,2,0.0003
30,Surat,Pod,10977,60,0.0055
30,Lonavla,Pod,1301,7,0.0054
30,Kurnool,Pod,5888,3,0.0005
30,Vadodara,WH,11487,2,0.0002
30,Kollam,WH,10314,1,0.0001
30,Guwahati,Sourcing,12916,1,0.0001
30,Cuddalore,Sourcing,1522,1,0.0007
30,Kolkata,Pod,106384,651,0.0061
30,Mysore,Pod,23777,26,0.0011
30,Nellore,Pod,7950,18,0.0023
30,Madurai,Pod,13862,19,0.0014
30,Karnal,Pod,1754,16,0.0091
30,Thrissur,WH,25236,3,0.0001
30,Erode,Sourcing,4570,3,0.0007
30,Guwahati,CX,12916,30,0.0023
30,Bilaspur,Pod,1811,13,0.0072
30,Raipur,Sourcing,6988,9,0.0013
30,Siliguri,WH,5729,7,0.0012
30,Tirupur,Pod,6717,2,0.0003
30,Bathinda,Pod,1858,2,0.0011
30,Rajkot,Pod,6729,1,0.0001
30,Lonavla,Sourcing,1301,1,0.0008
30,Allahabad,Pod,3592,31,0.0086
30,Nashik,Sourcing,7997,8,0.001
30,Kollam,Pod,10314,14,0.0014
30,Thrissur,CX,25236,15,0.0006
30,Aurangabad,Pod,4197,17,0.0041
30,Kollam,CX,10314,5,0.0005
30,Mangaluru,Sourcing,20359,11,0.0005
30,Bhopal,Sourcing,10695,8,0.0007
30,Dindigul,Pod,1003,3,0.003
30,Patna,Sourcing,19132,16,0.0008
30,Coimbatore,Pod,33902,5,0.0001
30,Guntur,Sourcing,13490,9,0.0007
30,Bikaner,Pod,1602,7,0.0044
30,Dindigul,WH,1003,2,0.002
30,Karur,Sourcing,3162,1,0.0003
30,Kakinada,WH,4253,1,0.0002
30,Saharanpur,Sourcing,986,1,0.001
30,Patna,Pod,19132,1,0.0001
30,Panipat,Sourcing,4256,1,0.0002
30,Rajkot,Pod,6729,6,0.0009
30,Bhilai,Sourcing,1668,1,0.0006
30,Pune,Pod,175388,115,0.0007
30,Rajahmundry,Sourcing,4993,1,0.0002
30,Bilaspur,Sourcing,1811,1,0.0006
30,Bareilly,Pod,2257,1,0.0004
30,Siliguri,Pod,5729,44,0.0077
30,Coimbatore,Pod,33902,215,0.0063
30,Bhopal,Pod,10695,70,0.0065
30,Patna,Pod,19132,53,0.0028
30,Nashik,Pod,7997,19,0.0024
30,Guntur,WH,13490,7,0.0005
30,Coimbatore,Sourcing,33902,11,0.0003
30,Coimbatore,WH,33902,9,0.0003
30,Bhubaneswar,Sourcing,45956,6,0.0001
30,Bhubaneswar,Pod,45956,9,0.0002
30,Anantapur,Sourcing,5129,10,0.002
30,Mysore,WH,23777,7,0.0003
30,Tirupur,Sourcing,6717,3,0.0004
30,Ongole,Sourcing,2105,6,0.0029
30,Vizianagaram,Sourcing,1376,2,0.0015
30,Nellore,Sourcing,7950,3,0.0004
30,Jamshedpur,Pod,8740,6,0.0007
30,Vapi,Sourcing,3757,1,0.0003
30,Jamshedpur,Pod,8740,2,0.0002
30,Meerut,Sourcing,5934,1,0.0002
30,Vapi,WH,3757,1,0.0003
30,Bangalore,Sourcing,680343,770,0.0011
30,Chennai,Pod,284393,66,0.0002
30,Meerut,CX,5934,11,0.0019
30,Karur,Pod,3162,9,0.0028
30,Nellore,Sourcing,7950,10,0.0013
30,Trichy,CX,10960,13,0.0012
30,Nashik,Pod,7997,37,0.0046
30,Jabalpur,Sourcing,4284,4,0.0009
30,Nagercoil,CX,4805,2,0.0004
30,Kottayam,Sourcing,6759,5,0.0007
30,Aurangabad,Sourcing,4197,4,0.001
30,Manipal,WH,8512,3,0.0004
30,Lonavla,WH,1301,1,0.0008
30,Jabalpur,WH,4284,1,0.0002
30,Saharanpur,Pod,986,2,0.002
30,Kottayam,Sourcing,6759,1,0.0001
30,Muzaffarpur,WH,1788,1,0.0006
30,Saharanpur,Sourcing,986,1,0.001
30,Mathura,Pod,2171,1,0.0005
30,Tirupati,Sourcing,12600,1,0.0001
30,Pondicherry,Sourcing,12432,1,0.0001
30,Davanagere,Pod,1919,1,0.0005
30,Vadodara,Sourcing,11487,1,0.0001
30,Faridabad,Sourcing,15066,20,0.0013
30,Hyderabad,Sourcing,338046,420,0.0012
30,Ahmedabad,Pod,36390,239,0.0066
30,Coimbatore,Sourcing,33902,23,0.0007
30,Warangal,Pod,10521,81,0.0077
30,Karur,CX,3162,4,0.0013
30,Jabalpur,Sourcing,4284,5,0.0012
30,Noida,Sourcing,30260,38,0.0013
30,Sonipat,Sourcing,2256,3,0.0013
30,Mangaluru,Sourcing,20359,10,0.0005
30,Bhopal,Pod,10695,2,0.0002
30,Jalandhar,Pod,3561,3,0.0008
30,Surat,Sourcing,10977,3,0.0003
30,Thiruvananthapuram,Sourcing,50566,4,0.0001
30,Raipur,Pod,6988,8,0.0011
30,Jabalpur,Sourcing,4284,3,0.0007
30,Rajkot,Sourcing,6729,1,0.0001
30,Kurnool,Sourcing,5888,1,0.0002
30,Berhampur,WH,2060,1,0.0005
30,Kollam,Sourcing,10314,1,0.0001
30,Gwalior,WH,4420,1,0.0002
30,Kanpur,Pod,7021,3,0.0004
30,Noida,WH,30260,50,0.0017
30,Aurangabad,Sourcing,4197,10,0.0024
30,Ranchi,Sourcing,9671,5,0.0005
30,Bhilai,Sourcing,1668,3,0.0018
30,Shivamogga,WH,3670,2,0.0005
30,Central Goa,Pod,38878,3,0.0001
30,Faridabad,Pod,15066,4,0.0003
30,Vellore,Pod,9456,1,0.0001
30,Salem,WH,9867,1,0.0001
30,Jabalpur,Pod,4284,1,0.0002
30,Mangaluru,Pod,20359,1,0
30,Palakkad,WH,5532,1,0.0002
30,Faridabad,Pod,15066,150,0.01
30,Pune,Sourcing,175388,46,0.0003
30,Chennai,Sourcing,284393,79,0.0003
30,Mysore,Sourcing,23777,7,0.0003
30,Kakinada,Sourcing,4253,3,0.0007
30,Chandigarh,WH,42924,12,0.0003
30,Pondicherry,Pod,12432,11,0.0009
30,Kochi,Pod,97868,8,0.0001
30,Meerut,Sourcing,5934,13,0.0022
30,Kota,WH,1551,3,0.0019
30,Kolhapur,CX,2891,5,0.0017
30,Faridabad,WH,15066,2,0.0001
30,Thoothukudi,Sourcing,6174,3,0.0005
30,Kurnool,WH,5888,2,0.0003
30,Ujjain,Sourcing,2512,2,0.0008
30,Kolhapur,Sourcing,2891,2,0.0007
30,Aurangabad,Pod,4197,1,0.0002
30,Jaipur,Sourcing,41496,1,0
30,Karnal,Sourcing,1754,1,0.0006
30,Ongole,Sourcing,2105,2,0.001
30,Kannur,Sourcing,2430,1,0.0004
30,Hyderabad,CX,338046,997,0.0029
30,Panipat,Sourcing,4256,3,0.0007
30,Raipur,Pod,6988,71,0.0102
30,Tumakuru,Pod,3872,12,0.0031
30,Guwahati,Pod,12916,115,0.0089
30,Ambala,Pod,3021,19,0.0063
30,Kurnool,Pod,5888,22,0.0037
30,Patiala,Sourcing,4328,4,0.0009
30,Cuddalore,CX,1522,2,0.0013
30,Silchar,WH,5124,5,0.001
30,Coimbatore,WH,33902,8,0.0002
30,Manipal,CX,8512,12,0.0014
30,Rohtak,Sourcing,4185,5,0.0012
30,Warangal,WH,10521,8,0.0008
30,Vijayawada,Pod,20559,5,0.0002
30,Raipur,WH,6988,6,0.0009
30,Jamshedpur,Sourcing,8740,3,0.0003
30,Kottayam,WH,6759,1,0.0001
30,Karnal,WH,1754,1,0.0006
30,Bhilai,WH,1668,1,0.0006
30,Vizag,Sourcing,25920,24,0.0009
30,Belgaum,CX,3550,5,0.0014
30,Patna,Sourcing,19132,32,0.0017
30,Nagpur,CX,12942,23,0.0018
30,Ludhiana,Pod,11844,51,0.0043
30,Kota,Pod,1551,2,0.0013
30,Rajahmundry,Pod,4993,22,0.0044
30,Bhubaneswar,Sourcing,45956,26,0.0006
30,Roorkee,Pod,1515,13,0.0086
30,Kochi,Sourcing,97868,16,0.0002
30,Cuttack,Pod,6085,3,0.0005
30,Dibrugarh,CX,2699,7,0.0026
30,Siliguri,Sourcing,5729,2,0.0003
30,Thoothukudi,Pod,6174,2,0.0003
30,Varanasi,Pod,10435,3,0.0003
30,Bikaner,Pod,1602,3,0.0019
30,Allahabad,Sourcing,3592,2,0.0006
30,Kolhapur,WH,2891,1,0.0003
30,Bhopal,WH,10695,1,0.0001
30,Saharanpur,CX,986,2,0.002
30,Latur,WH,1131,1,0.0009
30,Berhampur,WH,2060,1,0.0005
30,Vellore,Sourcing,9456,1,0.0001
30,Vizag,Sourcing,25920,8,0.0003
30,Trichy,Pod,10960,70,0.0064
30,Thiruvananthapuram,CX,50566,50,0.001
30,Guntur,Pod,13490,69,0.0051
30,Kolkata,Sourcing,106384,53,0.0005
30,Kanchipuram,CX,3907,11,0.0028
30,Vadodara,Sourcing,11487,3,0.0003
30,Ambala,CX,3021,14,0.0046
30,Kota,Sourcing,1551,4,0.0026
30,Indore,Sourcing,16612,5,0.0003
30,Alappuzha,CX,4100,4,0.001
30,Anantapur,WH,5129,4,0.0008
30,Bhimavaram,Pod,1270,2,0.0016
30,Tirupati,WH,12600,8,0.0006
30,Jodhpur,Sourcing,3002,2,0.0007
30,Jodhpur,Pod,3002,2,0.0007
30,Guntur,Sourcing,13490,5,0.0004
30,Patiala,Pod,4328,3,0.0007
30,Rohtak,Sourcing,4185,2,0.0005
30,Kannur,Sourcing,2430,1,0.0004
30,Kochi,Pod,97868,20,0.0002
30,Thanjavur,Sourcing,6651,2,0.0003
30,Amritsar,WH,3738,1,0.0003
30,Bhilai,Sourcing,1668,3,0.0018
30,Udaipur,WH,7042,3,0.0004
30,Trichy,WH,10960,1,0.0001
30,Mumbai,CX,380516,1047,0.0028
30,Noida,CX,30260,110,0.0036
30,Gurgaon,CX,102202,285,0.0028
30,Gurgaon,WH,102202,93,0.0009
30,Bangalore,Pod,680343,141,0.0002
30,Manipal,Pod,8512,34,0.004
30,Ahmedabad,WH,36390,9,0.0002
30,Bhilai,CX,1668,13,0.0078
30,Meerut,Sourcing,5934,4,0.0007
30,Rohtak,Pod,4185,10,0.0024
30,Warangal,Pod,10521,3,0.0003
30,Rudrapur,Sourcing,1686,2,0.0012
30,Hubli,CX,3311,6,0.0018
30,Belgaum,Pod,3550,10,0.0028
30,Madurai,Sourcing,13862,3,0.0002
30,Udaipur,Pod,7042,2,0.0003
30,Rohtak,WH,4185,4,0.001
30,Tirunelveli,WH,7133,3,0.0004
30,Ahmedabad,Sourcing,36390,3,0.0001
30,Vadodara,Pod,11487,5,0.0004
30,Rajahmundry,WH,4993,1,0.0002
30,Davanagere,Sourcing,1919,2,0.001
30,Madurai,WH,13862,1,0.0001
30,Mumbai,WH,380516,134,0.0004
30,Gurgaon,Sourcing,102202,69,0.0007
30,Kochi,Sourcing,97868,79,0.0008
30,Mysore,Pod,23777,4,0.0002
30,Lucknow,WH,23888,9,0.0004
30,Gorakhpur,Pod,4026,15,0.0037
30,Panipat,WH,4256,6,0.0014
30,Kottayam,Sourcing,6759,2,0.0003
30,Palakkad,Pod,5532,5,0.0009
30,Ambala,Sourcing,3021,4,0.0013
30,Indore,Sourcing,16612,18,0.0011
30,Patna,Pod,19132,10,0.0005
30,Aurangabad,CX,4197,6,0.0014
30,Shivamogga,Sourcing,3670,2,0.0005
30,Lucknow,Sourcing,23888,11,0.0005
30,Roorkee,CX,1515,9,0.0059
30,Eluru,CX,1579,4,0.0025
30,Kottayam,Pod,6759,12,0.0018
30,Surat,Pod,10977,2,0.0002
30,Ambala,Pod,3021,1,0.0003
30,Jalandhar,WH,3561,1,0.0003
30,Bareilly,WH,2257,1,0.0004
30,Udaipur,Pod,7042,2,0.0003
30,Mumbai,Pod,380516,1,0
30,Cuddalore,Pod,1522,1,0.0007
30,Vellore,WH,9456,4,0.0004
30,Dehradun,Pod,12663,1,0.0001
30,Belgaum,WH,3550,1,0.0003
30,Muzaffarpur,WH,1788,1,0.0006
30,Karimnagar,Pod,3718,2,0.0005
30,Nagpur,WH,12942,8,0.0006
30,Kochi,Pod,97868,360,0.0037
30,Vizag,Pod,25920,177,0.0068
30,Anantapur,CX,5129,15,0.0029
30,Cuttack,CX,6085,10,0.0016
30,Vijayawada,Sourcing,20559,19,0.0009
30,Anantapur,Pod,5129,23,0.0045
30,Kottayam,CX,6759,4,0.0006
30,Siliguri,Sourcing,5729,3,0.0005
30,Anand,CX,1500,6,0.004
30,Tumakuru,CX,3872,3,0.0008
30,Trichy,Pod,10960,3,0.0003
30,Thoothukudi,WH,6174,2,0.0003
30,Sonipat,WH,2256,2,0.0009
30,Thrissur,Pod,25236,8,0.0003
30,Pondicherry,CX,12432,23,0.0019
30,Delhi,Sourcing,195615,169,0.0009
30,Bhilai,Pod,1668,18,0.0108
30,Guwahati,Sourcing,12916,14,0.0011
30,Kolkata,Pod,106384,39,0.0004
30,Kolkata,WH,106384,40,0.0004
30,Salem,CX,9867,11,0.0011
30,Siliguri,CX,5729,22,0.0038
30,Rajkot,CX,6729,14,0.0021
30,Kozhikode,Pod,16597,30,0.0018
30,Nellore,WH,7950,7,0.0009
30,Mathura,Pod,2171,4,0.0018
30,Sonipat,CX,2256,5,0.0022
30,Mangaluru,Sourcing,20359,2,0.0001
30,Tirunelveli,CX,7133,4,0.0006
30,Thanjavur,Pod,6651,1,0.0002
30,Bilaspur,Pod,1811,1,0.0006
30,Roorkee,WH,1515,1,0.0007
30,Nagercoil,Sourcing,4805,2,0.0004
30,Kurnool,Sourcing,5888,3,0.0005
30,Jodhpur,Sourcing,3002,2,0.0007
30,Thiruvallur,Pod,1020,1,0.001
30,Bhopal,Sourcing,10695,1,0.0001
30,Gurgaon,Pod,102202,1,0
30,Nizamabad,Sourcing,1716,1,0.0006
30,Guntur,WH,13490,6,0.0004
30,Vizag,Pod,25920,16,0.0006
30,Central Goa,CX,38878,67,0.0017
30,Amravati,CX,1839,4,0.0022
30,Davanagere,Pod,1919,8,0.0042
30,Patna,Sourcing,19132,22,0.0012
30,Thiruvananthapuram,Sourcing,50566,31,0.0006
30,Chandigarh,Pod,42924,19,0.0004
30,Vizianagaram,Pod,1376,5,0.0036
30,Vellore,Sourcing,9456,7,0.0007
30,Palakkad,CX,5532,3,0.0005
30,Khammam,Sourcing,5812,5,0.0009
30,Jalandhar,Sourcing,3561,3,0.0008
30,Jamshedpur,WH,8740,4,0.0005
30,Udaipur,Sourcing,7042,3,0.0004
30,Nashik,WH,7997,3,0.0004
30,Agra,Pod,3766,2,0.0005
30,Ludhiana,Pod,11844,2,0.0002
30,Palakkad,Sourcing,5532,1,0.0002
30,Karaikkudi,Sourcing,2922,1,0.0003
30,Latur,CX,1131,4,0.0035
30,Nagercoil,Sourcing,4805,1,0.0002
30,Saharanpur,WH,986,1,0.001
30,Thanjavur,Pod,6651,1,0.0002
30,Nashik,Sourcing,7997,2,0.0003
30,Sri Ganganagar,WH,3382,2,0.0006
30,Varanasi,CX,10435,10,0.001
30,Patna,Pod,19132,146,0.0076
30,Varanasi,Sourcing,10435,5,0.0005
30,Guntur,Sourcing,13490,16,0.0012
30,Tirunelveli,Sourcing,7133,4,0.0006
30,Rajkot,WH,6729,4,0.0006
30,Vapi,CX,3757,9,0.0024
30,Vellore,Pod,9456,2,0.0002
30,Silchar,WH,5124,1,0.0002
30,Vijayawada,Sourcing,20559,1,0
30,Thiruvalla,Pod,6914,1,0.0001
30,Anand,Sourcing,1500,1,0.0007
30,Gwalior,Sourcing,4420,3,0.0007
30,Guntur,Pod,13490,7,0.0005
30,Amritsar,Sourcing,3738,1,0.0003
30,Kakinada,Sourcing,4253,4,0.0009
30,Warangal,WH,10521,10,0.001
30,Delhi,CX,195615,441,0.0023
30,Udaipur,WH,7042,5,0.0007
30,Hyderabad,WH,338046,114,0.0003
30,Noida,WH,30260,15,0.0005
30,Bhubaneswar,CX,45956,100,0.0022
30,Panipat,Pod,4256,26,0.0061
30,Jodhpur,Pod,3002,37,0.0123
30,Tirunelveli,Pod,7133,44,0.0062
30,Pune,WH,175388,34,0.0002
30,Tumakuru,Sourcing,3872,5,0.0013
30,Kozhikode,CX,16597,10,0.0006
30,Thiruvananthapuram,Pod,50566,19,0.0004
30,Ambala,Sourcing,3021,2,0.0007
30,Kozhikode,WH,16597,2,0.0001
30,Kakinada,Pod,4253,27,0.0063
30,Hosur,Sourcing,602,4,0.0066
30,Palakkad,Sourcing,5532,2,0.0004
30,Kozhikode,Sourcing,16597,2,0.0001
30,Khammam,Sourcing,5812,1,0.0002
30,Thrissur,WH,25236,6,0.0002
30,Thiruvallur,Sourcing,1020,1,0.001
30,Jodhpur,Pod,3002,1,0.0003
30,Khammam,Sourcing,5812,1,0.0002
30,Lucknow,Sourcing,23888,12,0.0005
30,Bhubaneswar,Pod,45956,278,0.006
30,Mumbai,Sourcing,380516,462,0.0012
30,Vizag,WH,25920,22,0.0008
30,Moradabad,Sourcing,2756,3,0.0011
30,Noida 1,Pod,74016,39,0.0005
30,Khammam,Pod,5812,30,0.0052
30,Ajmer,Sourcing,3043,10,0.0033
30,Udaipur,CX,7042,19,0.0027
30,Kolkata,Sourcing,106384,22,0.0002
30,Trichy,Sourcing,10960,7,0.0006
30,Thiruvananthapuram,WH,50566,13,0.0003
30,Vijayawada,Sourcing,20559,4,0.0002
30,Lucknow,WH,23888,7,0.0003
30,Thiruvalla,Sourcing,6914,2,0.0003
30,Kanchipuram,Pod,3907,1,0.0003
30,Dehradun,Pod,12663,7,0.0006
30,Anand,WH,1500,1,0.0007
30,Mathura,Sourcing,2171,1,0.0005
30,Gorakhpur,WH,4026,1,0.0002
30,Bangalore,Pod,680343,3179,0.0047
30,Noida 1,Sourcing,74016,104,0.0014
30,Karur,Pod,3162,3,0.0009
30,Pune,Sourcing,175388,135,0.0008
30,Mangaluru,WH,20359,8,0.0004
30,Muzaffarpur,Pod,1788,6,0.0034
30,Palakkad,Pod,5532,9,0.0016
30,Meerut,Sourcing,5934,3,0.0005
30,Mangaluru,Sourcing,20359,14,0.0007
30,Nellore,WH,7950,8,0.001
30,Cuttack,Sourcing,6085,4,0.0007
30,Alappuzha,Pod,4100,6,0.0015
30,Jamshedpur,Sourcing,8740,8,0.0009
30,Amritsar,Sourcing,3738,3,0.0008
30,Moradabad,CX,2756,3,0.0011
30,Kakinada,Sourcing,4253,3,0.0007
30,Cuddalore,WH,1522,1,0.0007
30,Davanagere,Sourcing,1919,1,0.0005
30,Gorakhpur,Sourcing,4026,1,0.0002
30,Palakkad,Sourcing,5532,1,0.0002
30,Shivamogga,Pod,3670,1,0.0003
30,Gorakhpur,Pod,4026,1,0.0002
30,Indore,Pod,16612,107,0.0064
30,Kurnool,Sourcing,5888,4,0.0007
30,Kolkata,Sourcing,106384,89,0.0008
30,Meerut,Pod,5934,20,0.0034
30,Gwalior,CX,4420,36,0.0081
30,Guwahati,Sourcing,12916,12,0.0009
30,Mysore,WH,23777,7,0.0003
30,Thiruvananthapuram,Pod,50566,18,0.0004
30,Jabalpur,Pod,4284,17,0.004
30,Guwahati,WH,12916,2,0.0002
30,Thrissur,Sourcing,25236,13,0.0005
30,Sri Ganganagar,CX,3382,5,0.0015
30,Indore,WH,16612,5,0.0003
30,Ludhiana,Sourcing,11844,9,0.0008
31,Kannur,Pod,2478,1,0.0004
31,Trichy,Pod,11048,1,0.0001
31,Karnal,Sourcing,1723,1,0.0006
31,Thiruvalla,Pod,7015,1,0.0001
31,Bhilai,CX,1639,3,0.0018
31,Karnal,WH,1723,1,0.0006
31,Jodhpur,Pod,2859,1,0.0004
31,Delhi,Sourcing,196679,213,0.0011
31,Gurgaon,CX,103145,276,0.0027
31,Mumbai,Pod,358806,77,0.0002
31,Erode,Pod,4568,29,0.0063
31,Noida 1,CX,75255,173,0.0023
31,Ujjain,Pod,2530,37,0.0146
31,Karnal,Pod,1723,18,0.0104
31,Indore,Sourcing,15971,9,0.0006
31,Siliguri,Pod,5889,30,0.0051
31,Thrissur,CX,26323,14,0.0005
31,Madurai,WH,14084,4,0.0003
31,Dehradun,Pod,12515,6,0.0005
31,Meerut,Pod,6260,9,0.0014
31,Vijayawada,Pod,21983,9,0.0004
31,Vijayawada,Pod,21983,4,0.0002
31,Rudrapur,CX,1594,5,0.0031
31,Rudrapur,Sourcing,1594,1,0.0006
31,Jalandhar,WH,3767,1,0.0003
31,Kakinada,WH,4318,1,0.0002
31,Aligarh,WH,3161,1,0.0003
31,Kochi,Pod,101476,25,0.0002
31,Trichy,Pod,11048,4,0.0004
31,Delhi,Sourcing,196679,7,0
31,Delhi,Pod,196679,68,0.0003
31,Kochi,Sourcing,101476,91,0.0009
31,Amritsar,CX,4588,10,0.0022
31,Karnal,CX,1723,5,0.0029
31,Noida 1,Sourcing,75255,92,0.0012
31,Palakkad,Pod,5726,11,0.0019
31,Vellore,CX,10026,16,0.0016
31,Thiruvananthapuram,Sourcing,52390,9,0.0002
31,Warangal,Pod,11733,2,0.0002
31,Bhubaneswar,Pod,46795,11,0.0002
31,Thoothukudi,Pod,6487,1,0.0002
31,Rajkot,Sourcing,5099,4,0.0008
31,Chennai,Pod,278329,54,0.0002
31,Kolkata,CX,113685,355,0.0031
31,Mumbai,CX,358806,936,0.0026
31,Ujjain,CX,2530,14,0.0055
31,Jaipur,Sourcing,41989,22,0.0005
31,Jamshedpur,Pod,8840,52,0.0059
31,Chandigarh,WH,41871,22,0.0005
31,Mysore,WH,31318,11,0.0004
31,Lucknow,WH,23205,9,0.0004
31,Karaikkudi,CX,2952,5,0.0017
31,Thiruvalla,Sourcing,7015,2,0.0003
31,Jodhpur,WH,2859,1,0.0004
31,Patiala,Pod,4771,2,0.0004
31,Kanchipuram,Sourcing,3859,1,0.0003
31,Cuddalore,Sourcing,1667,1,0.0006
31,Berhampur,Sourcing,2365,2,0.0008
31,Mysore,Sourcing,31318,1,0
31,Udaipur,Sourcing,7016,2,0.0003
31,Hubli,Pod,3074,1,0.0003
31,Varanasi,Sourcing,10741,3,0.0003
31,Hyderabad,WH,345583,159,0.0005
31,Kochi,CX,101476,146,0.0014
31,Pondicherry,Sourcing,12616,11,0.0009
31,Noida,WH,30565,48,0.0016
31,Surat,Pod,11535,51,0.0044
31,Vadodara,Pod,13247,87,0.0066
31,Noida 1,WH,75255,94,0.0012
31,Dehradun,Sourcing,12515,11,0.0009
31,Kurnool,Pod,6538,22,0.0034
31,Muzaffarpur,Sourcing,1768,4,0.0023
31,Ahmedabad,WH,53946,11,0.0002
31,Faridabad,Sourcing,14106,6,0.0004
31,Bikaner,CX,1568,8,0.0051
31,Khammam,Pod,6074,3,0.0005
31,Kolhapur,Sourcing,3034,5,0.0016
31,Dehradun,Sourcing,12515,4,0.0003
31,Dibrugarh,CX,3265,6,0.0018
31,Tirupur,Sourcing,6677,2,0.0003
31,Bhopal,WH,10213,6,0.0006
31,Vizianagaram,WH,1476,1,0.0007
31,Karur,Sourcing,3307,1,0.0003
31,Karur,CX,3307,2,0.0006
31,Faridabad,Sourcing,14106,1,0.0001
31,Tirupur,Sourcing,6677,1,0.0002
31,Dibrugarh,WH,3265,2,0.0006
31,Thiruvalla,WH,7015,1,0.0001
31,Silchar,WH,5549,2,0.0004
31,Bangalore,WH,682288,626,0.0009
31,Tirupur,Pod,6677,53,0.0079
31,Kollam,WH,10607,6,0.0006
31,Lucknow,Sourcing,23205,8,0.0003
31,Jaipur,Sourcing,41989,20,0.0005
31,Gorakhpur,Sourcing,3826,3,0.0008
31,Noida 1,Pod,75255,31,0.0004
31,Cuddalore,Pod,1667,8,0.0048
31,Jodhpur,CX,2859,21,0.0073
31,Dibrugarh,Pod,3265,11,0.0034
31,Nashik,WH,7667,4,0.0005
31,Manipal,Pod,8693,12,0.0014
31,Rohtak,WH,4505,6,0.0013
31,Rajahmundry,WH,5320,2,0.0004
31,Coimbatore,WH,34883,5,0.0001
31,Kozhikode,Sourcing,17163,7,0.0004
31,Trichy,WH,11048,3,0.0003
31,Saharanpur,Pod,976,4,0.0041
31,Bhubaneswar,Sourcing,46795,3,0.0001
31,Ajmer,Pod,3123,1,0.0003
31,Ajmer,WH,3123,1,0.0003
31,Allahabad,Sourcing,3290,1,0.0003
31,Bareilly,Sourcing,2161,3,0.0014
31,Jamshedpur,WH,8840,6,0.0007
31,Coimbatore,CX,34883,89,0.0026
31,Kolkata,Pod,113685,59,0.0005
31,Coimbatore,Sourcing,34883,40,0.0011
31,Vizag,Pod,27374,13,0.0005
31,Aurangabad,Pod,4123,42,0.0102
31,Trichy,Pod,11048,69,0.0062
31,Vijayawada,Sourcing,21983,8,0.0004
31,Madurai,Sourcing,14084,11,0.0008
31,Jamshedpur,Sourcing,8840,7,0.0008
31,Trichy,CX,11048,19,0.0017
31,Allahabad,CX,3290,9,0.0027
31,Bhimavaram,Sourcing,1369,3,0.0022
31,Cuttack,Sourcing,6625,2,0.0003
31,Nellore,Pod,8149,3,0.0004
31,Aurangabad,Pod,4123,2,0.0005
31,Guntur,Sourcing,13991,4,0.0003
31,Coimbatore,Sourcing,34883,2,0.0001
31,Nagercoil,WH,4977,1,0.0002
31,Bhilai,WH,1639,1,0.0006
31,Kurnool,Sourcing,6538,2,0.0003
31,Khammam,Pod,6074,1,0.0002
31,Karaikkudi,Sourcing,2952,1,0.0003
31,Erode,WH,4568,1,0.0002
31,Bikaner,Pod,1568,1,0.0006
31,Rohtak,Sourcing,4505,1,0.0002
31,Udaipur,Pod,7016,3,0.0004
31,Vadodara,WH,13247,2,0.0002
31,Ranchi,Pod,10713,38,0.0035
31,Chennai,Pod,278329,2392,0.0086
31,Mysore,Pod,31318,102,0.0033
31,Jalandhar,Pod,3767,25,0.0066
31,Kozhikode,Pod,17163,27,0.0016
31,Central Goa,Pod,41648,22,0.0005
31,Bathinda,CX,1993,8,0.004
31,Nagercoil,Sourcing,4977,2,0.0004
31,Amritsar,Pod,4588,2,0.0004
31,Kollam,CX,10607,4,0.0004
31,Khammam,Sourcing,6074,4,0.0007
31,Ujjain,Sourcing,2530,3,0.0012
31,Thoothukudi,WH,6487,2,0.0003
31,Raipur,Pod,7201,3,0.0004
31,Khammam,WH,6074,1,0.0002
31,Jabalpur,Sourcing,4445,1,0.0002
31,Nagpur,Sourcing,11614,1,0.0001
31,Vellore,WH,10026,1,0.0001
31,Alappuzha,Pod,4358,3,0.0007
31,Kozhikode,Sourcing,17163,1,0.0001
31,Manipal,Sourcing,8693,1,0.0001
31,Sri Ganganagar,Pod,3530,2,0.0006
31,Berhampur,WH,2365,1,0.0004
31,Delhi,Sourcing,196679,258,0.0013
31,Madurai,Pod,14084,17,0.0012
31,Panipat,Pod,4845,3,0.0006
31,Ludhiana,Pod,12405,59,0.0048
31,Chandigarh,Sourcing,41871,38,0.0009
31,Shivamogga,Pod,3611,13,0.0036
31,Gurgaon,Sourcing,103145,72,0.0007
31,Noida,Pod,30565,19,0.0006
31,Tirupur,CX,6677,7,0.001
31,Rohtak,Pod,4505,48,0.0107
31,Vizag,Sourcing,27374,31,0.0011
31,Tirunelveli,CX,7142,13,0.0018
31,Patna,WH,24184,7,0.0003
31,Kanchipuram,WH,3859,2,0.0005
31,Madurai,Sourcing,14084,5,0.0004
31,Vellore,Sourcing,10026,7,0.0007
31,Ongole,Pod,2103,4,0.0019
31,Pune,Pod,165844,5,0
31,Salem,Sourcing,9983,1,0.0001
31,Gurgaon,Sourcing,103145,1,0
31,Alappuzha,WH,4358,1,0.0002
31,Lucknow,Sourcing,23205,25,0.0011
31,Noida,Sourcing,30565,46,0.0015
31,Patna,Pod,24184,156,0.0065
31,Kanpur,CX,6542,10,0.0015
31,Raipur,CX,7201,21,0.0029
31,Meerut,Sourcing,6260,29,0.0046
31,Mangaluru,WH,21533,11,0.0005
31,Central Goa,CX,41648,98,0.0024
31,Kolhapur,Sourcing,3034,3,0.001
31,Dindigul,Pod,1107,4,0.0036
31,Thrissur,Sourcing,26323,2,0.0001
31,Hosur,WH,627,1,0.0016
31,Gwalior,Pod,4761,1,0.0002
31,Kolhapur,Pod,3034,1,0.0003
31,Karur,WH,3307,1,0.0003
31,Ongole,Sourcing,2103,1,0.0005
31,Bhopal,Pod,10213,1,0.0001
31,Surat,Pod,11535,2,0.0002
31,Pondicherry,Sourcing,12616,1,0.0001
31,Amravati,WH,1794,1,0.0006
31,Jabalpur,Pod,4445,11,0.0025
31,Jabalpur,CX,4445,6,0.0014
31,Vapi,Sourcing,4852,7,0.0014
31,Ajmer,CX,3123,6,0.0019
31,Thanjavur,Sourcing,6911,4,0.0006
31,Karur,Sourcing,3307,3,0.0009
31,Nagercoil,Sourcing,4977,3,0.0006
31,Latur,CX,1131,7,0.0062
31,Patiala,Pod,4771,29,0.0061
31,Mysore,Sourcing,31318,17,0.0005
31,Rajkot,Sourcing,5099,4,0.0008
31,Guntur,Pod,13991,3,0.0002
31,Chennai,Pod,278329,2,0
31,Aurangabad,Sourcing,4123,3,0.0007
31,Anantapur,WH,5508,1,0.0002
31,Thiruvalla,Pod,7015,1,0.0001
31,Nellore,Pod,8149,1,0.0001
31,Jaipur,Sourcing,41989,1,0
31,Bikaner,WH,1568,4,0.0026
31,Kanpur,Pod,6542,3,0.0005
31,Mumbai,WH,358806,96,0.0003
31,Bangalore,WH,682288,391,0.0006
31,Noida,Sourcing,30565,70,0.0023
31,Meerut,Pod,6260,32,0.0051
31,Indore,Pod,15971,88,0.0055
31,Ambala,Pod,3169,30,0.0095
31,Mathura,Sourcing,2062,2,0.001
31,Ajmer,Pod,3123,8,0.0026
31,Pondicherry,Pod,12616,21,0.0017
31,Guntur,WH,13991,12,0.0009
31,Kottayam,Sourcing,6799,3,0.0004
31,Trichy,Sourcing,11048,3,0.0003
31,Rajahmundry,Pod,5320,3,0.0006
31,Raipur,Pod,7201,5,0.0007
31,Ujjain,WH,2530,2,0.0008
31,Kakinada,Sourcing,4318,3,0.0007
31,Erode,Sourcing,4568,2,0.0004
31,Mangaluru,Sourcing,21533,4,0.0002
31,Cuttack,Pod,6625,2,0.0003
31,Anand,Sourcing,1873,1,0.0005
31,Nashik,Pod,7667,3,0.0004
31,Berhampur,Sourcing,2365,1,0.0004
31,Bhilai,WH,1639,1,0.0006
31,Nizamabad,Pod,2205,1,0.0005
31,Erode,Sourcing,4568,1,0.0002
31,Agra,CX,3619,4,0.0011
31,Karimnagar,Sourcing,4724,1,0.0002
31,Delhi,CX,196679,479,0.0024
31,Bangalore,Sourcing,682288,401,0.0006
31,Chennai,Sourcing,278329,282,0.001
31,Pondicherry,WH,12616,9,0.0007
31,Kolkata,Sourcing,113685,53,0.0005
31,Jaipur,Pod,41989,22,0.0005
31,Salem,CX,9983,18,0.0018
31,Nagpur,CX,11614,19,0.0016
31,Vijayawada,CX,21983,44,0.002
31,Nagpur,WH,11614,5,0.0004
31,Guntur,Sourcing,13991,12,0.0009
31,Amravati,Pod,1794,12,0.0067
31,Roorkee,Sourcing,1516,4,0.0026
31,Ludhiana,WH,12405,5,0.0004
31,Manipal,Sourcing,8693,2,0.0002
31,Dehradun,WH,12515,3,0.0002
31,Eluru,WH,1578,1,0.0006
31,Muzaffarpur,WH,1768,1,0.0006
31,Silchar,Pod,5549,1,0.0002
31,Salem,Pod,9983,1,0.0001
31,Ujjain,Pod,2530,1,0.0004
31,Davanagere,Pod,2104,1,0.0005
31,Jabalpur,Pod,4445,2,0.0005
31,Salem,Sourcing,9983,1,0.0001
31,Jamshedpur,WH,8840,2,0.0002
31,Tirupati,Sourcing,13383,1,0.0001
31,Bangalore,Sourcing,682288,827,0.0012
31,Aligarh,Pod,3161,19,0.006
31,Dehradun,Pod,12515,74,0.0059
31,Noida 1,Pod,75255,191,0.0025
31,Jalandhar,Sourcing,3767,5,0.0013
31,Central Goa,Sourcing,41648,54,0.0013
31,Bhubaneswar,Sourcing,46795,26,0.0006
31,Nashik,Sourcing,7667,5,0.0007
31,Mysore,Sourcing,31318,22,0.0007
31,Ahmedabad,Sourcing,53946,40,0.0007
31,Madurai,Sourcing,14084,6,0.0004
31,Jalandhar,Pod,3767,4,0.0011
31,Kozhikode,WH,17163,5,0.0003
31,Gwalior,Pod,4761,3,0.0006
31,Siliguri,Sourcing,5889,2,0.0003
31,Varanasi,WH,10741,2,0.0002
31,Erode,Pod,4568,2,0.0004
31,Kanpur,WH,6542,2,0.0003
31,Karnal,Sourcing,1723,1,0.0006
31,Karaikkudi,Pod,2952,1,0.0003
31,Khammam,Sourcing,6074,1,0.0002
31,Delhi,Pod,196679,3,0
31,Hubli,Sourcing,3074,1,0.0003
31,Roorkee,WH,1516,1,0.0007
31,Varanasi,Pod,10741,52,0.0048
31,Patna,Sourcing,24184,14,0.0006
31,Mysore,WH,31318,14,0.0004
31,Guwahati,Sourcing,14253,21,0.0015
31,Trichy,Sourcing,11048,11,0.001
31,Tumakuru,Sourcing,4007,2,0.0005
31,Nashik,WH,7667,6,0.0008
31,Dehradun,WH,12515,2,0.0002
31,Panipat,Sourcing,4845,2,0.0004
31,Dibrugarh,Sourcing,3265,4,0.0012
31,Pondicherry,Pod,12616,4,0.0003
31,Mysore,Pod,31318,2,0.0001
31,Gwalior,Sourcing,4761,3,0.0006
31,Kolhapur,Sourcing,3034,2,0.0007
31,Varanasi,WH,10741,1,0.0001
31,Jamshedpur,Sourcing,8840,1,0.0001
31,Thrissur,WH,26323,1,0
31,Kolkata,Pod,113685,422,0.0037
31,Kochi,WH,101476,17,0.0002
31,Kochi,Pod,101476,373,0.0037
31,Vijayawada,WH,21983,15,0.0007
31,Panipat,Pod,4845,44,0.0091
31,Pune,Pod,165844,43,0.0003
31,Ludhiana,Pod,12405,23,0.0019
31,Vadodara,Sourcing,13247,14,0.0011
31,Khammam,CX,6074,18,0.003
31,Thanjavur,CX,6911,7,0.001
31,Ludhiana,WH,12405,10,0.0008
31,Thiruvananthapuram,Sourcing,52390,5,0.0001
31,Gwalior,Sourcing,4761,8,0.0017
31,Kozhikode,CX,17163,11,0.0006
31,Guwahati,Sourcing,14253,6,0.0004
31,Muzaffarpur,Pod,1768,4,0.0023
31,Cuddalore,WH,1667,2,0.0012
31,Kanchipuram,Pod,3859,1,0.0003
31,Kakinada,WH,4318,1,0.0002
31,Lonavla,Pod,1319,2,0.0015
31,Udaipur,Sourcing,7016,1,0.0001
31,Warangal,Sourcing,11733,1,0.0001
31,Thoothukudi,Sourcing,6487,1,0.0002
31,Davanagere,WH,2104,1,0.0005
31,Noida,Pod,30565,177,0.0058
31,Dehradun,CX,12515,40,0.0032
31,Udaipur,Pod,7016,51,0.0073
31,Meerut,Sourcing,6260,8,0.0013
31,Ongole,Pod,2103,14,0.0067
31,Vadodara,CX,13247,35,0.0026
31,Manipal,WH,8693,5,0.0006
31,Madurai,Sourcing,14084,8,0.0006
31,Muzaffarpur,Pod,1768,6,0.0034
31,Patiala,Sourcing,4771,3,0.0006
31,Bareilly,Pod,2161,8,0.0037
31,Meerut,Sourcing,6260,2,0.0003
31,Noida 1,WH,75255,59,0.0008
31,Lucknow,Pod,23205,75,0.0032
31,Ranchi,WH,10713,2,0.0002
31,Kurnool,WH,6538,6,0.0009
31,Moradabad,CX,2808,2,0.0007
31,Kollam,Pod,10607,17,0.0016
31,Rohtak,Pod,4505,3,0.0007
31,Tirupati,WH,13383,5,0.0004
31,Ranchi,Pod,10713,2,0.0002
31,Guwahati,Pod,14253,11,0.0008
31,Siliguri,Sourcing,5889,3,0.0005
31,Alappuzha,CX,4358,5,0.0011
31,Silchar,Pod,5549,2,0.0004
31,Thanjavur,Sourcing,6911,1,0.0001
31,Kottayam,WH,6799,1,0.0001
31,Thiruvananthapuram,Sourcing,52390,1,0
31,Vellore,Pod,10026,1,0.0001
31,Anand,WH,1873,1,0.0005
31,Lucknow,Sourcing,23205,17,0.0007
31,Aligarh,CX,3161,7,0.0022
31,Thiruvalla,Pod,7015,17,0.0024
31,Central Goa,Sourcing,41648,7,0.0002
31,Vizag,Pod,27374,4,0.0001
31,Lucknow,Sourcing,23205,2,0.0001
31,Tumakuru,Sourcing,4007,3,0.0007
31,Tirupur,Pod,6677,4,0.0006
31,Bathinda,Sourcing,1993,4,0.002
31,Ajmer,Sourcing,3123,2,0.0006
31,Sonipat,WH,2255,4,0.0018
31,Mumbai,Pod,358806,2735,0.0076
31,Thoothukudi,Pod,6487,50,0.0077
31,Warangal,Sourcing,11733,9,0.0008
31,Ahmedabad,CX,53946,150,0.0028
31,Central Goa,Sourcing,41648,13,0.0003
31,Bhubaneswar,WH,46795,13,0.0003
31,Lucknow,CX,23205,29,0.0013
31,Gurgaon,Pod,103145,28,0.0003
31,Nellore,WH,8149,9,0.0011
31,Kanchipuram,Pod,3859,23,0.006
31,Mangaluru,Sourcing,21533,2,0.0001
31,Rajahmundry,Pod,5320,18,0.0034
31,Vizag,WH,27374,8,0.0003
31,Eluru,Sourcing,1578,2,0.0013
31,Guwahati,WH,14253,2,0.0001
31,Sri Ganganagar,Sourcing,3530,2,0.0006
31,Patiala,Sourcing,4771,1,0.0002
31,Bathinda,Pod,1993,1,0.0005
31,Bathinda,Sourcing,1993,1,0.0005
31,Hyderabad,WH,345583,288,0.0008
31,Gurgaon,Pod,103145,781,0.0076
31,Bhubaneswar,Sourcing,46795,12,0.0003
31,Aligarh,Sourcing,3161,15,0.0047
31,Manipal,CX,8693,15,0.0017
31,Bhubaneswar,WH,46795,10,0.0002
31,Bhubaneswar,Pod,46795,14,0.0003
31,Rajahmundry,CX,5320,13,0.0024
31,Mangaluru,WH,21533,7,0.0003
31,Ahmedabad,Pod,53946,8,0.0001
31,Ahmedabad,WH,53946,10,0.0002
31,Palakkad,Sourcing,5726,2,0.0003
31,Vizag,Sourcing,27374,3,0.0001
31,Siliguri,WH,5889,2,0.0003
31,Karimnagar,WH,4724,4,0.0008
31,Moradabad,WH,2808,2,0.0007
31,Nanded,Sourcing,1002,2,0.002
31,Kannur,Sourcing,2478,2,0.0008
31,Bikaner,Sourcing,1568,2,0.0013
31,Ujjain,Sourcing,2530,1,0.0004
31,Hosur,WH,627,1,0.0016
31,Hubli,Sourcing,3074,1,0.0003
31,Latur,WH,1131,1,0.0009
31,Guntur,Pod,13991,3,0.0002
31,Tirunelveli,Pod,7142,37,0.0052
31,Vellore,Pod,10026,40,0.004
31,Muzaffarpur,Pod,1768,15,0.0085
31,Pondicherry,CX,12616,35,0.0028
31,Coimbatore,Pod,34883,204,0.0058
31,Kochi,WH,101476,23,0.0002
31,Bareilly,CX,2161,7,0.0032
31,Vapi,CX,4852,9,0.0019
31,Karimnagar,CX,4724,12,0.0025
31,Bhopal,CX,10213,36,0.0035
31,Kanchipuram,WH,3859,4,0.001
31,Panipat,WH,4845,3,0.0006
31,Central Goa,WH,41648,8,0.0002
31,Jamshedpur,Pod,8840,2,0.0002
31,Jabalpur,Sourcing,4445,2,0.0005
31,Bhopal,Pod,10213,6,0.0006
31,Kakinada,Pod,4318,1,0.0002
31,Panipat,Pod,4845,1,0.0002
31,Rudrapur,Pod,1594,1,0.0006
31,Hyderabad,Sourcing,345583,355,0.001
31,Patna,Sourcing,24184,31,0.0013
31,Anantapur,Pod,5508,29,0.0053
31,Siliguri,CX,5889,14,0.0024
31,Eluru,Pod,1578,4,0.0025
31,Tirupati,Pod,13383,71,0.0053
31,Vijayawada,WH,21983,13,0.0006
31,Cuttack,Pod,6625,15,0.0023
31,Thanjavur,Pod,6911,3,0.0004
31,Shivamogga,WH,3611,3,0.0008
31,Salem,WH,9983,3,0.0003
31,Nizamabad,CX,2205,2,0.0009
31,Nizamabad,WH,2205,1,0.0005
31,Aligarh,Pod,3161,1,0.0003
31,Lonavla,CX,1319,1,0.0008
31,Cuttack,Pod,6625,2,0.0003
31,Agra,Pod,3619,1,0.0003
31,Patiala,WH,4771,3,0.0006
31,Amritsar,Pod,4588,3,0.0007
31,Hyderabad,Pod,345583,3,0
31,Lonavla,Sourcing,1319,1,0.0008
31,Moradabad,Sourcing,2808,1,0.0004
31,Tirupur,WH,6677,1,0.0002
31,Bikaner,WH,1568,1,0.0006
31,Chandigarh,Pod,41871,396,0.0095
31,Bhubaneswar,CX,46795,135,0.0029
31,Nagercoil,Pod,4977,3,0.0006
31,Ahmedabad,Pod,53946,336,0.0062
31,Jodhpur,Pod,2859,32,0.0112
31,Thoothukudi,CX,6487,18,0.0028
31,Shivamogga,CX,3611,9,0.0025
31,Indore,Sourcing,15971,12,0.0008
31,Berhampur,Pod,2365,23,0.0097
31,Khammam,Pod,6074,29,0.0048
31,Mysore,CX,31318,56,0.0018
31,Aurangabad,Sourcing,4123,5,0.0012
31,Rudrapur,Pod,1594,3,0.0019
31,Hosur,CX,627,6,0.0096
31,Coimbatore,Sourcing,34883,7,0.0002
31,Amritsar,Sourcing,4588,2,0.0004
31,Hubli,CX,3074,4,0.0013
31,Kozhikode,WH,17163,1,0.0001
31,Muzaffarpur,WH,1768,1,0.0006
31,Bhimavaram,Sourcing,1369,1,0.0007
31,Shivamogga,Sourcing,3611,2,0.0006
31,Gorakhpur,Sourcing,3826,1,0.0003
31,Karaikkudi,Sourcing,2952,1,0.0003
31,Bangalore,Pod,682288,3037,0.0045
31,Gurgaon,Sourcing,103145,127,0.0012
31,Indore,Sourcing,15971,20,0.0013
31,Bhilai,Pod,1639,21,0.0128
31,Mangaluru,Pod,21533,61,0.0028
31,Udaipur,CX,7016,19,0.0027
31,Karimnagar,Pod,4724,15,0.0032
31,Coimbatore,Pod,34883,6,0.0002
31,Thrissur,WH,26323,5,0.0002
31,Lucknow,WH,23205,7,0.0003
31,Varanasi,Sourcing,10741,4,0.0004
31,Kolhapur,CX,3034,4,0.0013
31,Amritsar,Sourcing,4588,3,0.0007
31,Berhampur,CX,2365,4,0.0017
31,Nashik,Sourcing,7667,2,0.0003
31,Tirupati,Pod,13383,1,0.0001
31,Amravati,Pod,1794,1,0.0006
31,Karur,Pod,3307,1,0.0003
31,Udaipur,WH,7016,2,0.0003
31,Ambala,Pod,3169,2,0.0006
31,Jodhpur,Sourcing,2859,4,0.0014
31,Raipur,Pod,7201,44,0.0061
31,Mangaluru,Pod,21533,17,0.0008
31,Nagpur,Pod,11614,11,0.0009
31,Salem,Sourcing,9983,8,0.0008
31,Amravati,Sourcing,1794,2,0.0011
31,Faridabad,WH,14106,12,0.0009
31,Bhilai,Sourcing,1639,3,0.0018
31,Ludhiana,Sourcing,12405,2,0.0002
31,Bathinda,Pod,1993,18,0.009
31,Bhopal,Sourcing,10213,9,0.0009
31,Warangal,WH,11733,4,0.0003
31,Rohtak,Pod,4505,3,0.0007
31,Thrissur,Pod,26323,5,0.0002
31,Mangaluru,Pod,21533,2,0.0001
31,Ujjain,WH,2530,1,0.0004
31,Mumbai,Sourcing,358806,369,0.001
31,Bangalore,Sourcing,682288,591,0.0009
31,Cuttack,CX,6625,15,0.0023
31,Karur,Pod,3307,5,0.0015
31,Chennai,Sourcing,278329,137,0.0005
31,Noida,Sourcing,30565,30,0.001
31,Trichy,WH,11048,5,0.0005
31,Ongole,WH,2103,5,0.0024
31,Karimnagar,Sourcing,4724,3,0.0006
31,Bareilly,Sourcing,2161,5,0.0023
31,Anand,CX,1873,7,0.0037
31,Agra,Pod,3619,1,0.0003
31,Kota,Pod,1536,1,0.0007
31,Central Goa,Sourcing,41648,1,0
31,Karimnagar,Pod,4724,1,0.0002
31,Ahmedabad,Sourcing,53946,1,0
31,Shivamogga,Pod,3611,1,0.0003
31,Thanjavur,Pod,6911,1,0.0001
31,Bathinda,Pod,1993,4,0.002
31,Delhi,Pod,196679,1374,0.007
31,Pondicherry,Pod,12616,73,0.0058
31,Kolhapur,Pod,3034,21,0.0069
31,Hyderabad,Sourcing,345583,73,0.0002
31,Aurangabad,CX,4123,15,0.0036
31,Bhubaneswar,Pod,46795,234,0.005
31,Kolkata,Sourcing,113685,19,0.0002
31,Trichy,Sourcing,11048,4,0.0004
31,Nashik,Pod,7667,48,0.0063
31,Thrissur,Sourcing,26323,6,0.0002
31,Ambala,Pod,3169,2,0.0006
31,Central Goa,WH,41648,4,0.0001
31,Ranchi,Sourcing,10713,8,0.0007
31,Rajahmundry,WH,5320,3,0.0006
31,Rohtak,WH,4505,2,0.0004
31,Roorkee,Sourcing,1516,1,0.0007
31,Varanasi,Pod,10741,3,0.0003
31,Belgaum,CX,3309,1,0.0003
31,Jamshedpur,Pod,8840,4,0.0005
31,Bhilai,Pod,1639,1,0.0006
31,Sri Ganganagar,Pod,3530,1,0.0003
31,Saharanpur,Sourcing,976,2,0.002
31,Noida,Pod,30565,108,0.0035
31,Panipat,CX,4845,25,0.0052
31,Madurai,CX,14084,26,0.0018
31,Delhi,Sourcing,196679,129,0.0007
31,Bilaspur,Pod,1751,12,0.0069
31,Bhopal,Sourcing,10213,4,0.0004
31,Hubli,Pod,3074,9,0.0029
31,Coimbatore,WH,34883,15,0.0004
31,Ambala,Sourcing,3169,5,0.0016
31,Bhimavaram,CX,1369,5,0.0037
31,Silchar,Sourcing,5549,6,0.0011
31,Moradabad,Sourcing,2808,3,0.0011
31,Gwalior,WH,4761,2,0.0004
31,Tirunelveli,WH,7142,2,0.0003
31,Sonipat,Pod,2255,2,0.0009
31,Khammam,WH,6074,4,0.0007
31,Allahabad,Pod,3290,3,0.0009
31,Manipal,Pod,8693,1,0.0001
31,Erode,Sourcing,4568,1,0.0002
31,Raipur,Sourcing,7201,1,0.0001
31,Roorkee,Pod,1516,14,0.0092
31,Noida,WH,30565,26,0.0009
31,Moradabad,Pod,2808,5,0.0018
31,Belgaum,Pod,3309,10,0.003
31,Tumakuru,Pod,4007,8,0.002
31,Roorkee,CX,1516,5,0.0033
31,Panipat,Sourcing,4845,5,0.001
31,Surat,Sourcing,11535,4,0.0003
31,Mumbai,Pod,358806,2,0
31,Lonavla,Pod,1319,7,0.0053
31,Amritsar,Sourcing,4588,2,0.0004
31,Sonipat,Sourcing,2255,5,0.0022
31,Kannur,Pod,2478,3,0.0012
31,Kochi,Sourcing,101476,6,0.0001
31,Raipur,Sourcing,7201,3,0.0004
31,Rajahmundry,Sourcing,5320,2,0.0004
31,Kollam,Sourcing,10607,1,0.0001
31,Madurai,Pod,14084,2,0.0001
31,Moradabad,Sourcing,2808,1,0.0004
31,Lonavla,Sourcing,1319,1,0.0008
31,Kochi,Sourcing,101476,2,0
31,Vadodara,Pod,13247,1,0.0001
31,Dibrugarh,Pod,3265,2,0.0006
31,Karimnagar,Sourcing,4724,1,0.0002
31,Pune,Pod,165844,1495,0.009
31,Hyderabad,Pod,345583,93,0.0003
31,Tirupati,WH,13383,9,0.0007
31,Chennai,WH,278329,218,0.0008
31,Pune,Sourcing,165844,81,0.0005
31,Palakkad,Pod,5726,9,0.0016
31,Bangalore,Pod,682288,169,0.0002
31,Madurai,WH,14084,7,0.0005
31,Chandigarh,CX,41871,153,0.0037
31,Rajahmundry,Sourcing,5320,3,0.0006
31,Nashik,Sourcing,7667,3,0.0004
31,Vizag,WH,27374,16,0.0006
31,Tirunelveli,Sourcing,7142,8,0.0011
31,Kurnool,Pod,6538,6,0.0009
31,Nellore,Sourcing,8149,8,0.001
31,Khammam,Sourcing,6074,3,0.0005
31,Saharanpur,CX,976,3,0.0031
31,Kottayam,CX,6799,3,0.0004
31,Manipal,Sourcing,8693,2,0.0002
31,Bilaspur,Sourcing,1751,2,0.0011
31,Madurai,Pod,14084,1,0.0001
31,Thanjavur,Sourcing,6911,1,0.0001
31,Kota,WH,1536,1,0.0007
31,Tirupati,Sourcing,13383,1,0.0001
31,Aligarh,WH,3161,4,0.0013
31,Delhi,Pod,196679,77,0.0004
31,Guwahati,Pod,14253,126,0.0088
31,Muzaffarpur,CX,1768,16,0.0091
31,Noida,Sourcing,30565,9,0.0003
31,Meerut,CX,6260,7,0.0011
31,Karaikkudi,Pod,2952,12,0.0041
31,Faridabad,Sourcing,14106,16,0.0011
31,Palakkad,CX,5726,8,0.0014
31,Ludhiana,Sourcing,12405,8,0.0006
31,Meerut,WH,6260,5,0.0008
31,Guwahati,Sourcing,14253,3,0.0002
31,Vijayawada,Sourcing,21983,9,0.0004
31,Thiruvananthapuram,WH,52390,7,0.0001
31,Anantapur,Sourcing,5508,3,0.0005
31,Dindigul,CX,1107,3,0.0027
31,Kollam,Sourcing,10607,1,0.0001
31,Rajkot,WH,5099,3,0.0006
31,Allahabad,Sourcing,3290,1,0.0003
31,Anand,Sourcing,1873,1,0.0005
31,Kurnool,Pod,6538,1,0.0002
31,Chandigarh,WH,41871,7,0.0002
31,Vapi,Pod,4852,18,0.0037
31,Noida 1,Pod,75255,522,0.0069
31,Nellore,CX,8149,25,0.0031
31,Pune,CX,165844,512,0.0031
31,Faridabad,WH,14106,9,0.0006
31,Kochi,Sourcing,101476,57,0.0006
31,Kakinada,CX,4318,10,0.0023
31,Bilaspur,CX,1751,8,0.0046
31,Vadodara,Sourcing,13247,5,0.0004
31,Patiala,Sourcing,4771,5,0.001
31,Bikaner,Sourcing,1568,2,0.0013
31,Shivamogga,WH,3611,3,0.0008
31,Ahmedabad,Pod,53946,15,0.0003
31,Erode,WH,4568,2,0.0004
31,Salem,Pod,9983,3,0.0003
31,Jodhpur,WH,2859,3,0.001
31,Latur,Pod,1131,2,0.0018
31,Kakinada,Sourcing,4318,1,0.0002
31,Vadodara,Pod,13247,4,0.0003
31,Bangalore,CX,682288,1472,0.0022
31,Warangal,Pod,11733,52,0.0044
31,Lucknow,Pod,23205,23,0.001
31,Faridabad,Pod,14106,8,0.0006
31,Mumbai,Pod,358806,63,0.0002
31,Central Goa,Pod,41648,175,0.0042
31,Agra,Pod,3619,14,0.0039
31,Bhimavaram,Pod,1369,12,0.0088
31,Kolkata,WH,113685,96,0.0008
31,Kochi,Pod,101476,21,0.0002
31,Vizianagaram,CX,1476,4,0.0027
31,Mysore,Pod,31318,20,0.0006
31,Rohtak,Sourcing,4505,7,0.0016
31,Sri Ganganagar,Pod,3530,35,0.0099
31,Gwalior,Pod,4761,33,0.0069
31,Thiruvananthapuram,Pod,52390,5,0.0001
31,Nagpur,WH,11614,2,0.0002
31,Bhopal,Pod,10213,49,0.0048
31,Nizamabad,Pod,2205,6,0.0027
31,Nagpur,Sourcing,11614,5,0.0004
31,Ongole,Sourcing,2103,5,0.0024
31,Kollam,Pod,10607,3,0.0003
31,Siliguri,Sourcing,5889,4,0.0007
31,Chandigarh,Pod,41871,28,0.0007
31,Varanasi,Pod,10741,1,0.0001
31,Faridabad,Pod,14106,9,0.0006
31,Thanjavur,Pod,6911,25,0.0036
31,Vizag,Pod,27374,138,0.005
31,Anantapur,CX,5508,17,0.0031
31,Gorakhpur,Pod,3826,12,0.0031
31,Warangal,WH,11733,11,0.0009
31,Kozhikode,Pod,17163,2,0.0001
31,Moradabad,Pod,2808,8,0.0028
31,Surat,Sourcing,11535,3,0.0003
31,Nizamabad,Sourcing,2205,1,0.0005
31,Kolkata,WH,113685,59,0.0005
31,Nashik,Pod,7667,15,0.002
31,Pune,Sourcing,165844,213,0.0013
31,Ludhiana,CX,12405,23,0.0019
31,Erode,CX,4568,10,0.0022
31,Gwalior,CX,4761,26,0.0055
31,Moradabad,WH,2808,1,0.0004
31,Bhopal,Sourcing,10213,2,0.0002
31,Hyderabad,Pod,345583,2229,0.0065
31,Jamshedpur,CX,8840,23,0.0026
31,Vijayawada,Pod,21983,77,0.0035
31,Mathura,Sourcing,2062,5,0.0024
31,Meerut,Pod,6260,5,0.0008
31,Hyderabad,Pod,345583,1,0
31,Bikaner,Pod,1568,17,0.0108
31,Sri Ganganagar,Sourcing,3530,2,0.0006
31,Kozhikode,Pod,17163,40,0.0023
31,Mathura,CX,2062,1,0.0005
31,Rajahmundry,Sourcing,5320,1,0.0002
31,Shivamogga,Sourcing,3611,3,0.0008
31,Alappuzha,Sourcing,4358,3,0.0007
31,Thoothukudi,Sourcing,6487,5,0.0008
31,Gwalior,WH,4761,3,0.0006
31,Hyderabad,Sourcing,345583,214,0.0006
31,Bhubaneswar,Sourcing,46795,76,0.0016
31,Noida 1,Sourcing,75255,133,0.0018
31,Vizag,Sourcing,27374,22,0.0008
31,Kottayam,Pod,6799,11,0.0016
31,Nashik,CX,7667,19,0.0025
31,Surat,CX,11535,18,0.0016
31,Sonipat,Pod,2255,16,0.0071
31,Sonipat,CX,2255,5,0.0022
31,Surat,WH,11535,3,0.0003
31,Raipur,WH,7201,4,0.0006
31,Thrissur,Pod,26323,5,0.0002
31,Amravati,Sourcing,1794,3,0.0017
31,Kurnool,Sourcing,6538,2,0.0003
31,Mathura,Pod,2062,2,0.001
31,Thiruvananthapuram,CX,52390,55,0.0011
31,Jodhpur,Sourcing,2859,4,0.0014
31,Kanpur,Sourcing,6542,8,0.0012
31,Bikaner,Pod,1568,2,0.0013
31,Raipur,WH,7201,8,0.0011
31,Palakkad,WH,5726,2,0.0003
31,Anantapur,Sourcing,5508,1,0.0002
31,Ludhiana,Pod,12405,1,0.0001
31,Thiruvalla,CX,7015,1,0.0001
31,Thiruvananthapuram,Pod,52390,8,0.0002
31,Tirupati,CX,13383,42,0.0031
31,Ranchi,CX,10713,15,0.0014
31,Guwahati,CX,14253,43,0.003
31,Latur,Pod,1131,8,0.0071
31,Thiruvananthapuram,Sourcing,52390,42,0.0008
31,Patiala,CX,4771,8,0.0017
31,Ujjain,Sourcing,2530,4,0.0016
31,Jalandhar,WH,3767,1,0.0003
31,Jaipur,Pod,41989,272,0.0065
31,Gurgaon,WH,103145,38,0.0004
31,Patna,Pod,24184,13,0.0005
31,Ludhiana,Sourcing,12405,16,0.0013
31,Pune,Sourcing,165844,37,0.0002
31,Bareilly,Sourcing,2161,7,0.0032
31,Chennai,Sourcing,278329,12,0
31,Mathura,Sourcing,2062,1,0.0005
31,Pondicherry,Sourcing,12616,1,0.0001
31,Kolkata,Pod,113685,603,0.0053
31,Manipal,Pod,8693,34,0.0039
31,Davanagere,Sourcing,2104,1,0.0005
31,Aligarh,Pod,3161,2,0.0006
31,Thiruvananthapuram,Pod,52390,213,0.0041
31,Saharanpur,WH,976,1,0.001
31,Vellore,Sourcing,10026,1,0.0001
31,Kozhikode,Sourcing,17163,9,0.0005
31,Kottayam,Pod,6799,1,0.0001
31,Sri Ganganagar,CX,3530,5,0.0014
31,Nellore,Pod,8149,16,0.002
31,Vizianagaram,Pod,1476,7,0.0047
31,Guntur,Sourcing,13991,5,0.0004
31,Gorakhpur,CX,3826,8,0.0021
31,Tumakuru,CX,4007,6,0.0015
31,Raipur,Sourcing,7201,17,0.0024
31,Ahmedabad,Sourcing,53946,58,0.0011
31,Kanchipuram,Sourcing,3859,3,0.0008
31,Trichy,Pod,11048,5,0.0005
31,Central Goa,Pod,41648,13,0.0003
31,Jalandhar,Sourcing,3767,5,0.0013
31,Jodhpur,Pod,2859,2,0.0007
31,Vizag,Sourcing,27374,1,0
31,Warangal,CX,11733,32,0.0027
31,Jalandhar,Pod,3767,1,0.0003
31,Karimnagar,WH,4724,3,0.0006
31,Kanpur,WH,6542,4,0.0006
31,Hosur,Sourcing,627,1,0.0016
31,Jabalpur,WH,4445,2,0.0005
31,Nagercoil,CX,4977,2,0.0004
31,Pondicherry,WH,12616,10,0.0008
31,Roorkee,Pod,1516,1,0.0007
31,Chennai,CX,278329,897,0.0032
31,Patna,Pod,24184,66,0.0027
31,Faridabad,CX,14106,69,0.0049
31,Noida,CX,30565,100,0.0033
31,Madurai,Pod,14084,61,0.0043
31,Coimbatore,Sourcing,34883,14,0.0004
31,Kurnool,Sourcing,6538,3,0.0005
31,Tirunelveli,Pod,7142,3,0.0004
31,Bathinda,WH,1993,3,0.0015
31,Sonipat,Pod,2255,1,0.0004
31,Mathura,WH,2062,1,0.0005
31,Cuddalore,Sourcing,1667,2,0.0012
31,Jabalpur,Sourcing,4445,5,0.0011
31,Meerut,WH,6260,1,0.0002
31,Mumbai,WH,358806,323,0.0009
31,Indore,CX,15971,54,0.0034
31,Silchar,Pod,5549,25,0.0045
31,Ambala,WH,3169,2,0.0006
31,Rajkot,Pod,5099,31,0.0061
31,Ludhiana,Sourcing,12405,12,0.001
31,Thanjavur,WH,6911,2,0.0003
31,Mumbai,Sourcing,358806,3,0
31,Dibrugarh,Sourcing,3265,2,0.0006
31,Karnal,Sourcing,1723,2,0.0012
31,Dindigul,WH,1107,2,0.0018
31,Warangal,Pod,11733,4,0.0003
31,Nashik,Sourcing,7667,7,0.0009
31,Kolkata,Sourcing,113685,142,0.0012
31,Cuttack,Sourcing,6625,4,0.0006
31,Jamshedpur,Sourcing,8840,4,0.0005
31,Ujjain,Pod,2530,1,0.0004
31,Berhampur,Pod,2365,1,0.0004
31,Nellore,Pod,8149,63,0.0077
31,Gwalior,Sourcing,4761,5,0.0011
31,Kanpur,Pod,6542,24,0.0037
31,Chandigarh,Sourcing,41871,42,0.001
31,Mysore,Sourcing,31318,11,0.0004
31,Guntur,WH,13991,5,0.0004
31,Chandigarh,Pod,41871,22,0.0005
31,Thiruvananthapuram,WH,52390,5,0.0001
31,Kolkata,Sourcing,113685,68,0.0006
31,Kottayam,WH,6799,1,0.0001
31,Bhilai,Sourcing,1639,1,0.0006
31,Pune,Sourcing,165844,1,0
31,Bhilai,Pod,1639,1,0.0006
31,Anand,WH,1873,1,0.0005
31,Bangalore,Pod,682288,962,0.0014
31,Thrissur,Pod,26323,97,0.0037
31,Rajkot,CX,5099,15,0.0029
31,Jaipur,WH,41989,14,0.0003
31,Kannur,CX,2478,4,0.0016
31,Mathura,Pod,2062,5,0.0024
31,Chennai,WH,278329,158,0.0006
31,Nellore,WH,8149,8,0.001
31,Nagpur,Sourcing,11614,15,0.0013
31,Hosur,Sourcing,627,2,0.0032
31,Panipat,Sourcing,4845,24,0.005
31,Vijayawada,Sourcing,21983,6,0.0003
31,Nanded,Sourcing,1002,3,0.003
31,Salem,WH,9983,3,0.0003
31,Thoothukudi,Pod,6487,1,0.0002
31,Davanagere,Sourcing,2104,1,0.0005
31,Kanpur,Sourcing,6542,1,0.0002
31,Agra,Sourcing,3619,2,0.0006
31,Kakinada,Sourcing,4318,3,0.0007
31,Rudrapur,WH,1594,2,0.0013
31,Bhimavaram,Pod,1369,2,0.0015
31,Jaipur,Pod,41989,14,0.0003
31,Anand,Pod,1873,5,0.0027
31,Moradabad,Pod,2808,3,0.0011
31,Lucknow,Pod,23205,1,0
31,Kakinada,Sourcing,4318,1,0.0002
31,Ongole,Pod,2103,2,0.001
31,Mangaluru,Sourcing,21533,13,0.0006
31,Berhampur,Pod,2365,1,0.0004
31,Ahmedabad,Sourcing,53946,16,0.0003
31,Bangalore,Sourcing,682288,184,0.0003
31,Mumbai,Sourcing,358806,192,0.0005
31,Jalandhar,CX,3767,12,0.0032
31,Bhopal,Sourcing,10213,9,0.0009
31,Ranchi,Sourcing,10713,2,0.0002
31,Cuddalore,CX,1667,5,0.003
31,Kottayam,Sourcing,6799,3,0.0004
31,Chennai,Pod,278329,137,0.0005
31,Kanchipuram,CX,3859,7,0.0018
31,Rohtak,Sourcing,4505,7,0.0016
31,Anantapur,Sourcing,5508,3,0.0005
31,Nizamabad,WH,2205,1,0.0005
31,Ambala,CX,3169,6,0.0019
31,Surat,WH,11535,3,0.0003
31,Coimbatore,Pod,34883,14,0.0004
31,Kottayam,Sourcing,6799,1,0.0001
31,Bhilai,Sourcing,1639,1,0.0006
31,Vellore,Pod,10026,1,0.0001
31,Allahabad,Pod,3290,1,0.0003
31,Pune,Pod,165844,1,0
31,Jaipur,CX,41989,169,0.004
31,Davanagere,CX,2104,4,0.0019
31,Tirupur,WH,6677,2,0.0003
31,Udaipur,Sourcing,7016,2,0.0003
31,Nizamabad,Sourcing,2205,1,0.0005
31,Pune,WH,165844,60,0.0004
31,Aligarh,Sourcing,3161,4,0.0013
31,Panipat,WH,4845,3,0.0006
31,Shivamogga,Sourcing,3611,1,0.0003
31,Noida 1,Sourcing,75255,82,0.0011
31,Chennai,Sourcing,278329,101,0.0004
31,Varanasi,CX,10741,19,0.0018
31,Guntur,Pod,13991,72,0.0051
31,Vizag,CX,27374,53,0.0019
31,Chandigarh,Sourcing,41871,24,0.0006
31,Tirupati,Sourcing,13383,4,0.0003
31,Thoothukudi,Sourcing,6487,2,0.0003
31,Belgaum,Sourcing,3309,1,0.0003
31,Gorakhpur,Sourcing,3826,1,0.0003
31,Agra,Sourcing,3619,1,0.0003
31,Nanded,Pod,1002,2,0.002
31,Kanpur,Pod,6542,1,0.0002
31,Faridabad,Sourcing,14106,25,0.0018
31,Guntur,CX,13991,49,0.0035
31,Eluru,CX,1578,1,0.0006
31,Gurgaon,Sourcing,103145,68,0.0007
31,Ongole,CX,2103,6,0.0029
31,Berhampur,Sourcing,2365,1,0.0004
31,Palakkad,Sourcing,5726,2,0.0003
31,Karaikkudi,Sourcing,2952,1,0.0003
31,Patna,Sourcing,24184,20,0.0008
31,Nanded,Pod,1002,8,0.008
31,Nagpur,Pod,11614,31,0.0027
31,Surat,Sourcing,11535,8,0.0007
31,Amravati,CX,1794,4,0.0022
31,Gurgaon,Pod,103145,7,0.0001
31,Tirupur,Sourcing,6677,1,0.0002
31,Aurangabad,Pod,4123,1,0.0002
31,Guntur,Sourcing,13991,1,0.0001
31,Delhi,WH,196679,274,0.0014
31,Salem,Pod,9983,34,0.0034
31,Amritsar,Pod,4588,28,0.0061
31,Kakinada,Pod,4318,17,0.0039
31,Jodhpur,Sourcing,2859,10,0.0035
31,Silchar,CX,5549,12,0.0022
31,Alappuzha,Pod,4358,8,0.0018
31,Kota,Pod,1536,9,0.0059
31,Siliguri,Pod,5889,3,0.0005
31,Patna,Sourcing,24184,3,0.0001
31,Ajmer,Sourcing,3123,6,0.0019
31,Patna,WH,24184,10,0.0004
31,Warangal,Sourcing,11733,2,0.0002
31,Rajkot,WH,5099,2,0.0004
31,Indore,Pod,15971,5,0.0003
31,Noida 1,Sourcing,75255,20,0.0003
31,Hyderabad,CX,345583,1091,0.0032
31,Karimnagar,Sourcing,4724,3,0.0006
31,Udaipur,Sourcing,7016,11,0.0016
31,Nellore,Sourcing,8149,7,0.0009
31,Dehradun,Sourcing,12515,13,0.001
31,Kozhikode,Sourcing,17163,5,0.0003
31,Sri Ganganagar,WH,3530,3,0.0009
31,Udaipur,WH,7016,2,0.0003
31,Tumakuru,Pod,4007,1,0.0003
31,Pune,WH,165844,168,0.001
31,Kurnool,CX,6538,19,0.0029
31,Allahabad,Sourcing,3290,5,0.0015
31,Vellore,Sourcing,10026,11,0.0011
31,Rohtak,CX,4505,14,0.0031
31,Davanagere,Pod,2104,9,0.0043
31,Kanpur,Sourcing,6542,3,0.0005
31,Indore,Pod,15971,3,0.0002
31,Tumakuru,Sourcing,4007,1,0.0003
31,Manipal,WH,8693,6,0.0007
31,Vellore,WH,10026,7,0.0007
31,Ranchi,Pod,10713,5,0.0005
31,Dehradun,Pod,12515,7,0.0006
31,Guwahati,WH,14253,3,0.0002
31,Thiruvalla,Sourcing,7015,2,0.0003
31,Kota,CX,1536,6,0.0039
31,Hosur,Pod,627,6,0.0096
31,Vadodara,WH,13247,7,0.0005
31,Indore,WH,15971,2,0.0001
31,Karimnagar,Pod,4724,1,0.0002
31,Jaipur,WH,41989,14,0.0003
31,Gurgaon,WH,103145,139,0.0013
31,Faridabad,Pod,14106,121,0.0086
31,Aligarh,Sourcing,3161,6,0.0019
31,Ranchi,Sourcing,10713,12,0.0011
31,Siliguri,Pod,5889,7,0.0012
31,Mumbai,Sourcing,358806,111,0.0003
31,Kollam,Sourcing,10607,2,0.0002
31,Bareilly,Pod,2161,2,0.0009
31,Udaipur,Pod,7016,3,0.0004
31,Thanjavur,Pod,6911,2,0.0003
31,Mangaluru,CX,21533,37,0.0017
31,Patna,CX,24184,49,0.002
31,Varanasi,Sourcing,10741,12,0.0011
31,Thrissur,Sourcing,26323,11,0.0004
31,Jabalpur,Sourcing,4445,1,0.0002
31,Nagercoil,Pod,4977,9,0.0018
31,Kota,Sourcing,1536,1,0.0007
31,Nagpur,Sourcing,11614,10,0.0009
31,Ambala,Sourcing,3169,1,0.0003
31,Delhi,WH,196679,70,0.0004
31,Mangaluru,Sourcing,21533,17,0.0008
31,Pondicherry,Sourcing,12616,3,0.0002
31,Silchar,Sourcing,5549,2,0.0004
31,Guwahati,Pod,14253,4,0.0003
31,Ranchi,WH,10713,3,0.0003
31,Surat,Pod,11535,2,0.0002
31,Mathura,Pod,2062,1,0.0005
31,Siliguri,WH,5889,5,0.0008
31,Agra,Sourcing,3619,2,0.0006
31,Chandigarh,Sourcing,41871,1,0
31,Belgaum,Sourcing,3309,1,0.0003
31,Jaipur,Sourcing,41989,62,0.0015
31,Indore,WH,15971,2,0.0001
31,Kota,Pod,1536,4,0.0026
31,Anantapur,WH,5508,2,0.0004
31,Allahabad,Pod,3290,21,0.0064
31,Kollam,Sourcing,10607,8,0.0008
31,Tirupati,Pod,13383,3,0.0002
31,Tirupati,Sourcing,13383,19,0.0014
31,Kottayam,Pod,6799,4,0.0006
31,Thanjavur,WH,6911,1,0.0001
31,Vapi,Sourcing,4852,3,0.0006
31,Saharanpur,Sourcing,976,1,0.001
32,Varanasi,WH,11519,2,0.0002
32,Bathinda,Pod,2070,1,0.0005
32,Latur,Sourcing,1165,2,0.0017
32,Tumakuru,Sourcing,4222,2,0.0005
32,Hyderabad,Pod,351070,2,0
32,Jodhpur,Pod,2882,1,0.0003
32,Aurangabad,Pod,3960,1,0.0003
32,Moradabad,Pod,3649,19,0.0052
32,Kochi,Sourcing,101284,73,0.0007
32,Hyderabad,Sourcing,351070,199,0.0006
32,Jabalpur,CX,4483,13,0.0029
32,Tirupati,CX,13965,25,0.0018
32,Nagercoil,Pod,4864,5,0.001
32,Pondicherry,Pod,14170,9,0.0006
32,Hyderabad,WH,351070,200,0.0006
32,Jaipur,Sourcing,43229,22,0.0005
32,Dindigul,Pod,1169,5,0.0043
32,Madurai,WH,13987,8,0.0006
32,Gurgaon,CX,103012,309,0.003
32,Ahmedabad,WH,48566,17,0.0004
32,Kolkata,Sourcing,118385,97,0.0008
32,Thoothukudi,CX,6603,8,0.0012
32,Berhampur,Pod,2396,13,0.0054
32,Erode,CX,4530,6,0.0013
32,Kozhikode,WH,17207,7,0.0004
32,Salem,CX,9873,14,0.0014
32,Khammam,WH,6394,3,0.0005
32,Jalandhar,WH,3771,2,0.0005
32,Vizag,Sourcing,29946,1,0
32,Rajahmundry,Sourcing,5954,1,0.0002
32,Karur,Sourcing,3503,2,0.0006
32,Nashik,Sourcing,7150,1,0.0001
32,Gwalior,Pod,5678,1,0.0002
32,Dehradun,Pod,13282,7,0.0005
32,Belgaum,Sourcing,3468,1,0.0003
32,Vizianagaram,WH,1530,1,0.0007
32,Chennai,CX,286779,861,0.003
32,Noida,Sourcing,31509,37,0.0012
32,Kurnool,CX,7080,15,0.0021
32,Jaipur,Sourcing,43229,28,0.0006
32,Ambala,Pod,2983,16,0.0054
32,Mysore,WH,30218,17,0.0006
32,Kurnool,Sourcing,7080,6,0.0008
32,Allahabad,Pod,3262,15,0.0046
32,Muzaffarpur,Sourcing,1793,6,0.0033
32,Tirupati,Pod,13965,3,0.0002
32,Anantapur,Sourcing,5874,2,0.0003
32,Kolhapur,Sourcing,3032,1,0.0003
32,Udaipur,WH,7158,1,0.0001
32,Ambala,WH,2983,1,0.0003
32,Erode,Sourcing,4530,1,0.0002
32,Central Goa,CX,44291,87,0.002
32,Thiruvananthapuram,Sourcing,53201,10,0.0002
32,Kolhapur,Sourcing,3032,5,0.0016
32,Jodhpur,Pod,2882,26,0.009
32,Surat,Sourcing,11438,2,0.0002
32,Tumakuru,CX,4222,3,0.0007
32,Sonipat,WH,2183,2,0.0009
32,Vellore,WH,10222,2,0.0002
32,Hubli,Sourcing,3240,4,0.0012
32,Tirunelveli,WH,6955,6,0.0009
32,Siliguri,Sourcing,6131,3,0.0005
32,Karimnagar,WH,5006,2,0.0004
32,Dindigul,Sourcing,1169,4,0.0034
32,Dibrugarh,WH,3337,1,0.0003
32,Khammam,Pod,6394,1,0.0002
32,Nashik,Pod,7150,38,0.0053
32,Noida,Pod,31509,190,0.006
32,Noida,Sourcing,31509,57,0.0018
32,Chennai,Sourcing,286779,288,0.001
32,Rudrapur,Pod,1683,9,0.0053
32,Manipal,Sourcing,7956,5,0.0006
32,Nagpur,Sourcing,11927,9,0.0008
32,Anantapur,Sourcing,5874,3,0.0005
32,Salem,Pod,9873,1,0.0001
32,Thanjavur,Sourcing,7008,1,0.0001
32,Indore,Pod,16833,5,0.0003
32,Gorakhpur,Pod,3874,1,0.0003
32,Thoothukudi,WH,6603,1,0.0002
32,Chennai,Pod,286779,2095,0.0073
32,Kottayam,Sourcing,5514,2,0.0004
32,Bhopal,Sourcing,7642,6,0.0008
32,Vapi,Sourcing,4532,4,0.0009
32,Kanpur,Pod,6632,1,0.0002
32,Lucknow,Pod,25842,6,0.0002
32,Kannur,WH,2486,1,0.0004
32,Bikaner,WH,1557,1,0.0006
32,Kakinada,Pod,4777,1,0.0002
32,Gwalior,Pod,5678,1,0.0002
32,Kota,Pod,1728,5,0.0029
32,Pondicherry,Pod,14170,75,0.0053
32,Amritsar,CX,4863,14,0.0029
32,Delhi,Sourcing,196282,225,0.0011
32,Chennai,Pod,286779,92,0.0003
32,Vijayawada,Sourcing,23537,6,0.0003
32,Tumakuru,Pod,4222,11,0.0026
32,Pondicherry,Pod,14170,26,0.0018
32,Nagercoil,Sourcing,4864,4,0.0008
32,Siliguri,Pod,6131,3,0.0005
32,Anand,Pod,1437,8,0.0056
32,Ujjain,Pod,2626,23,0.0088
32,Davanagere,Pod,2168,7,0.0032
32,Thiruvananthapuram,Sourcing,53201,49,0.0009
32,Khammam,CX,6394,9,0.0014
32,Guntur,WH,15320,4,0.0003
32,Nellore,Sourcing,8897,3,0.0003
32,Shivamogga,CX,3915,4,0.001
32,Ludhiana,Sourcing,10849,2,0.0002
32,Kanpur,WH,6632,2,0.0003
32,Sri Ganganagar,WH,3419,3,0.0009
32,Trichy,Pod,11068,2,0.0002
32,Karimnagar,Sourcing,5006,1,0.0002
32,Erode,Sourcing,4530,1,0.0002
32,Nagercoil,Sourcing,4864,1,0.0002
32,Kota,Sourcing,1728,1,0.0006
32,Belgaum,WH,3468,1,0.0003
32,Panipat,Pod,4488,6,0.0013
32,Mysore,Pod,30218,22,0.0007
32,Chandigarh,WH,40620,21,0.0005
32,Ranchi,Sourcing,11173,7,0.0006
32,Aligarh,Sourcing,3169,6,0.0019
32,Manipal,Sourcing,7956,5,0.0006
32,Mumbai,Pod,362894,2451,0.0068
32,Mysore,CX,30218,41,0.0014
32,Bhilai,Sourcing,1738,2,0.0012
32,Thoothukudi,WH,6603,1,0.0002
32,Silchar,Pod,5548,1,0.0002
32,Rudrapur,Sourcing,1683,1,0.0006
32,Bangalore,CX,685850,1159,0.0017
32,Hyderabad,Pod,351070,91,0.0003
32,Noida 1,WH,82344,73,0.0009
32,Ludhiana,Pod,10849,29,0.0027
32,Gurgaon,WH,103012,58,0.0006
32,Karnal,Pod,1845,21,0.0114
32,Moradabad,Sourcing,3649,3,0.0008
32,Vizianagaram,Pod,1530,4,0.0026
32,Palakkad,Sourcing,5650,2,0.0004
32,Rudrapur,Sourcing,1683,2,0.0012
32,Bilaspur,Sourcing,2006,1,0.0005
32,Tirunelveli,Pod,6955,1,0.0001
32,Udaipur,Pod,7158,1,0.0001
32,Vellore,Sourcing,10222,1,0.0001
32,Bangalore,WH,685850,371,0.0005
32,Vapi,Pod,4532,16,0.0035
32,Gurgaon,Sourcing,103012,53,0.0005
32,Chennai,Pod,286779,34,0.0001
32,Bikaner,CX,1557,10,0.0064
32,Vizag,Pod,29946,20,0.0007
32,Rajahmundry,Sourcing,5954,3,0.0005
32,Vellore,Sourcing,10222,3,0.0003
32,Ahmedabad,Sourcing,48566,34,0.0007
32,Anantapur,CX,5874,13,0.0022
32,Moradabad,Pod,3649,9,0.0025
32,Ambala,Pod,2983,1,0.0003
32,Agra,Pod,3593,1,0.0003
32,Bhubaneswar,Pod,49181,20,0.0004
32,Madurai,CX,13987,24,0.0017
32,Trichy,Pod,11068,50,0.0045
32,Madurai,Sourcing,13987,5,0.0004
32,Pondicherry,CX,14170,27,0.0019
32,Madurai,WH,13987,6,0.0004
32,Gwalior,Sourcing,5678,2,0.0004
32,Amravati,Sourcing,1810,2,0.0011
32,Saharanpur,Pod,1136,2,0.0018
32,Chandigarh,Pod,40620,12,0.0003
32,Guntur,Pod,15320,2,0.0001
32,Anand,Sourcing,1437,1,0.0007
32,Thanjavur,Pod,7008,1,0.0001
32,Kottayam,Sourcing,5514,5,0.0009
32,Moradabad,WH,3649,2,0.0005
32,Thanjavur,Sourcing,7008,2,0.0003
32,Muzaffarpur,WH,1793,4,0.0022
32,Vadodara,Pod,10261,2,0.0002
32,Thiruvananthapuram,Sourcing,53201,5,0.0001
32,Amravati,CX,1810,1,0.0006
32,Rudrapur,Pod,1683,1,0.0006
32,Kakinada,WH,4777,2,0.0004
32,Mangaluru,Sourcing,22145,2,0.0001
32,Bathinda,Sourcing,2070,1,0.0005
32,Khammam,Pod,6394,16,0.0025
32,Ludhiana,CX,10849,20,0.0018
32,Tirupati,WH,13965,7,0.0005
32,Nizamabad,WH,1999,2,0.001
32,Siliguri,CX,6131,10,0.0016
32,Bhopal,CX,7642,17,0.0022
32,Vadodara,WH,10261,2,0.0002
32,Agra,Sourcing,3593,4,0.0011
32,Mumbai,Sourcing,362894,227,0.0006
32,Tirunelveli,Sourcing,6955,4,0.0006
32,Mangaluru,WH,22145,14,0.0006
32,Udaipur,Sourcing,7158,11,0.0015
32,Bhopal,Sourcing,7642,5,0.0007
32,Eluru,CX,1688,4,0.0024
32,Khammam,Pod,6394,2,0.0003
32,Lonavla,Pod,1448,2,0.0014
32,Thiruvalla,Pod,5048,1,0.0002
32,Indore,Sourcing,16833,10,0.0006
32,Aurangabad,Sourcing,3960,1,0.0003
32,Ahmedabad,Pod,48566,10,0.0002
32,Rajkot,WH,5632,1,0.0002
32,Central Goa,Sourcing,44291,32,0.0007
32,Noida 1,Pod,82344,264,0.0032
32,Saharanpur,Pod,1136,3,0.0026
32,Hubli,Pod,3240,13,0.004
32,Jaipur,CX,43229,138,0.0032
32,Vadodara,Sourcing,10261,8,0.0008
32,Bangalore,Pod,685850,129,0.0002
32,Ludhiana,Sourcing,10849,6,0.0006
32,Agra,Pod,3593,26,0.0072
32,Guntur,WH,15320,10,0.0007
32,Thanjavur,Pod,7008,15,0.0021
32,Bilaspur,Sourcing,2006,5,0.0025
32,Jodhpur,Sourcing,2882,3,0.001
32,Amritsar,WH,4863,2,0.0004
32,Muzaffarpur,Sourcing,1793,2,0.0011
32,Sri Ganganagar,Pod,3419,2,0.0006
32,Udaipur,Pod,7158,1,0.0001
32,Siliguri,WH,6131,4,0.0007
32,Madurai,Sourcing,13987,2,0.0001
32,Vadodara,Pod,10261,6,0.0006
32,Rohtak,Pod,4152,1,0.0002
32,Warangal,Pod,12714,4,0.0003
32,Faridabad,Pod,12750,9,0.0007
32,Thoothukudi,Pod,6603,32,0.0048
32,Bangalore,Sourcing,685850,537,0.0008
32,Guntur,Pod,15320,66,0.0043
32,Palakkad,Pod,5650,10,0.0018
32,Ahmedabad,WH,48566,19,0.0004
32,Patiala,Sourcing,5040,3,0.0006
32,Karur,Pod,3503,7,0.002
32,Silchar,CX,5548,8,0.0014
32,Pondicherry,WH,14170,8,0.0006
32,Bhubaneswar,WH,49181,8,0.0002
32,Panipat,Sourcing,4488,7,0.0016
32,Jamshedpur,Pod,8659,5,0.0006
32,Karur,WH,3503,1,0.0003
32,Kanchipuram,Pod,4473,1,0.0002
32,Anand,CX,1437,7,0.0049
32,Mumbai,Pod,362894,56,0.0002
32,Gurgaon,Sourcing,103012,138,0.0013
32,Trichy,CX,11068,14,0.0013
32,Warangal,Pod,12714,73,0.0057
32,Panipat,Pod,4488,21,0.0047
32,Nashik,Sourcing,7150,4,0.0006
32,Dibrugarh,Sourcing,3337,5,0.0015
32,Patiala,Sourcing,5040,8,0.0016
32,Nagpur,WH,11927,6,0.0005
32,Gorakhpur,CX,3874,7,0.0018
32,Trichy,WH,11068,3,0.0003
32,Dindigul,CX,1169,2,0.0017
32,Siliguri,Sourcing,6131,1,0.0002
32,Dehradun,Sourcing,13282,13,0.001
32,Coimbatore,Pod,37411,9,0.0002
32,Jalandhar,Sourcing,3771,2,0.0005
32,Tumakuru,Sourcing,4222,1,0.0002
32,Hubli,Pod,3240,3,0.0009
32,Cuttack,WH,6244,1,0.0002
32,Central Goa,Pod,44291,12,0.0003
32,Kanpur,Sourcing,6632,6,0.0009
32,Tirunelveli,Pod,6955,25,0.0036
32,Vapi,CX,4532,5,0.0011
32,Jamshedpur,Sourcing,8659,8,0.0009
32,Raipur,Pod,7259,1,0.0001
32,Tirunelveli,WH,6955,1,0.0001
32,Karnal,Sourcing,1845,3,0.0016
32,Indore,Pod,16833,3,0.0002
32,Hubli,CX,3240,4,0.0012
32,Manipal,Pod,7956,1,0.0001
32,Ajmer,WH,2917,1,0.0003
32,Delhi,WH,196282,158,0.0008
32,Bangalore,Sourcing,685850,633,0.0009
32,Bathinda,Pod,2070,18,0.0087
32,Pune,Sourcing,165521,90,0.0005
32,Guwahati,CX,15127,33,0.0022
32,Khammam,Sourcing,6394,5,0.0008
32,Mangaluru,Pod,22145,59,0.0027
32,Indore,CX,16833,41,0.0024
32,Meerut,CX,4217,8,0.0019
32,Rohtak,WH,4152,2,0.0005
32,Vijayawada,Sourcing,23537,9,0.0004
32,Vijayawada,Sourcing,23537,10,0.0004
32,Bangalore,Sourcing,685850,171,0.0002
32,Siliguri,WH,6131,4,0.0007
32,Vizag,Sourcing,29946,37,0.0012
32,Kollam,Pod,10660,15,0.0014
32,Amritsar,Pod,4863,37,0.0076
32,Tirupur,Sourcing,7140,3,0.0004
32,Pondicherry,WH,14170,7,0.0005
32,Noida 1,Sourcing,82344,17,0.0002
32,Berhampur,Sourcing,2396,3,0.0013
32,Rohtak,Sourcing,4152,4,0.001
32,Cuddalore,Sourcing,1965,1,0.0005
32,Raipur,Pod,7259,1,0.0001
32,Vizianagaram,Sourcing,1530,1,0.0007
32,Thiruvalla,Sourcing,5048,1,0.0002
32,Gurgaon,Sourcing,103012,2,0
32,Tirupur,Pod,7140,4,0.0006
32,Ongole,CX,2111,3,0.0014
32,Trichy,Pod,11068,2,0.0002
32,Thrissur,WH,26800,1,0
32,Davanagere,Sourcing,2168,1,0.0005
32,Dindigul,WH,1169,1,0.0009
32,Gurgaon,Pod,103012,829,0.008
32,Thiruvalla,WH,5048,1,0.0002
32,Sonipat,Pod,2183,23,0.0105
32,Thiruvananthapuram,CX,53201,48,0.0009
32,Hyderabad,WH,351070,182,0.0005
32,Karimnagar,Pod,5006,15,0.003
32,Faridabad,Pod,12750,121,0.0095
32,Bhubaneswar,Sourcing,49181,32,0.0007
32,Lucknow,CX,25842,36,0.0014
32,Nashik,CX,7150,18,0.0025
32,Nagpur,CX,11927,22,0.0018
32,Rohtak,CX,4152,13,0.0031
32,Kakinada,Pod,4777,21,0.0044
32,Coimbatore,WH,37411,13,0.0003
32,Noida 1,WH,82344,76,0.0009
32,Surat,Pod,11438,3,0.0003
32,Shivamogga,Sourcing,3915,3,0.0008
32,Sonipat,Pod,2183,1,0.0005
32,Amravati,Pod,1810,11,0.0061
32,Kota,Pod,1728,2,0.0012
32,Trichy,Sourcing,11068,1,0.0001
32,Central Goa,WH,44291,14,0.0003
32,Kochi,Sourcing,101284,11,0.0001
32,Meerut,Pod,4217,30,0.0071
32,Delhi,CX,196282,437,0.0022
32,Bhimavaram,CX,1427,4,0.0028
32,Aligarh,Sourcing,3169,6,0.0019
32,Patna,Sourcing,24971,5,0.0002
32,Guwahati,Sourcing,15127,9,0.0006
32,Anand,WH,1437,2,0.0014
32,Palakkad,WH,5650,2,0.0004
32,Shivamogga,WH,3915,3,0.0008
32,Bhilai,Sourcing,1738,1,0.0006
32,Jalandhar,Pod,3771,3,0.0008
32,Jaipur,Sourcing,43229,108,0.0025
32,Karaikkudi,Pod,3156,15,0.0048
32,Vadodara,CX,10261,18,0.0018
32,Mangaluru,WH,22145,7,0.0003
32,Warangal,Sourcing,12714,13,0.001
32,Karimnagar,CX,5006,6,0.0012
32,Noida,Pod,31509,108,0.0034
32,Jalandhar,Sourcing,3771,3,0.0008
32,Jamshedpur,Sourcing,8659,10,0.0012
32,Nagercoil,WH,4864,1,0.0002
32,Central Goa,WH,44291,3,0.0001
32,Sonipat,WH,2183,1,0.0005
32,Ahmedabad,Pod,48566,350,0.0072
32,Dehradun,Pod,13282,74,0.0056
32,Mumbai,CX,362894,844,0.0023
32,Patiala,WH,5040,7,0.0014
32,Nellore,Sourcing,8897,9,0.001
32,Chandigarh,Sourcing,40620,54,0.0013
32,Jaipur,Pod,43229,32,0.0007
32,Nashik,Sourcing,7150,5,0.0007
32,Jabalpur,WH,4483,3,0.0007
32,Warangal,Sourcing,12714,3,0.0002
32,Agra,Sourcing,3593,4,0.0011
32,Kota,CX,1728,4,0.0023
32,Gurgaon,Pod,103012,7,0.0001
32,Hyderabad,Sourcing,351070,2,0
32,Thiruvalla,Sourcing,5048,3,0.0006
32,Kanchipuram,WH,4473,2,0.0004
32,Bhilai,WH,1738,1,0.0006
32,Ajmer,CX,2917,10,0.0034
32,Lonavla,Pod,1448,1,0.0007
32,Meerut,WH,4217,2,0.0005
32,Karnal,WH,1845,1,0.0005
32,Gorakhpur,Pod,3874,9,0.0023
32,Bikaner,WH,1557,1,0.0006
32,Hyderabad,Pod,351070,2063,0.0059
32,Chennai,WH,286779,149,0.0005
32,Chandigarh,Pod,40620,394,0.0097
32,Ranchi,Pod,11173,45,0.004
32,Tirupati,Pod,13965,63,0.0045
32,Thrissur,Sourcing,26800,9,0.0003
32,Guntur,CX,15320,26,0.0017
32,Ludhiana,Sourcing,10849,11,0.001
32,Cuttack,Pod,6244,20,0.0032
32,Tirupati,WH,13965,4,0.0003
32,Nagpur,Sourcing,11927,3,0.0003
32,Bareilly,Sourcing,2443,3,0.0012
32,Kochi,Pod,101284,9,0.0001
32,Vizag,Sourcing,29946,6,0.0002
32,Nashik,WH,7150,3,0.0004
32,Thoothukudi,Sourcing,6603,3,0.0005
32,Tirunelveli,CX,6955,5,0.0007
32,Hosur,CX,735,3,0.0041
32,Raipur,Sourcing,7259,6,0.0008
32,Lonavla,Pod,1448,4,0.0028
32,Kochi,WH,101284,5,0
32,Ranchi,Pod,11173,5,0.0004
32,Warangal,WH,12714,6,0.0005
32,Karimnagar,Pod,5006,2,0.0004
32,Hyderabad,Pod,351070,9,0
32,Kochi,CX,101284,117,0.0012
32,Coimbatore,Pod,37411,190,0.0051
32,Thiruvananthapuram,Pod,53201,209,0.0039
32,Anantapur,Pod,5874,21,0.0036
32,Guwahati,Pod,15127,85,0.0056
32,Vadodara,Sourcing,10261,19,0.0019
32,Thrissur,Sourcing,26800,8,0.0003
32,Nagercoil,Sourcing,4864,3,0.0006
32,Vellore,WH,10222,5,0.0005
32,Saharanpur,Sourcing,1136,2,0.0018
32,Jamshedpur,Sourcing,8659,3,0.0003
32,Siliguri,Pod,6131,3,0.0005
32,Latur,Pod,1165,2,0.0017
32,Rohtak,Sourcing,4152,1,0.0002
32,Surat,Pod,11438,8,0.0007
32,Moradabad,Sourcing,3649,1,0.0003
32,Chennai,WH,286779,163,0.0006
32,Vizag,Pod,29946,135,0.0045
32,Bhilai,Pod,1738,19,0.0109
32,Ongole,Sourcing,2111,5,0.0024
32,Agra,Sourcing,3593,3,0.0008
32,Ambala,CX,2983,3,0.001
32,Warangal,Sourcing,12714,6,0.0005
32,Panipat,CX,4488,10,0.0022
32,Kanpur,Pod,6632,21,0.0032
32,Bareilly,WH,2443,1,0.0004
32,Alappuzha,Sourcing,3733,1,0.0003
32,Coimbatore,Pod,37411,10,0.0003
32,Karaikkudi,CX,3156,1,0.0003
32,Vapi,Sourcing,4532,1,0.0002
32,Thrissur,Pod,26800,61,0.0023
32,Rajahmundry,Pod,5954,10,0.0017
32,Nagpur,Sourcing,11927,6,0.0005
32,Varanasi,CX,11519,14,0.0012
32,Patna,Sourcing,24971,24,0.001
32,Tirupati,Pod,13965,2,0.0001
32,Trichy,WH,11068,1,0.0001
32,Kolhapur,Sourcing,3032,1,0.0003
32,Meerut,Sourcing,4217,1,0.0002
32,Aligarh,WH,3169,1,0.0003
32,Pune,Pod,165521,1060,0.0064
32,Pune,CX,165521,459,0.0028
32,Pune,WH,165521,46,0.0003
32,Bangalore,Sourcing,685850,279,0.0004
32,Raipur,Sourcing,7259,7,0.001
32,Patna,Pod,24971,66,0.0026
32,Aligarh,CX,3169,5,0.0016
32,Thiruvalla,CX,5048,5,0.001
32,Kurnool,WH,7080,2,0.0003
32,Amritsar,Sourcing,4863,9,0.0019
32,Eluru,Pod,1688,2,0.0012
32,Thanjavur,WH,7008,2,0.0003
32,Bangalore,Pod,685850,2594,0.0038
32,Lucknow,Sourcing,25842,21,0.0008
32,Ranchi,Sourcing,11173,5,0.0004
32,Kozhikode,Sourcing,17207,5,0.0003
32,Mysore,Sourcing,30218,20,0.0007
32,Patna,CX,24971,58,0.0023
32,Thiruvananthapuram,WH,53201,11,0.0002
32,Kolkata,Sourcing,118385,23,0.0002
32,Ludhiana,Sourcing,10849,11,0.001
32,Jaipur,WH,43229,8,0.0002
32,Surat,Sourcing,11438,6,0.0005
32,Kurnool,WH,7080,4,0.0006
32,Kakinada,WH,4777,3,0.0006
32,Central Goa,Pod,44291,3,0.0001
32,Amritsar,Pod,4863,1,0.0002
32,Vapi,WH,4532,1,0.0002
32,Berhampur,Sourcing,2396,2,0.0008
32,Thanjavur,Pod,7008,1,0.0001
32,Kochi,Pod,101284,305,0.003
32,Vadodara,Pod,10261,71,0.0069
32,Hyderabad,Sourcing,351070,81,0.0002
32,Nagpur,Pod,11927,39,0.0033
32,Noida,CX,31509,96,0.003
32,Delhi,Sourcing,196282,188,0.001
32,Kota,Sourcing,1728,4,0.0023
32,Thiruvananthapuram,Sourcing,53201,1,0
32,Bilaspur,Pod,2006,21,0.0105
32,Noida,WH,31509,25,0.0008
32,Moradabad,Pod,3649,1,0.0003
32,Pondicherry,Sourcing,14170,8,0.0006
32,Kakinada,Sourcing,4777,8,0.0017
32,Rajahmundry,CX,5954,10,0.0017
32,Ambala,Sourcing,2983,2,0.0007
32,Panipat,WH,4488,1,0.0002
32,Madurai,Sourcing,13987,12,0.0009
32,Bilaspur,CX,2006,6,0.003
32,Nellore,WH,8897,10,0.0011
32,Rajkot,Sourcing,5632,4,0.0007
32,Jodhpur,WH,2882,3,0.001
32,Varanasi,Pod,11519,5,0.0004
32,Ajmer,Pod,2917,2,0.0007
32,Tirupati,Sourcing,13965,1,0.0001
32,Mathura,WH,2221,1,0.0005
32,Allahabad,Sourcing,3262,5,0.0015
32,Raipur,Sourcing,7259,2,0.0003
32,Ongole,Sourcing,2111,2,0.0009
32,Jamshedpur,WH,8659,1,0.0001
32,Raipur,Pod,7259,40,0.0055
32,Kurnool,Sourcing,7080,2,0.0003
32,Nagercoil,WH,4864,1,0.0002
32,Thiruvananthapuram,Pod,53201,13,0.0002
32,Noida 1,Pod,82344,1,0
32,Meerut,WH,4217,1,0.0002
32,Anantapur,Pod,5874,1,0.0002
32,Kannur,Sourcing,2486,1,0.0004
32,Kanchipuram,Pod,4473,35,0.0078
32,Kolkata,Pod,118385,630,0.0053
32,Chennai,Sourcing,286779,70,0.0002
32,Sri Ganganagar,Pod,3419,23,0.0067
32,Mangaluru,Sourcing,22145,12,0.0005
32,Jamshedpur,Pod,8659,73,0.0084
32,Faridabad,Sourcing,12750,13,0.001
32,Jalandhar,CX,3771,7,0.0019
32,Karnal,CX,1845,7,0.0038
32,Ongole,WH,2111,4,0.0019
32,Nagpur,Pod,11927,8,0.0007
32,Anantapur,Sourcing,5874,6,0.001
32,Rajkot,Sourcing,5632,3,0.0005
32,Varanasi,Sourcing,11519,6,0.0005
32,Belgaum,Sourcing,3468,3,0.0009
32,Muzaffarpur,Sourcing,1793,2,0.0011
32,Moradabad,CX,3649,4,0.0011
32,Bangalore,Pod,685850,1,0
32,Karaikkudi,Sourcing,3156,4,0.0013
32,Bhimavaram,Sourcing,1427,2,0.0014
32,Jodhpur,Sourcing,2882,1,0.0003
32,Pune,WH,165521,62,0.0004
32,Guntur,Sourcing,15320,10,0.0007
32,Rajkot,CX,5632,17,0.003
32,Aurangabad,CX,3960,17,0.0043
32,Gwalior,Pod,5678,31,0.0055
32,Rajkot,Pod,5632,40,0.0071
32,Kurnool,Pod,7080,27,0.0038
32,Madurai,Pod,13987,17,0.0012
32,Noida,Sourcing,31509,12,0.0004
32,Nashik,Sourcing,7150,3,0.0004
32,Ahmedabad,Pod,48566,22,0.0005
32,Thrissur,Sourcing,26800,1,0
32,Karimnagar,Sourcing,5006,3,0.0006
32,Indore,WH,16833,6,0.0004
32,Eluru,Sourcing,1688,2,0.0012
32,Mangaluru,Sourcing,22145,6,0.0003
32,Sri Ganganagar,Sourcing,3419,4,0.0012
32,Jabalpur,Pod,4483,2,0.0004
32,Cuddalore,Sourcing,1965,1,0.0005
32,Tirunelveli,Sourcing,6955,1,0.0001
32,Bareilly,Sourcing,2443,8,0.0033
32,Kottayam,CX,5514,2,0.0004
32,Palakkad,WH,5650,1,0.0002
32,Kakinada,Sourcing,4777,4,0.0008
32,Mumbai,Sourcing,362894,1,0
32,Tirupur,CX,7140,6,0.0008
32,Central Goa,Sourcing,44291,66,0.0015
32,Bhilai,CX,1738,15,0.0086
32,Nellore,Pod,8897,3,0.0003
32,Guwahati,Sourcing,15127,17,0.0011
32,Kakinada,CX,4777,8,0.0017
32,Anand,Sourcing,1437,5,0.0035
32,Hosur,Pod,735,9,0.0122
32,Udaipur,Sourcing,7158,3,0.0004
32,Mathura,Pod,2221,6,0.0027
32,Mysore,Sourcing,30218,2,0.0001
32,Udaipur,Sourcing,7158,3,0.0004
32,Nagpur,Sourcing,11927,2,0.0002
32,Kurnool,Sourcing,7080,3,0.0004
32,Jalandhar,Sourcing,3771,3,0.0008
32,Cuddalore,CX,1965,2,0.001
32,Guntur,Pod,15320,1,0.0001
32,Kanpur,Sourcing,6632,1,0.0002
32,Mathura,WH,2221,1,0.0005
32,Karur,Sourcing,3503,1,0.0003
32,Coimbatore,Sourcing,37411,35,0.0009
32,Mumbai,Sourcing,362894,413,0.0011
32,Mumbai,WH,362894,83,0.0002
32,Vellore,CX,10222,14,0.0014
32,Gwalior,CX,5678,14,0.0025
32,Mathura,Pod,2221,2,0.0009
32,Jodhpur,WH,2882,3,0.001
32,Panipat,Sourcing,4488,4,0.0009
32,Salem,WH,9873,2,0.0002
32,Eluru,Sourcing,1688,1,0.0006
32,Hyderabad,CX,351070,1087,0.0031
32,Bangalore,Pod,685850,937,0.0014
32,Patna,Sourcing,24971,16,0.0006
32,Jabalpur,WH,4483,2,0.0004
32,Delhi,Pod,196282,43,0.0002
32,Faridabad,Sourcing,12750,18,0.0014
32,Ludhiana,WH,10849,4,0.0004
32,Kozhikode,Sourcing,17207,2,0.0001
32,Guntur,Pod,15320,3,0.0002
32,Kannur,CX,2486,1,0.0004
32,Saharanpur,Sourcing,1136,1,0.0009
32,Jaipur,Sourcing,43229,2,0
32,Bikaner,Sourcing,1557,1,0.0006
32,Thiruvalla,Pod,5048,1,0.0002
32,Ambala,Sourcing,2983,5,0.0017
32,Kurnool,Pod,7080,1,0.0001
32,Warangal,WH,12714,7,0.0006
32,Kanchipuram,WH,4473,2,0.0004
32,Rohtak,Pod,4152,30,0.0072
32,Vellore,Pod,10222,31,0.003
32,Chandigarh,Sourcing,40620,50,0.0012
32,Bathinda,Sourcing,2070,6,0.0029
32,Kolhapur,Pod,3032,8,0.0026
32,Dehradun,Sourcing,13282,11,0.0008
32,Guntur,Sourcing,15320,6,0.0004
32,Pune,Pod,165521,42,0.0003
32,Kozhikode,Pod,17207,15,0.0009
32,Vijayawada,WH,23537,8,0.0003
32,Cuttack,Sourcing,6244,6,0.001
32,Lucknow,Sourcing,25842,8,0.0003
32,Chandigarh,WH,40620,11,0.0003
32,Kolhapur,CX,3032,10,0.0033
32,Bhubaneswar,Pod,49181,9,0.0002
32,Thanjavur,WH,7008,3,0.0004
32,Palakkad,Pod,5650,2,0.0004
32,Tumakuru,WH,4222,3,0.0007
32,Chennai,Pod,286779,1,0
32,Kottayam,Pod,5514,1,0.0002
32,Kolkata,Pod,118385,43,0.0004
32,Patiala,WH,5040,2,0.0004
32,Varanasi,WH,11519,4,0.0003
32,Varanasi,Pod,11519,41,0.0036
32,Vijayawada,CX,23537,33,0.0014
32,Nellore,Sourcing,8897,2,0.0002
32,Vijayawada,Pod,23537,1,0
32,Thrissur,WH,26800,2,0.0001
32,Thiruvalla,WH,5048,1,0.0002
32,Vellore,Sourcing,10222,9,0.0009
32,Bhimavaram,Pod,1427,6,0.0042
32,Kollam,Sourcing,10660,1,0.0001
32,Salem,Pod,9873,1,0.0001
32,Gwalior,Sourcing,5678,1,0.0002
32,Lonavla,CX,1448,5,0.0035
32,Bangalore,WH,685850,464,0.0007
32,Aligarh,Pod,3169,26,0.0082
32,Udaipur,Pod,7158,49,0.0068
32,Shivamogga,Pod,3915,11,0.0028
32,Surat,CX,11438,19,0.0017
32,Bathinda,WH,2070,3,0.0014
32,Indore,Sourcing,16833,5,0.0003
32,Belgaum,Pod,3468,8,0.0023
32,Gwalior,Sourcing,5678,4,0.0007
32,Ludhiana,Pod,10849,2,0.0002
32,Vizag,Sourcing,29946,4,0.0001
32,Bathinda,WH,2070,2,0.001
32,Nanded,Pod,1057,2,0.0019
32,Ambala,Sourcing,2983,5,0.0017
32,Lucknow,WH,25842,7,0.0003
32,Cuttack,WH,6244,2,0.0003
32,Tirupati,Sourcing,13965,3,0.0002
32,Tirunelveli,Sourcing,6955,1,0.0001
32,Manipal,WH,7956,1,0.0001
32,Mumbai,WH,362894,152,0.0004
32,Noida 1,CX,82344,225,0.0027
32,Rajkot,Sourcing,5632,1,0.0002
32,Bhubaneswar,Sourcing,49181,53,0.0011
32,Nizamabad,Sourcing,1999,1,0.0005
32,Madurai,Pod,13987,44,0.0031
32,Vizag,WH,29946,8,0.0003
32,Palakkad,CX,5650,2,0.0004
32,Delhi,Pod,196282,85,0.0004
32,Ahmedabad,Sourcing,48566,11,0.0002
32,Vizag,Pod,29946,5,0.0002
32,Bathinda,CX,2070,3,0.0014
32,Shivamogga,Sourcing,3915,5,0.0013
32,Kurnool,Pod,7080,7,0.001
32,Bhubaneswar,WH,49181,12,0.0002
32,Dehradun,CX,13282,38,0.0029
32,Ranchi,CX,11173,16,0.0014
32,Coimbatore,WH,37411,21,0.0006
32,Ludhiana,Pod,10849,54,0.005
32,Bhubaneswar,CX,49181,122,0.0025
32,Nellore,Sourcing,8897,4,0.0005
32,Patna,WH,24971,9,0.0004
32,Jodhpur,CX,2882,12,0.0042
32,Noida,Pod,31509,22,0.0007
32,Nanded,Pod,1057,3,0.0028
32,Rohtak,WH,4152,5,0.0012
32,Ongole,WH,2111,3,0.0014
32,Belgaum,CX,3468,4,0.0012
32,Bhimavaram,Sourcing,1427,2,0.0014
32,Chennai,Sourcing,286779,10,0
32,Silchar,Sourcing,5548,4,0.0007
32,Meerut,Pod,4217,2,0.0005
32,Alappuzha,WH,3733,1,0.0003
32,Surat,WH,11438,1,0.0001
32,Kanpur,Sourcing,6632,1,0.0002
32,Nagpur,Pod,11927,2,0.0002
32,Ahmedabad,Sourcing,48566,79,0.0016
32,Sri Ganganagar,CX,3419,10,0.0029
32,Faridabad,CX,12750,71,0.0056
32,Varanasi,Sourcing,11519,8,0.0007
32,Nagercoil,Pod,4864,9,0.0019
32,Guntur,Sourcing,15320,11,0.0007
32,Cuddalore,Pod,1965,12,0.0061
32,Patna,Pod,24971,120,0.0048
32,Ahmedabad,CX,48566,145,0.003
32,Cuttack,Sourcing,6244,2,0.0003
32,Davanagere,WH,2168,1,0.0005
32,Gorakhpur,Pod,3874,1,0.0003
32,Ajmer,Pod,2917,2,0.0007
32,Kochi,Pod,101284,26,0.0003
32,Mumbai,Pod,362894,2,0
32,Nanded,CX,1057,1,0.0009
32,Patna,Pod,24971,1,0
32,Rudrapur,WH,1683,1,0.0006
32,Ujjain,Sourcing,2626,1,0.0004
32,Khammam,WH,6394,1,0.0002
32,Tirupur,WH,7140,1,0.0001
32,Gorakhpur,Sourcing,3874,1,0.0003
32,Jaipur,Pod,43229,216,0.005
32,Noida,WH,31509,21,0.0007
32,Nellore,Pod,8897,17,0.0019
32,Roorkee,Pod,1561,11,0.007
32,Manipal,CX,7956,8,0.001
32,Patna,Sourcing,24971,15,0.0006
32,Ajmer,Pod,2917,11,0.0038
32,Jaipur,WH,43229,14,0.0003
32,Ludhiana,WH,10849,11,0.001
32,Chandigarh,Sourcing,40620,21,0.0005
32,Roorkee,CX,1561,2,0.0013
32,Hubli,WH,3240,1,0.0003
32,Bathinda,Sourcing,2070,1,0.0005
32,Bareilly,Pod,2443,14,0.0057
32,Mumbai,Sourcing,362894,131,0.0004
32,Surat,Pod,11438,63,0.0055
32,Roorkee,WH,1561,2,0.0013
32,Bilaspur,WH,2006,3,0.0015
32,Manipal,WH,7956,12,0.0015
32,Latur,CX,1165,6,0.0052
32,Muzaffarpur,CX,1793,3,0.0017
32,Jamshedpur,WH,8659,5,0.0006
32,Surat,Sourcing,11438,1,0.0001
32,Tirupur,Sourcing,7140,1,0.0001
32,Allahabad,Sourcing,3262,2,0.0006
32,Vijayawada,Pod,23537,102,0.0043
32,Faridabad,WH,12750,8,0.0006
32,Panipat,Pod,4488,2,0.0004
32,Sri Ganganagar,Sourcing,3419,2,0.0006
32,Kota,WH,1728,4,0.0023
32,Rudrapur,CX,1683,4,0.0024
32,Chandigarh,Pod,40620,33,0.0008
32,Bikaner,Pod,1557,1,0.0006
32,Kolkata,Pod,118385,376,0.0032
32,Noida 1,Sourcing,82344,103,0.0013
32,Kolkata,CX,118385,278,0.0023
32,Meerut,Sourcing,4217,6,0.0014
32,Agra,CX,3593,11,0.0031
32,Mangaluru,Sourcing,22145,12,0.0005
32,Muzaffarpur,Pod,1793,7,0.0039
32,Kollam,WH,10660,3,0.0003
32,Faridabad,Sourcing,12750,12,0.0009
32,Kanchipuram,CX,4473,8,0.0018
32,Thiruvananthapuram,WH,53201,12,0.0002
32,Agra,WH,3593,2,0.0006
32,Thiruvananthapuram,Pod,53201,11,0.0002
32,Nizamabad,Sourcing,1999,2,0.001
32,Thiruvallur,Sourcing,2030,3,0.0015
32,Sri Ganganagar,WH,3419,3,0.0009
32,Bhopal,Pod,7642,3,0.0004
32,Udaipur,Sourcing,7158,1,0.0001
32,Nagercoil,CX,4864,2,0.0004
32,Jamshedpur,Sourcing,8659,2,0.0002
32,Vizianagaram,Sourcing,1530,1,0.0007
32,Nizamabad,CX,1999,2,0.001
32,Gwalior,Sourcing,5678,1,0.0002
32,Rohtak,Pod,4152,2,0.0005
32,Delhi,Pod,196282,1366,0.007
32,Kolkata,WH,118385,59,0.0005
32,Noida 1,Pod,82344,30,0.0004
32,Patna,Pod,24971,7,0.0003
32,Madurai,Sourcing,13987,2,0.0001
32,Nizamabad,WH,1999,2,0.001
32,Agra,Pod,3593,1,0.0003
32,Rudrapur,Pod,1683,1,0.0006
32,Muzaffarpur,Pod,1793,1,0.0006
32,Eluru,Pod,1688,1,0.0006
32,Madurai,Pod,13987,1,0.0001
32,Davanagere,CX,2168,4,0.0018
32,Lucknow,Sourcing,25842,2,0.0001
32,Gurgaon,WH,103012,46,0.0004
32,Gurgaon,Sourcing,103012,128,0.0012
32,Coimbatore,CX,37411,86,0.0023
32,Mangaluru,CX,22145,24,0.0011
32,Pondicherry,Sourcing,14170,1,0.0001
32,Panipat,Sourcing,4488,1,0.0002
32,Warangal,Pod,12714,3,0.0002
32,Bhubaneswar,Pod,49181,295,0.006
32,Jalandhar,Pod,3771,27,0.0072
32,Noida,Sourcing,31509,32,0.001
32,Kolkata,Sourcing,118385,112,0.0009
32,Bhubaneswar,Sourcing,49181,5,0.0001
32,Dehradun,Sourcing,13282,8,0.0006
32,Nellore,WH,8897,10,0.0011
32,Kozhikode,CX,17207,19,0.0011
32,Chandigarh,CX,40620,176,0.0043
32,Thanjavur,CX,7008,2,0.0003
32,Kochi,WH,101284,17,0.0002
32,Noida 1,Sourcing,82344,115,0.0014
32,Karnal,Sourcing,1845,2,0.0011
32,Dibrugarh,Pod,3337,1,0.0003
32,Kolkata,WH,118385,45,0.0004
32,Thoothukudi,Sourcing,6603,1,0.0002
32,Silchar,Pod,5548,1,0.0002
32,Kannur,Pod,2486,4,0.0016
32,Nashik,Pod,7150,2,0.0003
32,Indore,Pod,16833,92,0.0055
32,Lucknow,Pod,25842,71,0.0027
32,Coimbatore,Sourcing,37411,12,0.0003
32,Kottayam,Pod,5514,9,0.0016
32,Sri Ganganagar,Sourcing,3419,4,0.0012
32,Jabalpur,Pod,4483,20,0.0045
32,Bhopal,Sourcing,7642,6,0.0008
32,Mumbai,Pod,362894,56,0.0002
32,Lucknow,WH,25842,15,0.0006
32,Amravati,Sourcing,1810,2,0.0011
32,Vijayawada,WH,23537,7,0.0003
32,Kollam,Sourcing,10660,6,0.0006
32,Nashik,WH,7150,2,0.0003
32,Faridabad,WH,12750,5,0.0004
32,Kottayam,Pod,5514,2,0.0004
32,Kanpur,CX,6632,4,0.0006
32,Ujjain,Pod,2626,3,0.0011
32,Bhopal,WH,7642,4,0.0005
32,Rajkot,Pod,5632,4,0.0007
32,Pune,Pod,165521,6,0
32,Silchar,Pod,5548,23,0.0041
32,Thoothukudi,Sourcing,6603,5,0.0008
32,Udaipur,WH,7158,5,0.0007
32,Mysore,Pod,30218,4,0.0001
32,Kanchipuram,Sourcing,4473,4,0.0009
32,Thanjavur,Sourcing,7008,2,0.0003
32,Patiala,Pod,5040,8,0.0016
32,Patna,WH,24971,16,0.0006
32,Gwalior,WH,5678,3,0.0005
32,Kanchipuram,Pod,4473,1,0.0002
32,Kanpur,Pod,6632,1,0.0002
32,Roorkee,Sourcing,1561,2,0.0013
32,Hubli,Pod,3240,1,0.0003
32,Sri Ganganagar,Pod,3419,1,0.0003
32,Jaipur,Pod,43229,5,0.0001
32,Erode,Pod,4530,20,0.0044
32,Raipur,CX,7259,14,0.0019
32,Thiruvalla,Pod,5048,18,0.0036
32,Lucknow,Pod,25842,29,0.0011
32,Nizamabad,Pod,1999,2,0.001
32,Meerut,Pod,4217,17,0.004
32,Nagercoil,Sourcing,4864,1,0.0002
32,Ambala,Sourcing,2983,1,0.0003
32,Nizamabad,Pod,1999,3,0.0015
32,Aurangabad,Sourcing,3960,4,0.001
32,Jabalpur,Sourcing,4483,1,0.0002
32,Karnal,Sourcing,1845,1,0.0005
32,Trichy,Sourcing,11068,1,0.0001
32,Kozhikode,WH,17207,3,0.0002
32,Palakkad,Sourcing,5650,1,0.0002
32,Muzaffarpur,Pod,1793,10,0.0056
32,Moradabad,WH,3649,1,0.0003
32,Bareilly,Sourcing,2443,1,0.0004
32,Nashik,Pod,7150,10,0.0014
32,Nagpur,WH,11927,4,0.0003
32,Ujjain,CX,2626,7,0.0027
32,Kanchipuram,Sourcing,4473,1,0.0002
32,Thiruvallur,CX,2030,1,0.0005
32,Berhampur,WH,2396,1,0.0004
32,Lonavla,WH,1448,1,0.0007
32,Thrissur,CX,26800,15,0.0006
32,Dibrugarh,CX,3337,4,0.0012
32,Karur,CX,3503,3,0.0009
32,Raipur,WH,7259,4,0.0006
32,Khammam,Sourcing,6394,3,0.0005
32,Ajmer,Sourcing,2917,6,0.0021
32,Ranchi,WH,11173,4,0.0004
32,Kolhapur,Pod,3032,3,0.001
32,Delhi,Sourcing,196282,15,0.0001
32,Saharanpur,CX,1136,3,0.0026
32,Karur,WH,3503,2,0.0006
32,Coimbatore,Sourcing,37411,4,0.0001
32,Anantapur,WH,5874,2,0.0003
32,Anand,Sourcing,1437,2,0.0014
32,Kakinada,Pod,4777,1,0.0002
32,Nagercoil,Pod,4864,1,0.0002
32,Salem,Sourcing,9873,2,0.0002
32,Pune,Sourcing,165521,222,0.0013
32,Manipal,Pod,7956,25,0.0031
32,Gorakhpur,Sourcing,3874,1,0.0003
32,Central Goa,Sourcing,44291,16,0.0004
32,Kakinada,Sourcing,4777,1,0.0002
32,Gurgaon,Pod,103012,33,0.0003
32,Chennai,Sourcing,286779,163,0.0006
32,Kochi,Sourcing,101284,78,0.0008
32,Vizag,CX,29946,64,0.0021
32,Pondicherry,Sourcing,14170,4,0.0003
32,Patiala,Pod,5040,21,0.0042
32,Tirupati,Sourcing,13965,9,0.0006
32,Guwahati,WH,15127,8,0.0005
32,Varanasi,Sourcing,11519,4,0.0003
32,Jabalpur,Sourcing,4483,4,0.0009
32,Sonipat,CX,2183,4,0.0018
32,Salem,WH,9873,2,0.0002
32,Kollam,CX,10660,8,0.0008
32,Rohtak,Sourcing,4152,8,0.0019
32,Latur,Pod,1165,6,0.0052
32,Warangal,CX,12714,34,0.0027
32,Kannur,Sourcing,2486,2,0.0008
32,Vadodara,WH,10261,3,0.0003
32,Indore,WH,16833,6,0.0004
32,Mangaluru,Pod,22145,14,0.0006
32,Guwahati,Pod,15127,7,0.0005
32,Cuttack,CX,6244,6,0.001
32,Aligarh,WH,3169,1,0.0003
32,Mysore,Sourcing,30218,1,0
32,Salem,Sourcing,9873,3,0.0003
32,Bhopal,Pod,7642,2,0.0003
32,Ahmedabad,Sourcing,48566,1,0
32,Patiala,CX,5040,10,0.002
32,Thiruvallur,Pod,2030,12,0.0059
32,Mysore,WH,30218,6,0.0002
32,Karimnagar,WH,5006,3,0.0006
32,Moradabad,Sourcing,3649,15,0.0041
32,Kochi,Sourcing,101284,2,0
32,Lucknow,Sourcing,25842,18,0.0007
32,Kozhikode,Sourcing,17207,11,0.0006
32,Amritsar,Sourcing,4863,3,0.0006
32,Bareilly,CX,2443,6,0.0025
32,Roorkee,Sourcing,1561,2,0.0013
32,Dehradun,Pod,13282,2,0.0002
32,Kollam,Pod,10660,4,0.0004
32,Dehradun,WH,13282,2,0.0002
32,Ajmer,Sourcing,2917,1,0.0003
32,Manipal,Sourcing,7956,4,0.0005
32,Mangaluru,Pod,22145,4,0.0002
32,Kozhikode,Pod,17207,1,0.0001
32,Central Goa,Pod,44291,161,0.0036
32,Bhopal,Pod,7642,39,0.0051
32,Noida 1,Sourcing,82344,124,0.0015
32,Vellore,Pod,10222,1,0.0001
32,Dibrugarh,Pod,3337,15,0.0045
32,Eluru,WH,1688,1,0.0006
32,Nellore,CX,8897,31,0.0035
32,Sonipat,Sourcing,2183,1,0.0005
32,Ongole,Sourcing,2111,2,0.0009
32,Berhampur,CX,2396,14,0.0058
32,Meerut,Sourcing,4217,2,0.0005
32,Noida 1,Pod,82344,473,0.0057
32,Bikaner,Pod,1557,11,0.0071
32,Nellore,Pod,8897,43,0.0048
32,Delhi,Sourcing,196282,145,0.0007
32,Ongole,Pod,2111,8,0.0038
32,Salem,Pod,9873,26,0.0026
32,Vijayawada,Pod,23537,3,0.0001
32,Indore,Sourcing,16833,14,0.0008
32,Kozhikode,Sourcing,17207,3,0.0002
32,Amritsar,Sourcing,4863,4,0.0008
32,Jamshedpur,CX,8659,25,0.0029
32,Rajkot,WH,5632,1,0.0002
32,Erode,WH,4530,1,0.0002
32,Guwahati,Sourcing,15127,1,0.0001
32,Thiruvallur,Pod,2030,1,0.0005
32,Thiruvalla,Sourcing,5048,4,0.0008
32,Rajahmundry,Pod,5954,1,0.0002
32,Allahabad,WH,3262,1,0.0003
32,Delhi,WH,196282,69,0.0004
32,Roorkee,Sourcing,1561,1,0.0006
32,Cuttack,Pod,6244,1,0.0002
32,Ranchi,WH,11173,4,0.0004
32,Bhilai,Sourcing,1738,1,0.0006
32,Bilaspur,Sourcing,2006,5,0.0025
32,Tirupati,Sourcing,13965,1,0.0001
32,Aurangabad,WH,3960,1,0.0003
32,Vizag,WH,29946,5,0.0002
32,Mysore,Pod,30218,88,0.0029
32,Alappuzha,Pod,3733,2,0.0005
32,Udaipur,CX,7158,18,0.0025
32,Mysore,Sourcing,30218,19,0.0006
32,Kozhikode,Pod,17207,35,0.002
32,Siliguri,Pod,6131,34,0.0055
32,Thiruvallur,WH,2030,3,0.0015
32,Faridabad,Pod,12750,4,0.0003
32,Panipat,Sourcing,4488,4,0.0009
32,Trichy,Sourcing,11068,9,0.0008
32,Allahabad,CX,3262,2,0.0006
32,Patiala,Sourcing,5040,4,0.0008
32,Nanded,WH,1057,2,0.0019
32,Surat,WH,11438,2,0.0002
32,Nizamabad,Sourcing,1999,2,0.001
32,Thrissur,Pod,26800,10,0.0004
32,Amravati,WH,1810,1,0.0006
32,Ujjain,Sourcing,2626,1,0.0004
32,Jodhpur,Pod,2882,3,0.001
32,Coimbatore,Sourcing,37411,1,0
32,Ongole,Pod,2111,1,0.0005
32,Mathura,Sourcing,2221,3,0.0014
32,Pune,Sourcing,165521,37,0.0002
32,Hyderabad,Sourcing,351070,353,0.001
32,Kolkata,Sourcing,118385,70,0.0006
32,Aurangabad,Pod,3960,22,0.0056
32,Tirupur,Pod,7140,20,0.0028
32,Manipal,Pod,7956,13,0.0016
32,Ranchi,Sourcing,11173,7,0.0006
34,Ranchi,CX,10008,19,0.0019
34,Amritsar,WH,4956,3,0.0006
34,Latur,Pod,1052,12,0.0114
34,Karnal,WH,1969,4,0.002
34,Aligarh,CX,3719,1,0.0003
34,Kannur,WH,2378,1,0.0004
34,Gorakhpur,CX,4913,8,0.0016
34,Thiruvallur,WH,2486,4,0.0016
34,Amravati,CX,1678,1,0.0006
34,Cuttack,Sourcing,5762,1,0.0002
34,Ahmedabad,CX,48647,189,0.0039
34,Lonavla,Sourcing,1176,3,0.0026
34,Berhampur,WH,2641,1,0.0004
34,Ujjain,Pod,2546,23,0.009
34,Gurgaon,WH,108289,136,0.0013
34,Madurai,CX,14433,41,0.0028
34,Surat,CX,13036,28,0.0021
34,Agra,WH,3777,1,0.0003
34,Hosur,Sourcing,1019,1,0.001
34,Raipur,CX,7567,22,0.0029
34,Dindigul,Sourcing,1444,1,0.0007
34,Alappuzha,Sourcing,3737,2,0.0005
34,Cuttack,WH,5762,1,0.0002
34,Siliguri,WH,6945,7,0.001
34,Guntur,Sourcing,14968,29,0.0019
34,Ambala,WH,3158,1,0.0003
34,Dibrugarh,Pod,3417,18,0.0053
34,Mathura,WH,2028,1,0.0005
34,Bilaspur,Sourcing,1876,3,0.0016
34,Hosur,Pod,1019,13,0.0128
34,Jodhpur,Sourcing,2695,7,0.0026
34,Patna,Pod,23534,239,0.0102
34,Lucknow,CX,28611,44,0.0015
34,Central Goa,Sourcing,40942,111,0.0027
34,Palakkad,Sourcing,5157,8,0.0016
34,Saharanpur,WH,1181,1,0.0008
34,Anand,WH,1395,1,0.0007
34,Salem,Sourcing,11005,18,0.0016
34,Bangalore,Sourcing,687555,1633,0.0024
34,Nagercoil,WH,4600,2,0.0004
34,Karaikkudi,WH,2983,2,0.0007
34,Vapi,Sourcing,5293,3,0.0006
34,Chandigarh,Pod,35570,517,0.0145
34,Lucknow,Pod,28611,164,0.0057
34,Nanded,CX,1294,9,0.007
34,Noida 1,Pod,77274,817,0.0106
34,Kakinada,CX,5126,24,0.0047
34,Nizamabad,CX,1988,8,0.004
34,Noida,WH,32796,49,0.0015
34,Kozhikode,Pod,15665,62,0.004
34,Thiruvallur,Pod,2486,19,0.0076
34,Dehradun,Pod,14275,92,0.0064
34,Karimnagar,CX,5510,15,0.0027
34,Patiala,CX,5094,21,0.0041
34,Mangaluru,CX,22844,69,0.003
34,Varanasi,Pod,13830,73,0.0053
34,Cuttack,CX,5762,9,0.0016
34,Bhilai,Pod,1920,18,0.0094
34,Coimbatore,Sourcing,38081,38,0.001
34,Thiruvalla,Pod,6536,22,0.0034
34,Vadodara,CX,11625,22,0.0019
34,Delhi,CX,207118,633,0.0031
34,Cuddalore,Pod,1984,14,0.0071
34,Bhopal,Pod,9450,62,0.0066
34,Kanchipuram,Pod,4062,30,0.0074
34,Chennai,CX,274081,1053,0.0038
34,Ajmer,Sourcing,3159,2,0.0006
34,Ahmedabad,Sourcing,48647,130,0.0027
34,Rajahmundry,Pod,6155,27,0.0044
34,Vijayawada,Pod,24997,111,0.0044
34,Manipal,Sourcing,7411,7,0.0009
34,Mysore,Sourcing,29420,57,0.0019
34,Delhi,Sourcing,207118,732,0.0035
34,Nagpur,CX,13283,38,0.0029
34,Aligarh,Sourcing,3719,7,0.0019
34,Thiruvananthapuram,Pod,46476,261,0.0056
34,Bikaner,Pod,1511,16,0.0106
34,Lonavla,CX,1176,3,0.0026
34,Sri Ganganagar,WH,3721,1,0.0003
34,Gwalior,Pod,5444,36,0.0066
34,Guntur,Pod,14968,118,0.0079
34,Bathinda,CX,2195,3,0.0014
34,Roorkee,WH,1502,1,0.0007
34,Vizag,CX,31627,112,0.0035
34,Jalandhar,CX,3916,8,0.002
34,Khammam,Sourcing,6856,10,0.0015
34,Jaipur,CX,44038,157,0.0036
34,Indore,Pod,17129,125,0.0073
34,Shivamogga,Sourcing,4067,6,0.0015
34,Silchar,CX,4898,15,0.0031
34,Berhampur,Pod,2641,16,0.0061
34,Hyderabad,Pod,351059,2660,0.0076
34,Guwahati,WH,15099,10,0.0007
34,Bhimavaram,Sourcing,1544,3,0.0019
34,Vizag,Sourcing,31627,62,0.002
34,Coimbatore,CX,38081,157,0.0041
34,Thanjavur,WH,7123,5,0.0007
34,Rajahmundry,CX,6155,23,0.0037
34,Vizianagaram,CX,1750,3,0.0017
34,Kolhapur,WH,3554,1,0.0003
34,Bangalore,CX,687555,2122,0.0031
34,Belgaum,CX,3247,5,0.0015
34,Mysore,Pod,29420,160,0.0054
34,Bilaspur,CX,1876,3,0.0016
34,Bhilai,CX,1920,10,0.0052
34,Dibrugarh,Sourcing,3417,2,0.0006
34,Noida 1,Sourcing,77274,337,0.0044
34,Bangalore,WH,687555,1792,0.0026
34,Raipur,WH,7567,6,0.0008
34,Tirupati,CX,15760,56,0.0036
34,Ongole,Pod,3197,26,0.0081
34,Hyderabad,Sourcing,351059,783,0.0022
34,Tirupur,Pod,7212,57,0.0079
34,Chennai,WH,274081,351,0.0013
34,Nashik,Pod,8117,71,0.0087
34,Ludhiana,Pod,12177,93,0.0076
34,Thoothukudi,Pod,6367,37,0.0058
34,Kanchipuram,CX,4062,12,0.003
34,Bhilai,Sourcing,1920,6,0.0031
34,Sonipat,Pod,2458,22,0.009
34,Gwalior,WH,5444,5,0.0009
34,Davanagere,CX,2176,9,0.0041
34,Sri Ganganagar,Pod,3721,32,0.0086
34,Kochi,CX,89471,161,0.0018
34,Trichy,WH,11483,10,0.0009
34,Ludhiana,WH,12177,16,0.0013
34,Belgaum,Pod,3247,13,0.004
34,Cuttack,Pod,5762,9,0.0016
34,Salem,Pod,11005,69,0.0063
34,Kochi,Sourcing,89471,190,0.0021
34,Bhimavaram,Pod,1544,12,0.0078
34,Karaikkudi,CX,2983,10,0.0034
34,Panipat,Sourcing,5064,16,0.0032
34,Noida 1,WH,77274,136,0.0018
34,Meerut,WH,5306,3,0.0006
34,Anantapur,Pod,6548,39,0.006
34,Ludhiana,CX,12177,37,0.003
34,Allahabad,CX,3643,8,0.0022
34,Varanasi,Sourcing,13830,9,0.0007
34,Khammam,WH,6856,8,0.0012
34,Jalandhar,Pod,3916,17,0.0043
34,Warangal,CX,13603,45,0.0033
34,Kota,Pod,1523,11,0.0072
34,Kanpur,CX,6906,6,0.0009
34,Gwalior,CX,5444,16,0.0029
34,Gurgaon,Sourcing,108289,374,0.0035
34,Agra,CX,3777,15,0.004
34,Patiala,Pod,5094,42,0.0082
34,Khammam,CX,6856,17,0.0025
34,Moradabad,WH,4272,5,0.0012
34,Warangal,WH,13603,26,0.0019
34,Udaipur,CX,6291,24,0.0038
34,Faridabad,Pod,12428,133,0.0107
34,Thanjavur,Pod,7123,38,0.0053
34,Thiruvananthapuram,CX,46476,86,0.0019
34,Guntur,CX,14968,65,0.0043
34,Jaipur,WH,44038,26,0.0006
34,Silchar,Pod,4898,37,0.0076
34,Hyderabad,WH,351059,583,0.0017
34,Coimbatore,WH,38081,40,0.0011
34,Patna,CX,23534,103,0.0044
34,Pune,WH,160118,122,0.0008
34,Bhimavaram,CX,1544,7,0.0045
34,Nagpur,WH,13283,11,0.0008
34,Chennai,Sourcing,274081,601,0.0022
34,Salem,CX,11005,46,0.0042
34,Davanagere,WH,2176,1,0.0005
34,Karimnagar,Pod,5510,24,0.0044
34,Guwahati,Pod,15099,118,0.0078
34,Hosur,CX,1019,1,0.001
34,Allahabad,WH,3643,1,0.0003
34,Muzaffarpur,Pod,2129,24,0.0113
34,Rajkot,Pod,6798,61,0.009
34,Kolkata,CX,120736,331,0.0027
34,Vizianagaram,Sourcing,1750,3,0.0017
34,Chandigarh,WH,35570,32,0.0009
34,Vadodara,WH,11625,3,0.0003
34,Latur,Sourcing,1052,1,0.001
34,Karnal,Sourcing,1969,4,0.002
34,Trichy,CX,11483,45,0.0039
34,Eluru,CX,1890,6,0.0032
34,Ongole,CX,3197,14,0.0044
34,Chennai,Pod,274081,2428,0.0089
34,Hosur,WH,1019,2,0.002
34,Bhopal,WH,9450,5,0.0005
34,Vapi,CX,5293,7,0.0013
34,Nizamabad,WH,1988,1,0.0005
34,Ludhiana,Sourcing,12177,35,0.0029
34,Pune,Pod,160118,1240,0.0077
34,Mumbai,CX,356456,999,0.0028
34,Belgaum,WH,3247,1,0.0003
34,Anand,CX,1395,3,0.0022
34,Rajahmundry,Sourcing,6155,3,0.0005
34,Kolkata,Pod,120736,1014,0.0084
34,Central Goa,Pod,40942,263,0.0064
34,Palakkad,CX,5157,2,0.0004
34,Bangalore,Pod,687555,5778,0.0084
34,Kota,CX,1523,1,0.0007
34,Nagpur,Pod,13283,81,0.0061
34,Bathinda,WH,2195,4,0.0018
34,Thrissur,WH,24056,13,0.0005
34,Hubli,WH,3292,1,0.0003
34,Vellore,Pod,10514,54,0.0051
34,Pondicherry,WH,10974,22,0.002
34,Thrissur,Pod,24056,106,0.0044
34,Sri Ganganagar,CX,3721,10,0.0027
34,Tumakuru,Sourcing,4211,6,0.0014
34,Nellore,CX,8994,38,0.0042
34,Dibrugarh,CX,3417,6,0.0018
34,Bathinda,Pod,2195,21,0.0096
34,Thoothukudi,WH,6367,13,0.002
34,Kanpur,Sourcing,6906,10,0.0014
34,Tirunelveli,Pod,7019,29,0.0041
34,Jodhpur,Pod,2695,15,0.0056
34,Patiala,Sourcing,5094,18,0.0035
34,Jamshedpur,Sourcing,9150,15,0.0016
34,Thiruvallur,Sourcing,2486,4,0.0016
34,Karur,WH,3742,4,0.0011
34,Nellore,Sourcing,8994,31,0.0034
34,Guntur,WH,14968,32,0.0021
34,Ujjain,Sourcing,2546,4,0.0016
34,Bareilly,Sourcing,2453,11,0.0045
34,Eluru,Pod,1890,14,0.0074
34,Nagercoil,Sourcing,4600,3,0.0007
34,Jabalpur,Pod,5075,28,0.0055
34,Manipal,Pod,7411,45,0.0061
34,Thiruvalla,CX,6536,2,0.0003
34,Ujjain,WH,2546,2,0.0008
34,Raipur,Sourcing,7567,7,0.0009
34,Bilaspur,WH,1876,2,0.0011
34,Silchar,Sourcing,4898,4,0.0008
34,Nanded,Sourcing,1294,3,0.0023
34,Gorakhpur,Sourcing,4913,8,0.0016
34,Panipat,WH,5064,3,0.0006
34,Roorkee,Sourcing,1502,3,0.002
34,Sonipat,CX,2458,6,0.0024
34,Aurangabad,Sourcing,3695,6,0.0016
34,Cuddalore,WH,1984,2,0.001
34,Jabalpur,WH,5075,6,0.0012
34,Kakinada,WH,5126,8,0.0016
34,Nagercoil,Pod,4600,16,0.0035
34,Kollam,Pod,9519,30,0.0032
34,Kolkata,WH,120736,161,0.0013
34,Mangaluru,WH,22844,26,0.0011
34,Alappuzha,CX,3737,5,0.0013
34,Nashik,CX,8117,22,0.0027
34,Vapi,Pod,5293,34,0.0064
34,Amritsar,Pod,4956,38,0.0077
34,Patna,WH,23534,25,0.0011
34,Warangal,Sourcing,13603,21,0.0015
34,Saharanpur,Sourcing,1181,2,0.0017
34,Khammam,Pod,6856,29,0.0042
34,Muzaffarpur,WH,2129,4,0.0019
34,Roorkee,Pod,1502,11,0.0073
34,Bikaner,CX,1511,10,0.0066
34,Anantapur,CX,6548,24,0.0037
34,Chandigarh,CX,35570,207,0.0058
34,Rohtak,Pod,5092,57,0.0112
34,Jalandhar,WH,3916,6,0.0015
34,Jamshedpur,Pod,9150,108,0.0118
34,Manipal,WH,7411,14,0.0019
34,Pondicherry,Pod,10974,63,0.0057
34,Sonipat,Sourcing,2458,6,0.0024
34,Kottayam,Pod,5744,20,0.0035
34,Gorakhpur,Pod,4913,16,0.0033
34,Ambala,Sourcing,3158,12,0.0038
34,Mumbai,Sourcing,356456,734,0.0021
34,Kottayam,CX,5744,7,0.0012
34,Delhi,WH,207118,216,0.001
34,Mangaluru,Pod,22844,128,0.0056
34,Kollam,CX,9519,15,0.0016
34,Ahmedabad,Pod,48647,441,0.0091
34,Ranchi,Sourcing,10008,19,0.0019
34,Kurnool,Pod,6950,43,0.0062
34,Hyderabad,CX,351059,1460,0.0042
34,Vizag,Pod,31627,204,0.0065
34,Moradabad,CX,4272,4,0.0009
34,Jaipur,Pod,44038,292,0.0066
34,Bhimavaram,WH,1544,3,0.0019
34,Kozhikode,Sourcing,15665,18,0.0011
34,Bhubaneswar,CX,48617,104,0.0021
34,Thrissur,Sourcing,24056,23,0.001
34,Noida,Pod,32796,327,0.01
34,Kochi,Pod,89471,503,0.0056
34,Surat,Pod,13036,73,0.0056
34,Palakkad,WH,5157,4,0.0008
34,Bhubaneswar,Sourcing,48617,79,0.0016
34,Dehradun,CX,14275,32,0.0022
34,Kakinada,Pod,5126,29,0.0057
34,Mysore,WH,29420,83,0.0028
34,Delhi,Pod,207118,1829,0.0088
34,Gurgaon,CX,108289,328,0.003
34,Vizag,WH,31627,100,0.0032
34,Central Goa,WH,40942,18,0.0004
34,Surat,Sourcing,13036,22,0.0017
34,Panipat,CX,5064,18,0.0036
34,Shivamogga,Pod,4067,33,0.0081
34,Patiala,WH,5094,6,0.0012
34,Siliguri,CX,6945,19,0.0027
34,Davanagere,Pod,2176,18,0.0083
34,Vadodara,Pod,11625,61,0.0052
34,Lucknow,Sourcing,28611,66,0.0023
34,Dehradun,Sourcing,14275,38,0.0027
34,Warangal,Pod,13603,86,0.0063
34,Gwalior,Sourcing,5444,9,0.0017
34,Erode,Sourcing,4687,7,0.0015
34,Tirunelveli,Sourcing,7019,4,0.0006
34,Thanjavur,Sourcing,7123,9,0.0013
34,Anantapur,Sourcing,6548,8,0.0012
34,Hubli,Pod,3292,10,0.003
34,Faridabad,Sourcing,12428,28,0.0023
34,Karimnagar,WH,5510,9,0.0016
34,Rohtak,Sourcing,5092,21,0.0041
34,Alappuzha,Pod,3737,13,0.0035
34,Karur,Sourcing,3742,6,0.0016
34,Rajkot,WH,6798,3,0.0004
34,Bilaspur,Pod,1876,13,0.0069
34,Meerut,CX,5306,8,0.0015
34,Anand,Sourcing,1395,2,0.0014
34,Amritsar,Sourcing,4956,9,0.0018
34,Nizamabad,Pod,1988,14,0.007
34,Jabalpur,Sourcing,5075,3,0.0006
34,Ambala,CX,3158,5,0.0016
34,Tirupati,Sourcing,15760,25,0.0016
34,Bareilly,Pod,2453,14,0.0057
34,Panipat,Pod,5064,34,0.0067
34,Muzaffarpur,CX,2129,15,0.007
34,Manipal,CX,7411,16,0.0022
34,Tirunelveli,WH,7019,13,0.0019
34,Rajkot,Sourcing,6798,13,0.0019
34,Indore,Sourcing,17129,33,0.0019
34,Raipur,Pod,7567,59,0.0078
34,Rohtak,CX,5092,20,0.0039
34,Moradabad,Sourcing,4272,9,0.0021
34,Palakkad,Pod,5157,23,0.0045
34,Kannur,Sourcing,2378,5,0.0021
34,Thoothukudi,CX,6367,18,0.0028
34,Salem,WH,11005,13,0.0012
34,Amritsar,CX,4956,26,0.0052
34,Jaipur,Sourcing,44038,75,0.0017
34,Guwahati,Sourcing,15099,26,0.0017
34,Eluru,WH,1890,2,0.0011
34,Nizamabad,Sourcing,1988,5,0.0025
34,Ahmedabad,WH,48647,38,0.0008
34,Nashik,Sourcing,8117,22,0.0027
34,Kottayam,Sourcing,5744,9,0.0016
34,Trichy,Sourcing,11483,16,0.0014
34,Aurangabad,Pod,3695,18,0.0049
34,Thrissur,CX,24056,17,0.0007
34,Chandigarh,Sourcing,35570,106,0.003
34,Tirupur,Sourcing,7212,12,0.0017
34,Silchar,WH,4898,6,0.0012
34,Ambala,Pod,3158,21,0.0067
34,Amravati,Pod,1678,13,0.0077
34,Kozhikode,CX,15665,23,0.0015
34,Ongole,WH,3197,7,0.0022
34,Tumakuru,Pod,4211,22,0.0052
34,Lucknow,WH,28611,25,0.0009
34,Kurnool,WH,6950,20,0.0029
34,Hubli,Sourcing,3292,3,0.0009
34,Ajmer,WH,3159,5,0.0016
34,Kollam,WH,9519,8,0.0008
34,Karimnagar,Sourcing,5510,11,0.002
34,Vijayawada,CX,24997,66,0.0026
34,Meerut,Sourcing,5306,13,0.0025
34,Shivamogga,CX,4067,14,0.0034
34,Thiruvallur,CX,2486,15,0.006
34,Madurai,Sourcing,14433,17,0.0012
34,Vellore,Sourcing,10514,11,0.001
34,Patna,Sourcing,23534,61,0.0026
34,Vadodara,Sourcing,11625,16,0.0014
34,Cuddalore,CX,1984,11,0.0055
34,Shivamogga,WH,4067,5,0.0012
34,Mysore,CX,29420,96,0.0033
34,Kozhikode,WH,15665,24,0.0015
34,Anantapur,WH,6548,4,0.0006
34,Vijayawada,Sourcing,24997,30,0.0012
34,Ajmer,CX,3159,7,0.0022
34,Agra,Sourcing,3777,2,0.0005
34,Vellore,CX,10514,33,0.0031
34,Hubli,CX,3292,6,0.0018
34,Karaikkudi,Sourcing,2983,4,0.0013
34,Latur,CX,1052,8,0.0076
34,Mathura,CX,2028,4,0.002
34,Mumbai,Pod,356456,2625,0.0074
34,Amravati,Sourcing,1678,4,0.0024
34,Kottayam,WH,5744,5,0.0009
34,Kanchipuram,WH,4062,2,0.0005
34,Allahabad,Pod,3643,27,0.0074
34,Vellore,WH,10514,19,0.0018
34,Ranchi,Pod,10008,50,0.005
34,Karnal,Pod,1969,25,0.0127
34,Thiruvalla,Sourcing,6536,6,0.0009
34,Siliguri,Pod,6945,52,0.0075
34,Nanded,Pod,1294,7,0.0054
34,Jalandhar,Sourcing,3916,7,0.0018
34,Thiruvalla,WH,6536,7,0.0011
34,Kolkata,Sourcing,120736,267,0.0022
34,Tumakuru,CX,4211,20,0.0047
34,Kanpur,WH,6906,3,0.0004
34,Kannur,Pod,2378,11,0.0046
34,Berhampur,Sourcing,2641,6,0.0023
34,Tirupati,Pod,15760,100,0.0063
34,Kolhapur,Pod,3554,43,0.0121
34,Rudrapur,Pod,1830,16,0.0087
34,Dindigul,Pod,1444,7,0.0048
34,Faridabad,CX,12428,72,0.0058
34,Ongole,Sourcing,3197,13,0.0041
34,Udaipur,Sourcing,6291,16,0.0025
34,Kanpur,Pod,6906,25,0.0036
34,Trichy,Pod,11483,70,0.0061
34,Kakinada,Sourcing,5126,12,0.0023
34,Noida,Sourcing,32796,123,0.0038
34,Kota,Sourcing,1523,6,0.0039
34,Tirupati,WH,15760,23,0.0015
34,Belgaum,Sourcing,3247,3,0.0009
34,Lonavla,WH,1176,2,0.0017
34,Nellore,Pod,8994,87,0.0097
34,Dehradun,WH,14275,5,0.0004
34,Anand,Pod,1395,7,0.005
34,Erode,WH,4687,4,0.0009
34,Ajmer,Pod,3159,16,0.0051
34,Karaikkudi,Pod,2983,13,0.0044
34,Lonavla,Pod,1176,9,0.0077
34,Tirunelveli,CX,7019,7,0.001
34,Siliguri,Sourcing,6945,15,0.0022
34,Thanjavur,CX,7123,9,0.0013
34,Jamshedpur,CX,9150,31,0.0034
34,Noida,CX,32796,115,0.0035
34,Faridabad,WH,12428,9,0.0007
34,Muzaffarpur,Sourcing,2129,6,0.0028
34,Tirupur,WH,7212,14,0.0019
34,Kurnool,CX,6950,26,0.0037
34,Kanchipuram,Sourcing,4062,5,0.0012
34,Jamshedpur,WH,9150,13,0.0014
34,Cuddalore,Sourcing,1984,7,0.0035
34,Davanagere,Sourcing,2176,5,0.0023
34,Moradabad,Pod,4272,21,0.0049
34,Rohtak,WH,5092,6,0.0012
34,Agra,Pod,3777,27,0.0071
34,Meerut,Pod,5306,31,0.0058
34,Tumakuru,WH,4211,3,0.0007
34,Indore,CX,17129,43,0.0025
34,Vizianagaram,Pod,1750,8,0.0046
34,Rudrapur,Sourcing,1830,5,0.0027
34,Nagercoil,CX,4600,3,0.0007
34,Kolhapur,CX,3554,17,0.0048
34,Ujjain,CX,2546,3,0.0012
34,Kannur,CX,2378,8,0.0034
34,Ranchi,WH,10008,14,0.0014
34,Jabalpur,CX,5075,19,0.0037
34,Thoothukudi,Sourcing,6367,12,0.0019
34,Udaipur,WH,6291,6,0.001
34,Karur,Pod,3742,23,0.0061
34,Bikaner,Sourcing,1511,2,0.0013
34,Thiruvananthapuram,WH,46476,30,0.0006
34,Eluru,Sourcing,1890,8,0.0042
34,Surat,WH,13036,9,0.0007
34,Kolhapur,Sourcing,3554,9,0.0025
34,Kota,WH,1523,4,0.0026
34,Rudrapur,CX,1830,2,0.0011
34,Kochi,WH,89471,65,0.0007
34,Allahabad,Sourcing,3643,9,0.0025
34,Central Goa,CX,40942,104,0.0025
34,Pondicherry,CX,10974,21,0.0019
34,Thiruvananthapuram,Sourcing,46476,68,0.0015
34,Karur,CX,3742,14,0.0037
34,Erode,CX,4687,12,0.0026
34,Mathura,Pod,2028,9,0.0044
34,Rajahmundry,WH,6155,15,0.0024
34,Aurangabad,CX,3695,7,0.0019
34,Saharanpur,CX,1181,6,0.0051
34,Bhopal,Sourcing,9450,23,0.0024
34,Mumbai,WH,356456,229,0.0006
34,Mangaluru,Sourcing,22844,31,0.0014
34,Madurai,WH,14433,24,0.0017
34,Gorakhpur,WH,4913,1,0.0002
34,Berhampur,CX,2641,7,0.0027
34,Bathinda,Sourcing,2195,5,0.0023
34,Gurgaon,Pod,108289,921,0.0085
34,Varanasi,CX,13830,26,0.0019
34,Noida 1,CX,77274,231,0.003
34,Coimbatore,Pod,38081,289,0.0076
34,Varanasi,WH,13830,7,0.0005
34,Bhubaneswar,WH,48617,18,0.0004
34,Mathura,Sourcing,2028,1,0.0005
34,Aurangabad,WH,3695,6,0.0016
34,Erode,Pod,4687,18,0.0038
34,Pune,CX,160118,558,0.0035
34,Bareilly,CX,2453,11,0.0045
34,Saharanpur,Pod,1181,10,0.0085
34,Pune,Sourcing,160118,347,0.0022
34,Pondicherry,Sourcing,10974,11,0.001
34,Rajkot,CX,6798,8,0.0012
34,Roorkee,CX,1502,5,0.0033
34,Bhubaneswar,Pod,48617,296,0.0061
34,Udaipur,Pod,6291,66,0.0105
34,Kurnool,Sourcing,6950,12,0.0017
34,Guwahati,CX,15099,42,0.0028
34,Tirupur,CX,7212,27,0.0037
34,Kollam,Sourcing,9519,18,0.0019
34,Indore,WH,17129,13,0.0008
34,Nellore,WH,8994,20,0.0022
34,Madurai,Pod,14433,69,0.0048
34,Bhopal,CX,9450,29,0.0031
34,Jodhpur,CX,2695,10,0.0037
34,Karnal,CX,1969,12,0.0061
34,Vijayawada,WH,24997,57,0.0023
34,Nagpur,Sourcing,13283,23,0.0017
34,Aligarh,Pod,3719,20,0.0054
34,Sri Ganganagar,Sourcing,3721,7,0.0019
34,Nashik,WH,8117,11,0.0014
35,Guwahati,CX,15405,52,0.0034
35,Pondicherry,CX,11826,51,0.0043
35,Thiruvananthapuram,Sourcing,43637,63,0.0014
35,Vizianagaram,Sourcing,1876,1,0.0005
35,Hyderabad,Pod,331853,2581,0.0078
35,Jamshedpur,Pod,8224,126,0.0153
35,Anantapur,CX,7128,21,0.0029
35,Eluru,Pod,1992,3,0.0015
35,Siliguri,Pod,6610,52,0.0079
35,Anand,CX,1191,1,0.0008
35,Bangalore,Pod,663597,4964,0.0075
35,Thiruvalla,Sourcing,6770,5,0.0007
35,Mumbai,Sourcing,339942,654,0.0019
35,Vadodara,CX,10746,38,0.0035
35,Nagpur,CX,13207,28,0.0021
35,Thrissur,Pod,26600,66,0.0025
35,Aurangabad,WH,3529,1,0.0003
35,Jamshedpur,CX,8224,38,0.0046
35,Mangaluru,Sourcing,21302,33,0.0015
35,Mumbai,CX,339942,798,0.0023
35,Cuddalore,WH,2090,2,0.001
35,Nizamabad,WH,1900,1,0.0005
35,Faridabad,Pod,11785,107,0.0091
35,Thrissur,Sourcing,26600,26,0.001
35,Lucknow,CX,30897,39,0.0013
35,Latur,Sourcing,1075,3,0.0028
35,Mysore,Sourcing,28167,53,0.0019
35,Bhilai,Pod,1627,14,0.0086
35,Nellore,Pod,9338,83,0.0089
35,Saharanpur,Sourcing,1056,2,0.0019
35,Ajmer,WH,2846,1,0.0004
35,Roorkee,Pod,1298,18,0.0139
35,Nizamabad,CX,1900,2,0.0011
35,Udaipur,CX,5358,20,0.0037
35,Belgaum,Sourcing,3326,4,0.0012
35,Sonipat,CX,2372,8,0.0034
35,Salem,WH,10653,11,0.001
35,Gwalior,Sourcing,4500,8,0.0018
35,Thiruvalla,WH,6770,5,0.0007
35,Bhimavaram,CX,1487,12,0.0081
35,Jalandhar,WH,3430,6,0.0017
35,Warangal,Sourcing,13058,18,0.0014
35,Kolhapur,Sourcing,2265,8,0.0035
35,Nanded,Pod,1266,11,0.0087
35,Central Goa,WH,38885,18,0.0005
35,Dindigul,Pod,1365,5,0.0037
35,Siliguri,WH,6610,6,0.0009
35,Ambala,Sourcing,3255,4,0.0012
35,Moradabad,Pod,3893,28,0.0072
35,Kannur,Sourcing,2325,6,0.0026
35,Berhampur,CX,2348,4,0.0017
35,Bangalore,CX,663597,1752,0.0026
35,Tirupur,Sourcing,6702,4,0.0006
35,Agra,WH,3158,2,0.0006
35,Jaipur,WH,36936,26,0.0007
35,Tirupati,WH,15746,10,0.0006
35,Bhopal,WH,10080,2,0.0002
35,Kottayam,Sourcing,6151,10,0.0016
35,Guwahati,WH,15405,21,0.0014
35,Mysore,CX,28167,75,0.0027
35,Vadodara,WH,10746,9,0.0008
35,Nanded,CX,1266,6,0.0047
35,Moradabad,Sourcing,3893,14,0.0036
35,Madurai,Sourcing,14909,30,0.002
35,Dibrugarh,Pod,3323,12,0.0036
35,Vijayawada,CX,24777,77,0.0031
35,Khammam,CX,6765,26,0.0038
35,Warangal,WH,13058,19,0.0015
35,Kannur,WH,2325,2,0.0009
35,Jabalpur,Sourcing,3838,7,0.0018
35,Jalandhar,Sourcing,3430,7,0.002
35,Allahabad,CX,4082,8,0.002
35,Sonipat,WH,2372,1,0.0004
35,Ajmer,Pod,2846,14,0.0049
35,Bhilai,Sourcing,1627,2,0.0012
35,Patiala,CX,5606,18,0.0032
35,Hosur,CX,1060,5,0.0047
35,Silchar,WH,4610,10,0.0022
35,Noida,Sourcing,32996,146,0.0044
35,Rajkot,WH,6184,6,0.001
35,Karaikkudi,WH,2895,3,0.001
35,Ongole,WH,3802,11,0.0029
35,Siliguri,Sourcing,6610,12,0.0018
35,Silchar,Sourcing,4610,6,0.0013
35,Gorakhpur,Sourcing,5744,12,0.0021
35,Lonavla,Sourcing,1150,1,0.0009
35,Ujjain,Pod,2257,19,0.0084
35,Bikaner,Pod,1458,20,0.0137
35,Silchar,CX,4610,8,0.0017
35,Kakinada,CX,5157,10,0.0019
35,Shivamogga,Pod,3925,39,0.0099
35,Thanjavur,Sourcing,6773,9,0.0013
35,Kottayam,WH,6151,13,0.0021
35,Ranchi,WH,10199,8,0.0008
35,Anand,Pod,1191,3,0.0025
35,Ranchi,Pod,10199,68,0.0067
35,Bilaspur,WH,1695,2,0.0012
35,Tirunelveli,WH,6697,7,0.001
35,Aurangabad,Sourcing,3529,10,0.0028
35,Kannur,CX,2325,7,0.003
35,Karur,Sourcing,3560,2,0.0006
35,Warangal,Pod,13058,83,0.0064
35,Indore,Sourcing,15289,29,0.0019
35,Kurnool,CX,6942,10,0.0014
35,Guntur,Pod,16520,105,0.0064
35,Delhi,Sourcing,193962,717,0.0037
35,Ajmer,Sourcing,2846,4,0.0014
35,Kochi,Sourcing,89216,153,0.0017
35,Bathinda,WH,2243,2,0.0009
35,Hyderabad,CX,331853,1185,0.0036
35,Saharanpur,CX,1056,2,0.0019
35,Raipur,CX,6554,11,0.0017
35,Dehradun,Pod,12463,82,0.0066
35,Nagpur,Sourcing,13207,19,0.0014
35,Trichy,WH,11338,10,0.0009
35,Nizamabad,Sourcing,1900,4,0.0021
35,Karnal,CX,1849,10,0.0054
35,Mathura,CX,1937,4,0.0021
35,Mathura,Pod,1937,9,0.0046
35,Shivamogga,WH,3925,7,0.0018
35,Bareilly,CX,2362,2,0.0008
35,Erode,Sourcing,4439,2,0.0005
35,Kolkata,WH,111936,213,0.0019
35,Kolkata,Pod,111936,977,0.0087
35,Tumakuru,WH,4296,4,0.0009
35,Meerut,Pod,5926,31,0.0052
35,Hosur,WH,1060,1,0.0009
35,Ujjain,CX,2257,5,0.0022
35,Cuttack,WH,6560,2,0.0003
35,Kurnool,WH,6942,11,0.0016
35,Gorakhpur,Pod,5744,17,0.003
35,Ahmedabad,WH,41070,43,0.001
35,Kolhapur,WH,2265,1,0.0004
35,Jodhpur,CX,2197,18,0.0082
35,Thiruvallur,WH,2253,1,0.0004
35,Anantapur,WH,7128,8,0.0011
35,Palakkad,CX,5412,7,0.0013
35,Varanasi,WH,14811,9,0.0006
35,Khammam,Pod,6765,25,0.0037
35,Nashik,CX,8405,18,0.0021
35,Kakinada,Sourcing,5157,11,0.0021
35,Lonavla,Pod,1150,7,0.0061
35,Sri Ganganagar,WH,3341,4,0.0012
35,Hyderabad,Sourcing,331853,645,0.0019
35,Khammam,WH,6765,8,0.0012
35,Erode,WH,4439,8,0.0018
35,Manipal,WH,5952,5,0.0008
35,Pondicherry,Sourcing,11826,13,0.0011
35,Vapi,CX,5702,17,0.003
35,Meerut,CX,5926,6,0.001
35,Kanchipuram,WH,3692,3,0.0008
35,Udaipur,Sourcing,5358,13,0.0024
35,Jabalpur,Pod,3838,28,0.0073
35,Kottayam,Pod,6151,39,0.0063
35,Nagpur,Pod,13207,76,0.0058
35,Thiruvallur,CX,2253,11,0.0049
35,Hosur,Sourcing,1060,2,0.0019
35,Raipur,Sourcing,6554,5,0.0008
35,Thanjavur,WH,6773,7,0.001
35,Faridabad,WH,11785,13,0.0011
35,Ludhiana,WH,12525,13,0.001
35,Lucknow,Pod,30897,202,0.0065
35,Kanchipuram,CX,3692,14,0.0038
35,Thanjavur,Pod,6773,30,0.0044
35,Thoothukudi,CX,5890,16,0.0027
35,Guntur,WH,16520,44,0.0027
35,Jalandhar,Pod,3430,17,0.005
35,Kozhikode,Sourcing,16323,17,0.001
35,Nashik,Pod,8405,54,0.0064
35,Noida 1,WH,70177,157,0.0022
35,Chennai,CX,263414,1009,0.0038
35,Surat,Pod,12516,71,0.0057
35,Faridabad,CX,11785,41,0.0035
35,Kottayam,CX,6151,12,0.002
35,Jaipur,Pod,36936,254,0.0069
35,Nashik,WH,8405,9,0.0011
35,Cuddalore,Pod,2090,8,0.0038
35,Tumakuru,CX,4296,10,0.0023
35,Rohtak,Sourcing,5237,13,0.0025
35,Aurangabad,CX,3529,3,0.0009
35,Alappuzha,Sourcing,4546,2,0.0004
35,Gwalior,CX,4500,7,0.0016
35,Kolkata,Sourcing,111936,219,0.002
35,Thiruvallur,Sourcing,2253,7,0.0031
35,Tirunelveli,Sourcing,6697,9,0.0013
35,Vadodara,Pod,10746,65,0.006
35,Saharanpur,Pod,1056,8,0.0076
35,Cuttack,Sourcing,6560,10,0.0015
35,Aligarh,Sourcing,3973,11,0.0028
35,Bikaner,CX,1458,2,0.0014
35,Amritsar,WH,5128,5,0.001
35,Rajahmundry,CX,6503,12,0.0018
35,Berhampur,Pod,2348,12,0.0051
35,Jalandhar,CX,3430,5,0.0015
35,Aligarh,WH,3973,1,0.0003
35,Varanasi,Sourcing,14811,19,0.0013
35,Jamshedpur,Sourcing,8224,20,0.0024
35,Vellore,WH,10510,6,0.0006
35,Hubli,Sourcing,1956,3,0.0015
35,Vellore,Sourcing,10510,14,0.0013
35,Patna,WH,25589,23,0.0009
35,Allahabad,Pod,4082,27,0.0066
35,Bikaner,Sourcing,1458,3,0.0021
35,Sonipat,Pod,2372,25,0.0105
35,Noida 1,Pod,70177,747,0.0106
35,Erode,Pod,4439,29,0.0065
35,Kollam,WH,10134,5,0.0005
35,Karur,WH,3560,3,0.0008
35,Chennai,Pod,263414,2427,0.0092
35,Karaikkudi,Pod,2895,19,0.0066
35,Gwalior,WH,4500,3,0.0007
35,Mysore,WH,28167,51,0.0018
35,Amravati,Sourcing,1509,2,0.0013
35,Lucknow,WH,30897,20,0.0006
35,Kochi,CX,89216,203,0.0023
35,Siliguri,CX,6610,4,0.0006
35,Rajkot,Sourcing,6184,9,0.0015
35,Bareilly,WH,2362,1,0.0004
35,Eluru,Sourcing,1992,4,0.002
35,Dehradun,WH,12463,10,0.0008
35,Guwahati,Pod,15405,139,0.009
35,Jodhpur,Sourcing,2197,4,0.0018
35,Roorkee,CX,1298,4,0.0031
35,Shivamogga,CX,3925,15,0.0038
35,Bathinda,Pod,2243,25,0.0111
35,Kakinada,WH,5157,5,0.001
35,Moradabad,CX,3893,6,0.0015
35,Panipat,Pod,4895,26,0.0053
35,Nizamabad,Pod,1900,7,0.0037
35,Chennai,Sourcing,263414,759,0.0029
35,Warangal,CX,13058,55,0.0042
35,Ujjain,WH,2257,1,0.0004
35,Kollam,Pod,10134,43,0.0042
35,Bhopal,Sourcing,10080,22,0.0022
35,Muzaffarpur,CX,2175,1,0.0005
35,Dibrugarh,CX,3323,4,0.0012
35,Nellore,CX,9338,33,0.0035
35,Thoothukudi,Pod,5890,27,0.0046
35,Erode,CX,4439,5,0.0011
35,Surat,CX,12516,16,0.0013
35,Indore,WH,15289,13,0.0009
35,Belgaum,Pod,3326,8,0.0024
35,Bhubaneswar,Pod,51140,300,0.0059
35,Thanjavur,CX,6773,7,0.001
35,Noida,WH,32996,47,0.0014
35,Bathinda,CX,2243,8,0.0036
35,Mumbai,Pod,339942,2352,0.0069
35,Rudrapur,CX,1589,1,0.0006
35,Gorakhpur,CX,5744,12,0.0021
35,Vellore,CX,10510,20,0.0019
35,Ranchi,Sourcing,10199,9,0.0009
35,Ludhiana,Pod,12525,135,0.0108
35,Thiruvananthapuram,Pod,43637,365,0.0084
35,Tirupur,CX,6702,15,0.0022
35,Bangalore,WH,663597,1277,0.0019
35,Mangaluru,Pod,21302,173,0.0081
35,Alappuzha,WH,4546,4,0.0009
35,Vizag,WH,30429,42,0.0014
35,Delhi,CX,193962,566,0.0029
35,Vizag,Pod,30429,218,0.0072
35,Patiala,Sourcing,5606,18,0.0032
35,Moradabad,WH,3893,1,0.0003
35,Gurgaon,Sourcing,91545,322,0.0035
35,Coimbatore,CX,39360,113,0.0029
35,Chandigarh,Sourcing,33933,112,0.0033
35,Tirupur,Pod,6702,41,0.0061
35,Patna,CX,25589,63,0.0025
35,Gurgaon,CX,91545,283,0.0031
35,Amritsar,CX,5128,23,0.0045
35,Kolhapur,Pod,2265,17,0.0075
35,Thrissur,CX,26600,18,0.0007
35,Ahmedabad,Pod,41070,347,0.0084
35,Noida,Pod,32996,332,0.0101
35,Mathura,WH,1937,1,0.0005
35,Tirupati,Pod,15746,139,0.0088
35,Chandigarh,Pod,33933,460,0.0136
35,Kolhapur,CX,2265,6,0.0026
35,Vellore,Pod,10510,66,0.0063
35,Vapi,WH,5702,1,0.0002
35,Nanded,Sourcing,1266,3,0.0024
35,Nagercoil,WH,3958,2,0.0005
35,Bhopal,Pod,10080,84,0.0083
35,Dibrugarh,Sourcing,3323,1,0.0003
35,Tirunelveli,CX,6697,4,0.0006
35,Kota,Pod,1606,5,0.0031
35,Pune,CX,148100,419,0.0028
35,Karnal,Sourcing,1849,2,0.0011
35,Karimnagar,Pod,5153,37,0.0072
35,Central Goa,Sourcing,38885,122,0.0031
35,Ongole,Sourcing,3802,13,0.0034
35,Hosur,Pod,1060,11,0.0104
35,Rajahmundry,WH,6503,6,0.0009
35,Khammam,Sourcing,6765,7,0.001
35,Shivamogga,Sourcing,3925,4,0.001
35,Kanpur,Sourcing,6583,18,0.0027
35,Vizianagaram,WH,1876,6,0.0032
35,Roorkee,Sourcing,1298,2,0.0015
35,Hubli,Pod,1956,8,0.0041
35,Vapi,Sourcing,5702,5,0.0009
35,Kota,Sourcing,1606,2,0.0012
35,Palakkad,Pod,5412,20,0.0037
35,Pondicherry,WH,11826,22,0.0019
35,Latur,CX,1075,3,0.0028
35,Karaikkudi,Sourcing,2895,4,0.0014
35,Muzaffarpur,WH,2175,4,0.0018
35,Hubli,CX,1956,6,0.0031
35,Bilaspur,Sourcing,1695,4,0.0024
35,Dindigul,CX,1365,4,0.0029
35,Karimnagar,CX,5153,7,0.0014
35,Karnal,Pod,1849,26,0.0141
35,Meerut,WH,5926,4,0.0007
35,Davanagere,WH,2259,1,0.0004
35,Varanasi,CX,14811,26,0.0018
35,Thiruvalla,Pod,6770,24,0.0035
35,Delhi,Pod,193962,1811,0.0093
35,Rajahmundry,Sourcing,6503,5,0.0008
35,Rohtak,WH,5237,5,0.001
35,Latur,Pod,1075,11,0.0102
35,Gwalior,Pod,4500,36,0.008
35,Alappuzha,CX,4546,3,0.0007
35,Kanpur,Pod,6583,33,0.005
35,Patna,Pod,25589,247,0.0097
35,Thiruvallur,Pod,2253,35,0.0155
35,Chandigarh,WH,33933,43,0.0013
35,Coimbatore,Sourcing,39360,75,0.0019
35,Sonipat,Sourcing,2372,7,0.003
35,Coimbatore,Pod,39360,293,0.0074
35,Pune,WH,148100,155,0.001
35,Patiala,Pod,5606,39,0.007
35,Eluru,CX,1992,3,0.0015
35,Vijayawada,WH,24777,39,0.0016
35,Mathura,Sourcing,1937,3,0.0015
35,Manipal,CX,5952,24,0.004
35,Thoothukudi,WH,5890,9,0.0015
35,Nanded,WH,1266,1,0.0008
35,Salem,CX,10653,33,0.0031
35,Bhimavaram,WH,1487,4,0.0027
35,Bhimavaram,Pod,1487,8,0.0054
35,Ambala,WH,3255,2,0.0006
35,Gurgaon,Pod,91545,918,0.01
35,Rohtak,CX,5237,7,0.0013
35,Rajkot,CX,6184,13,0.0021
35,Rohtak,Pod,5237,35,0.0067
35,Cuddalore,CX,2090,2,0.001
35,Jaipur,Sourcing,36936,83,0.0022
35,Rajkot,Pod,6184,21,0.0034
35,Manipal,Sourcing,5952,5,0.0008
35,Ambala,CX,3255,8,0.0025
35,Jodhpur,WH,2197,2,0.0009
35,Roorkee,WH,1298,1,0.0008
35,Dindigul,Sourcing,1365,2,0.0015
35,Aligarh,CX,3973,4,0.001
35,Bhilai,CX,1627,18,0.0111
35,Thiruvalla,CX,6770,7,0.001
35,Mangaluru,CX,21302,51,0.0024
35,Nagercoil,CX,3958,5,0.0013
35,Ajmer,CX,2846,3,0.0011
35,Bilaspur,CX,1695,5,0.003
35,Sri Ganganagar,Pod,3341,40,0.012
35,Ahmedabad,Sourcing,41070,111,0.0027
35,Cuddalore,Sourcing,2090,3,0.0014
35,Noida 1,Sourcing,70177,345,0.0049
35,Alappuzha,Pod,4546,13,0.0029
35,Guwahati,Sourcing,15405,32,0.0021
35,Muzaffarpur,Pod,2175,28,0.0129
35,Muzaffarpur,Sourcing,2175,5,0.0023
35,Pondicherry,Pod,11826,102,0.0086
35,Ongole,Pod,3802,34,0.0089
35,Thiruvananthapuram,CX,43637,72,0.0017
35,Ludhiana,Sourcing,12525,23,0.0018
35,Trichy,Pod,11338,55,0.0049
35,Allahabad,Sourcing,4082,6,0.0015
35,Kurnool,Pod,6942,39,0.0056
35,Coimbatore,WH,39360,64,0.0016
35,Belgaum,CX,3326,4,0.0012
35,Kolkata,CX,111936,365,0.0033
35,Silchar,Pod,4610,30,0.0065
35,Dehradun,Sourcing,12463,27,0.0022
35,Dehradun,CX,12463,42,0.0034
35,Rudrapur,Pod,1589,11,0.0069
35,Vadodara,Sourcing,10746,11,0.001
35,Surat,WH,12516,8,0.0006
35,Ujjain,Sourcing,2257,7,0.0031
35,Sri Ganganagar,Sourcing,3341,6,0.0018
35,Tirupati,Sourcing,15746,23,0.0015
35,Madurai,Pod,14909,69,0.0046
35,Raipur,WH,6554,4,0.0006
35,Agra,Sourcing,3158,6,0.0019
35,Guntur,CX,16520,61,0.0037
35,Karur,CX,3560,8,0.0022
35,Kannur,Pod,2325,30,0.0129
35,Kanpur,CX,6583,9,0.0014
35,Amritsar,Pod,5128,46,0.009
35,Ambala,Pod,3255,22,0.0068
35,Tirunelveli,Pod,6697,20,0.003
35,Pune,Pod,148100,1039,0.007
35,Kozhikode,WH,16323,16,0.001
35,Rajahmundry,Pod,6503,36,0.0055
35,Raipur,Pod,6554,44,0.0067
35,Palakkad,WH,5412,6,0.0011
35,Nagercoil,Sourcing,3958,7,0.0018
35,Faridabad,Sourcing,11785,34,0.0029
35,Bhopal,CX,10080,34,0.0034
35,Udaipur,Pod,5358,48,0.009
35,Kakinada,Pod,5157,39,0.0076
35,Bhubaneswar,WH,51140,28,0.0005
35,Surat,Sourcing,12516,11,0.0009
35,Trichy,Sourcing,11338,20,0.0018
35,Pune,Sourcing,148100,291,0.002
35,Jaipur,CX,36936,134,0.0036
35,Guntur,Sourcing,16520,19,0.0012
35,Tirupur,WH,6702,10,0.0015
35,Nashik,Sourcing,8405,19,0.0023
35,Jabalpur,CX,3838,21,0.0055
35,Karaikkudi,CX,2895,12,0.0041
35,Jodhpur,Pod,2197,13,0.0059
35,Bangalore,Sourcing,663597,1557,0.0023
35,Ranchi,CX,10199,28,0.0027
35,Central Goa,CX,38885,110,0.0028
35,Kozhikode,Pod,16323,49,0.003
35,Vijayawada,Pod,24777,122,0.0049
35,Karimnagar,WH,5153,4,0.0008
35,Karur,Pod,3560,16,0.0045
35,Kanchipuram,Pod,3692,25,0.0068
35,Nellore,WH,9338,31,0.0033
35,Berhampur,Sourcing,2348,6,0.0026
35,Cuttack,Pod,6560,29,0.0044
35,Patiala,WH,5606,12,0.0021
35,Vizianagaram,Pod,1876,7,0.0037
35,Indore,CX,15289,48,0.0031
35,Ludhiana,CX,12525,29,0.0023
35,Tumakuru,Sourcing,4296,6,0.0014
35,Panipat,Sourcing,4895,19,0.0039
35,Bareilly,Sourcing,2362,10,0.0042
35,Rudrapur,Sourcing,1589,2,0.0013
35,Kollam,CX,10134,11,0.0011
35,Udaipur,WH,5358,7,0.0013
35,Tirupati,CX,15746,62,0.0039
35,Aurangabad,Pod,3529,24,0.0068
35,Salem,Sourcing,10653,16,0.0015
35,Cuttack,CX,6560,11,0.0017
35,Central Goa,Pod,38885,229,0.0059
35,Amritsar,Sourcing,5128,10,0.002
35,Madurai,WH,14909,19,0.0013
35,Noida,CX,32996,94,0.0028
35,Amravati,Pod,1509,10,0.0066
35,Thrissur,WH,26600,22,0.0008
35,Panipat,WH,4895,4,0.0008
35,Bathinda,Sourcing,2243,6,0.0027
35,Ahmedabad,CX,41070,135,0.0033
35,Panipat,CX,4895,11,0.0022
35,Vizianagaram,CX,1876,6,0.0032
35,Kozhikode,CX,16323,14,0.0009
35,Sri Ganganagar,CX,3341,12,0.0036
35,Kochi,WH,89216,156,0.0017
35,Nellore,Sourcing,9338,35,0.0037
35,Vapi,Pod,5702,29,0.0051
35,Mumbai,WH,339942,265,0.0008
35,Manipal,Pod,5952,42,0.0071
35,Karimnagar,Sourcing,5153,10,0.0019
35,Anantapur,Sourcing,7128,15,0.0021
35,Anantapur,Pod,7128,41,0.0058
35,Lucknow,Sourcing,30897,43,0.0014
35,Ongole,CX,3802,8,0.0021
35,Vizag,CX,30429,66,0.0022
35,Bilaspur,Pod,1695,17,0.01
35,Trichy,CX,11338,20,0.0018
35,Bhubaneswar,Sourcing,51140,66,0.0013
35,Kollam,Sourcing,10134,15,0.0015
35,Vizag,Sourcing,30429,45,0.0015
35,Agra,Pod,3158,26,0.0082
35,Palakkad,Sourcing,5412,8,0.0015
35,Karnal,WH,1849,10,0.0054
35,Noida 1,CX,70177,258,0.0037
35,Hyderabad,WH,331853,444,0.0013
35,Jamshedpur,WH,8224,12,0.0015
35,Mangaluru,WH,21302,29,0.0014
35,Gurgaon,WH,91545,112,0.0012
35,Salem,Pod,10653,62,0.0058
35,Amravati,CX,1509,7,0.0046
35,Varanasi,Pod,14811,93,0.0063
35,Bareilly,Pod,2362,18,0.0076
35,Bhimavaram,Sourcing,1487,4,0.0027
35,Nagercoil,Pod,3958,17,0.0043
35,Kurnool,Sourcing,6942,14,0.002
35,Tumakuru,Pod,4296,13,0.003
35,Belgaum,WH,3326,1,0.0003
35,Agra,CX,3158,7,0.0022
35,Patna,Sourcing,25589,63,0.0025
35,Delhi,WH,193962,278,0.0014
35,Davanagere,Pod,2259,11,0.0049
35,Indore,Pod,15289,122,0.008
35,Bhubaneswar,CX,51140,117,0.0023
35,Mysore,Pod,28167,164,0.0058
35,Meerut,Sourcing,5926,16,0.0027
35,Vijayawada,Sourcing,24777,48,0.0019
35,Kochi,Pod,89216,675,0.0076
35,Davanagere,CX,2259,3,0.0013
35,Kanchipuram,Sourcing,3692,5,0.0014
35,Gorakhpur,WH,5744,1,0.0002
35,Madurai,CX,14909,35,0.0023
35,Thiruvananthapuram,WH,43637,61,0.0014
35,Thoothukudi,Sourcing,5890,13,0.0022
35,Chandigarh,CX,33933,187,0.0055
35,Chennai,WH,263414,357,0.0014
35,Anand,Sourcing,1191,1,0.0008
35,Nagpur,WH,13207,15,0.0011
35,Aligarh,Pod,3973,28,0.007
33,Sri Ganganagar,CX,3459,10,0.0029
33,Hubli,WH,3314,1,0.0003
33,Berhampur,Pod,2353,25,0.0106
33,Nanded,Pod,1062,5,0.0047
33,Bareilly,CX,2375,7,0.0029
33,Patna,Sourcing,22981,68,0.003
33,Bhimavaram,Pod,1449,6,0.0041
33,Gwalior,WH,5608,1,0.0002
33,Karimnagar,Pod,5187,27,0.0052
33,Khammam,WH,6647,1,0.0002
33,Muzaffarpur,Pod,1829,13,0.0071
33,Cuttack,CX,5744,17,0.003
33,Lonavla,WH,1532,2,0.0013
33,Nagercoil,WH,4601,1,0.0002
33,Patiala,Pod,4601,44,0.0096
33,Vadodara,CX,11403,26,0.0023
33,Bilaspur,Sourcing,1984,1,0.0005
33,Delhi,Pod,192501,1703,0.0088
33,Amravati,CX,1688,5,0.003
33,Rajkot,CX,6059,9,0.0015
33,Vapi,WH,5098,1,0.0002
33,Udaipur,CX,7178,25,0.0035
33,Chennai,CX,280670,851,0.003
33,Aurangabad,Sourcing,3779,13,0.0034
33,Bilaspur,Pod,1984,20,0.0101
33,Thiruvalla,Pod,7024,20,0.0028
33,Vijayawada,CX,23904,54,0.0023
33,Panipat,CX,4309,11,0.0026
33,Varanasi,Pod,12015,50,0.0042
33,Meerut,Pod,3101,15,0.0048
33,Jamshedpur,Pod,7787,78,0.01
33,Jodhpur,Sourcing,2647,10,0.0038
33,Bilaspur,WH,1984,3,0.0015
33,Jabalpur,WH,4885,2,0.0004
33,Delhi,Sourcing,192501,624,0.0032
33,Guntur,Pod,15780,101,0.0064
33,Nagercoil,Sourcing,4601,2,0.0004
33,Allahabad,CX,3199,5,0.0016
33,Pondicherry,Pod,12499,82,0.0066
33,Amritsar,WH,4699,6,0.0013
33,Karur,WH,3589,5,0.0014
33,Chandigarh,Sourcing,38065,105,0.0028
33,Ajmer,Sourcing,3132,5,0.0016
33,Agra,Pod,3490,21,0.006
33,Noida,CX,32123,109,0.0034
33,Kanpur,CX,6582,11,0.0017
33,Alappuzha,CX,4008,4,0.001
33,Nashik,Pod,7386,67,0.0091
33,Patiala,CX,4601,11,0.0024
33,Bhimavaram,Sourcing,1449,2,0.0014
33,Nagpur,CX,11770,19,0.0016
33,Ranchi,Sourcing,9663,9,0.0009
33,Ambala,Sourcing,3062,13,0.0042
33,Chennai,WH,280670,344,0.0012
33,Kochi,CX,98622,140,0.0014
33,Eluru,Pod,1647,9,0.0055
33,Thiruvananthapuram,CX,51928,66,0.0013
33,Warangal,WH,12550,23,0.0018
33,Central Goa,WH,45262,12,0.0003
33,Bhimavaram,WH,1449,4,0.0028
33,Kollam,WH,10491,4,0.0004
33,Ahmedabad,CX,50379,145,0.0029
33,Aligarh,Sourcing,3124,5,0.0016
33,Trichy,Pod,11351,64,0.0056
33,Manipal,Pod,7299,34,0.0047
33,Karaikkudi,CX,3080,11,0.0036
33,Ujjain,Pod,2730,19,0.007
33,Madurai,WH,14121,21,0.0015
33,Moradabad,CX,3726,3,0.0008
33,Guwahati,Sourcing,15209,29,0.0019
33,Panipat,WH,4309,3,0.0007
33,Karimnagar,Sourcing,5187,5,0.001
33,Lonavla,Pod,1532,7,0.0046
33,Vellore,CX,10191,27,0.0026
33,Surat,WH,12651,8,0.0006
33,Allahabad,Sourcing,3199,15,0.0047
33,Vellore,WH,10191,10,0.001
33,Tirupur,Sourcing,7009,9,0.0013
33,Kakinada,CX,4903,9,0.0018
33,Nanded,WH,1062,1,0.0009
33,Saharanpur,CX,1240,5,0.004
33,Sonipat,Sourcing,1962,3,0.0015
33,Tirupur,Pod,7009,34,0.0049
33,Rohtak,WH,4119,3,0.0007
33,Nagercoil,CX,4601,3,0.0007
33,Bathinda,CX,1692,12,0.0071
33,Kannur,Pod,2516,7,0.0028
33,Lucknow,WH,24295,13,0.0005
33,Salem,CX,10430,21,0.002
33,Rohtak,Pod,4119,56,0.0136
33,Karimnagar,CX,5187,18,0.0035
33,Kannur,Sourcing,2516,4,0.0016
33,Rudrapur,WH,1813,2,0.0011
33,Bhubaneswar,CX,47860,97,0.002
33,Saharanpur,Pod,1240,7,0.0056
33,Aligarh,WH,3124,1,0.0003
33,Jaipur,WH,42815,13,0.0003
33,Gorakhpur,CX,4297,13,0.003
33,Ongole,CX,2299,10,0.0044
33,Tumakuru,CX,4392,8,0.0018
33,Davanagere,Pod,2209,10,0.0045
33,Bhubaneswar,Pod,47860,300,0.0063
33,Varanasi,WH,12015,9,0.0007
33,Raipur,WH,7069,9,0.0013
33,Central Goa,CX,45262,99,0.0022
33,Kannur,CX,2516,2,0.0008
33,Gurgaon,CX,102566,303,0.003
33,Thiruvallur,Sourcing,2445,3,0.0012
33,Latur,Sourcing,1137,2,0.0018
33,Davanagere,WH,2209,2,0.0009
33,Coimbatore,CX,37524,122,0.0033
33,Karimnagar,WH,5187,3,0.0006
33,Bhopal,Sourcing,8133,10,0.0012
33,Jalandhar,Sourcing,3528,4,0.0011
33,Dibrugarh,WH,3760,2,0.0005
33,Nagpur,Sourcing,11770,9,0.0008
33,Kurnool,CX,6847,32,0.0047
33,Allahabad,WH,3199,2,0.0006
33,Madurai,Pod,14121,61,0.0043
33,Gwalior,CX,5608,11,0.002
33,Delhi,CX,192501,565,0.0029
33,Tirupati,Pod,14232,83,0.0058
33,Davanagere,CX,2209,7,0.0032
33,Sri Ganganagar,Sourcing,3459,5,0.0014
33,Rajahmundry,Pod,5743,35,0.0061
33,Sonipat,Pod,1962,14,0.0071
33,Rajkot,WH,6059,3,0.0005
33,Varanasi,Sourcing,12015,25,0.0021
33,Rudrapur,Pod,1813,7,0.0039
33,Tirupur,WH,7009,5,0.0007
33,Indore,CX,17889,49,0.0027
33,Mumbai,WH,365464,263,0.0007
33,Vadodara,Sourcing,11403,23,0.002
33,Bikaner,Sourcing,1667,5,0.003
33,Madurai,Sourcing,14121,19,0.0013
33,Ambala,WH,3062,2,0.0007
33,Siliguri,Pod,6233,52,0.0083
33,Kottayam,Sourcing,5897,11,0.0019
33,Kolhapur,Sourcing,3686,5,0.0014
33,Vizag,WH,29758,36,0.0012
33,Moradabad,Sourcing,3726,9,0.0024
33,Vapi,Sourcing,5098,4,0.0008
33,Bhopal,WH,8133,1,0.0001
33,Hosur,WH,834,2,0.0024
33,Thiruvananthapuram,Sourcing,51928,50,0.001
33,Latur,CX,1137,1,0.0009
33,Kota,Pod,1705,6,0.0035
33,Karaikkudi,Sourcing,3080,7,0.0023
33,Bhilai,WH,1936,1,0.0005
33,Gwalior,Pod,5608,23,0.0041
33,Siliguri,CX,6233,17,0.0027
33,Dindigul,CX,1250,2,0.0016
33,Thrissur,Pod,25529,99,0.0039
33,Moradabad,Pod,3726,16,0.0043
33,Amravati,WH,1688,1,0.0006
33,Hosur,CX,834,6,0.0072
33,Nizamabad,Sourcing,1963,1,0.0005
33,Jaipur,CX,42815,123,0.0029
33,Cuddalore,WH,2046,1,0.0005
33,Cuttack,WH,5744,1,0.0002
33,Kanchipuram,Pod,4031,19,0.0047
33,Ujjain,WH,2730,2,0.0007
33,Trichy,CX,11351,27,0.0024
33,Jalandhar,WH,3528,4,0.0011
33,Thiruvananthapuram,WH,51928,9,0.0002
33,Ludhiana,CX,11031,21,0.0019
33,Thanjavur,CX,6906,11,0.0016
33,Palakkad,WH,5632,4,0.0007
33,Bhilai,Sourcing,1936,6,0.0031
33,Eluru,CX,1647,4,0.0024
33,Thanjavur,Sourcing,6906,5,0.0007
33,Tumakuru,Sourcing,4392,2,0.0005
33,Warangal,Pod,12550,78,0.0062
33,Patiala,WH,4601,3,0.0007
33,Ranchi,CX,9663,28,0.0029
33,Tirunelveli,CX,7193,8,0.0011
33,Jaipur,Pod,42815,348,0.0081
33,Jodhpur,WH,2647,3,0.0011
33,Alappuzha,WH,4008,2,0.0005
33,Nellore,WH,9067,12,0.0013
33,Sri Ganganagar,WH,3459,3,0.0009
33,Mathura,WH,2055,2,0.001
33,Kanchipuram,WH,4031,2,0.0005
33,Karnal,Sourcing,1856,3,0.0016
33,Ajmer,CX,3132,3,0.001
33,Kottayam,Pod,5897,23,0.0039
33,Nizamabad,WH,1963,2,0.001
33,Raipur,CX,7069,27,0.0038
33,Kozhikode,Sourcing,16892,11,0.0007
33,Siliguri,WH,6233,6,0.001
33,Bhubaneswar,Sourcing,47860,80,0.0017
33,Trichy,WH,11351,6,0.0005
33,Rajahmundry,CX,5743,12,0.0021
33,Karur,CX,3589,4,0.0011
33,Vizianagaram,WH,1598,2,0.0013
33,Jamshedpur,CX,7787,34,0.0044
33,Mathura,CX,2055,2,0.001
33,Amritsar,Pod,4699,25,0.0053
33,Tirupati,WH,14232,12,0.0008
33,Moradabad,WH,3726,2,0.0005
33,Mysore,Sourcing,27227,49,0.0018
33,Erode,WH,4556,5,0.0011
33,Hyderabad,WH,353206,502,0.0014
33,Tirupati,CX,14232,43,0.003
33,Warangal,CX,12550,46,0.0037
33,Manipal,WH,7299,9,0.0012
33,Thiruvananthapuram,Pod,51928,246,0.0047
33,Aurangabad,WH,3779,3,0.0008
33,Rajahmundry,Sourcing,5743,8,0.0014
33,Thoothukudi,WH,6171,3,0.0005
33,Amritsar,Sourcing,4699,9,0.0019
33,Ajmer,Pod,3132,13,0.0042
33,Amravati,Sourcing,1688,3,0.0018
33,Patiala,Sourcing,4601,17,0.0037
33,Kolhapur,Pod,3686,13,0.0035
33,Kollam,Sourcing,10491,17,0.0016
33,Rudrapur,CX,1813,3,0.0017
33,Panipat,Sourcing,4309,24,0.0056
33,Bangalore,WH,686574,1176,0.0017
33,Hosur,Pod,834,15,0.018
33,Palakkad,Sourcing,5632,6,0.0011
33,Alappuzha,Sourcing,4008,4,0.001
33,Noida 1,WH,80023,149,0.0019
33,Gorakhpur,WH,4297,4,0.0009
33,Anand,CX,1431,1,0.0007
33,Faridabad,CX,11685,43,0.0037
33,Anantapur,Sourcing,6090,15,0.0025
33,Cuddalore,Pod,2046,12,0.0059
33,Berhampur,WH,2353,1,0.0004
33,Lucknow,CX,24295,39,0.0016
33,Ujjain,Sourcing,2730,5,0.0018
33,Nashik,CX,7386,12,0.0016
33,Meerut,CX,3101,7,0.0023
33,Bareilly,Sourcing,2375,9,0.0038
33,Kurnool,Pod,6847,39,0.0057
33,Warangal,Sourcing,12550,18,0.0014
33,Vadodara,WH,11403,2,0.0002
33,Kozhikode,Pod,16892,68,0.004
33,Gorakhpur,Pod,4297,17,0.004
33,Kollam,CX,10491,11,0.001
33,Palakkad,CX,5632,6,0.0011
33,Vapi,CX,5098,5,0.001
33,Guntur,WH,15780,13,0.0008
33,Ahmedabad,WH,50379,34,0.0007
33,Mysore,WH,27227,38,0.0014
33,Meerut,Sourcing,3101,7,0.0023
33,Nizamabad,CX,1963,4,0.002
33,Coimbatore,Sourcing,37524,69,0.0018
33,Nellore,Pod,9067,70,0.0077
33,Mangaluru,CX,22326,42,0.0019
33,Kakinada,Pod,4903,22,0.0045
33,Thanjavur,Pod,6906,28,0.0041
33,Tirupur,CX,7009,18,0.0026
33,Agra,CX,3490,4,0.0011
33,Anantapur,CX,6090,23,0.0038
33,Trichy,Sourcing,11351,17,0.0015
33,Gurgaon,Pod,102566,857,0.0084
33,Ludhiana,Sourcing,11031,30,0.0027
33,Tirunelveli,Pod,7193,29,0.004
33,Ongole,Pod,2299,23,0.01
33,Muzaffarpur,CX,1829,5,0.0027
33,Bareilly,Pod,2375,14,0.0059
33,Kollam,Pod,10491,21,0.002
33,Guntur,Sourcing,15780,31,0.002
33,Noida 1,Pod,80023,764,0.0095
33,Kozhikode,WH,16892,12,0.0007
33,Anand,Pod,1431,10,0.007
33,Vizianagaram,Pod,1598,4,0.0025
33,Chennai,Pod,280670,2329,0.0083
33,Pune,CX,162894,455,0.0028
33,Madurai,CX,14121,34,0.0024
33,Hyderabad,Pod,353206,2401,0.0068
33,Anantapur,Pod,6090,33,0.0054
33,Jodhpur,Pod,2647,22,0.0083
33,Bathinda,Sourcing,1692,5,0.003
33,Kanpur,Sourcing,6582,10,0.0015
33,Thiruvalla,Sourcing,7024,9,0.0013
33,Kanpur,WH,6582,1,0.0002
33,Mysore,CX,27227,52,0.0019
33,Pondicherry,WH,12499,13,0.001
33,Raipur,Sourcing,7069,8,0.0011
33,Silchar,Sourcing,5556,4,0.0007
33,Cuddalore,Sourcing,2046,9,0.0044
33,Kozhikode,CX,16892,22,0.0013
33,Karnal,Pod,1856,20,0.0108
33,Sonipat,WH,1962,3,0.0015
33,Pune,Pod,162894,1038,0.0064
33,Noida,Pod,32123,351,0.0109
33,Ranchi,Pod,9663,59,0.0061
33,Gorakhpur,Sourcing,4297,9,0.0021
33,Silchar,WH,5556,6,0.0011
33,Chandigarh,CX,38065,193,0.0051
33,Nashik,Sourcing,7386,23,0.0031
33,Chandigarh,Pod,38065,461,0.0121
33,Dehradun,WH,13861,8,0.0006
33,Patna,Pod,22981,179,0.0078
33,Jalandhar,Pod,3528,25,0.0071
33,Lucknow,Sourcing,24295,46,0.0019
33,Kochi,Pod,98622,473,0.0048
33,Latur,Pod,1137,7,0.0062
33,Jabalpur,Sourcing,4885,5,0.001
33,Vellore,Pod,10191,45,0.0044
33,Vapi,Pod,5098,20,0.0039
33,Rudrapur,Sourcing,1813,4,0.0022
33,Thrissur,Sourcing,25529,23,0.0009
33,Guwahati,Pod,15209,121,0.008
33,Ujjain,CX,2730,4,0.0015
33,Anantapur,WH,6090,3,0.0005
33,Chennai,Sourcing,280670,637,0.0023
33,Salem,WH,10430,11,0.0011
33,Salem,Sourcing,10430,14,0.0013
33,Erode,CX,4556,5,0.0011
33,Karnal,CX,1856,4,0.0022
33,Vadodara,Pod,11403,57,0.005
33,Faridabad,Sourcing,11685,32,0.0027
33,Thiruvallur,CX,2445,13,0.0053
33,Udaipur,Sourcing,7178,11,0.0015
33,Central Goa,Sourcing,45262,107,0.0024
33,Roorkee,Sourcing,1592,4,0.0025
33,Khammam,Pod,6647,26,0.0039
33,Noida 1,Sourcing,80023,262,0.0033
33,Kolkata,CX,115063,347,0.003
33,Aurangabad,CX,3779,6,0.0016
33,Kottayam,CX,5897,4,0.0007
33,Muzaffarpur,WH,1829,6,0.0033
33,Rohtak,CX,4119,16,0.0039
33,Gurgaon,WH,102566,157,0.0015
33,Guntur,CX,15780,52,0.0033
33,Nagpur,WH,11770,14,0.0012
33,Bathinda,WH,1692,2,0.0012
33,Dehradun,CX,13861,34,0.0025
33,Nizamabad,Pod,1963,6,0.0031
33,Lucknow,Pod,24295,130,0.0054
33,Nagercoil,Pod,4601,14,0.003
33,Tumakuru,Pod,4392,22,0.005
33,Nashik,WH,7386,4,0.0005
33,Bangalore,CX,686574,1588,0.0023
33,Cuddalore,CX,2046,14,0.0068
33,Palakkad,Pod,5632,14,0.0025
33,Kanchipuram,Sourcing,4031,6,0.0015
33,Kolhapur,WH,3686,2,0.0005
33,Bareilly,WH,2375,2,0.0008
33,Vizag,Sourcing,29758,60,0.002
33,Thiruvalla,CX,7024,3,0.0004
33,Tumakuru,WH,4392,2,0.0005
33,Rajahmundry,WH,5743,6,0.001
33,Khammam,Sourcing,6647,6,0.0009
33,Kochi,WH,98622,33,0.0003
33,Sri Ganganagar,Pod,3459,18,0.0052
33,Karur,Sourcing,3589,2,0.0006
33,Karaikkudi,Pod,3080,7,0.0023
33,Ludhiana,WH,11031,16,0.0015
33,Kolkata,Sourcing,115063,260,0.0023
33,Silchar,CX,5556,9,0.0016
33,Pondicherry,CX,12499,26,0.0021
33,Jabalpur,Pod,4885,20,0.0041
33,Nagpur,Pod,11770,68,0.0058
33,Berhampur,Sourcing,2353,6,0.0026
33,Karaikkudi,WH,3080,6,0.0019
33,Muzaffarpur,Sourcing,1829,3,0.0016
33,Guwahati,WH,15209,6,0.0004
33,Nellore,Sourcing,9067,25,0.0028
33,Roorkee,CX,1592,6,0.0038
33,Bhubaneswar,WH,47860,23,0.0005
33,Pune,WH,162894,117,0.0007
33,Salem,Pod,10430,41,0.0039
33,Coimbatore,Pod,37524,265,0.0071
33,Bikaner,Pod,1667,14,0.0084
33,Kurnool,WH,6847,16,0.0023
33,Jalandhar,CX,3528,18,0.0051
33,Bangalore,Sourcing,686574,1586,0.0023
33,Jodhpur,CX,2647,17,0.0064
33,Tirunelveli,Sourcing,7193,7,0.001
33,Mathura,Sourcing,2055,3,0.0015
33,Thoothukudi,Pod,6171,29,0.0047
33,Aurangabad,Pod,3779,18,0.0048
33,Kakinada,Sourcing,4903,12,0.0024
33,Aligarh,Pod,3124,25,0.008
33,Vellore,Sourcing,10191,10,0.001
33,Bhopal,CX,8133,11,0.0014
33,Saharanpur,Sourcing,1240,2,0.0016
33,Hyderabad,CX,353206,1252,0.0035
33,Erode,Pod,4556,22,0.0048
33,Nanded,Sourcing,1062,1,0.0009
33,Thanjavur,WH,6906,10,0.0014
33,Mathura,Pod,2055,10,0.0049
33,Belgaum,Pod,3353,11,0.0033
33,Gurgaon,Sourcing,102566,319,0.0031
33,Dibrugarh,Pod,3760,16,0.0043
33,Dibrugarh,CX,3760,4,0.0011
33,Kurnool,Sourcing,6847,12,0.0018
33,Mangaluru,WH,22326,18,0.0008
33,Hubli,Pod,3314,6,0.0018
33,Gwalior,Sourcing,5608,13,0.0023
33,Mumbai,CX,365464,931,0.0025
33,Raipur,Pod,7069,62,0.0088
33,Faridabad,WH,11685,12,0.001
33,Pondicherry,Sourcing,12499,19,0.0015
33,Ajmer,WH,3132,3,0.001
33,Amritsar,CX,4699,13,0.0028
33,Dibrugarh,Sourcing,3760,9,0.0024
33,Jamshedpur,WH,7787,10,0.0013
33,Thrissur,WH,25529,14,0.0005
33,Surat,Pod,12651,59,0.0047
33,Thiruvallur,Pod,2445,27,0.011
33,Noida,Sourcing,32123,116,0.0036
33,Shivamogga,WH,3948,11,0.0028
33,Shivamogga,CX,3948,17,0.0043
33,Indore,WH,17889,9,0.0005
33,Ranchi,WH,9663,8,0.0008
33,Bangalore,Pod,686574,4559,0.0066
33,Kochi,Sourcing,98622,150,0.0015
33,Thoothukudi,CX,6171,16,0.0026
33,Bhimavaram,CX,1449,5,0.0035
33,Jaipur,Sourcing,42815,89,0.0021
33,Cuttack,Sourcing,5744,7,0.0012
33,Dehradun,Pod,13861,84,0.0061
33,Kakinada,WH,4903,6,0.0012
33,Mysore,Pod,27227,133,0.0049
33,Thoothukudi,Sourcing,6171,15,0.0024
33,Aligarh,CX,3124,7,0.0022
33,Udaipur,WH,7178,11,0.0015
33,Belgaum,Sourcing,3353,4,0.0012
33,Varanasi,CX,12015,10,0.0008
33,Jamshedpur,Sourcing,7787,17,0.0022
33,Jabalpur,CX,4885,8,0.0016
33,Tirupati,Sourcing,14232,15,0.0011
33,Cuttack,Pod,5744,30,0.0052
33,Ludhiana,Pod,11031,93,0.0084
33,Patna,WH,22981,22,0.001
33,Noida,WH,32123,79,0.0025
33,Alappuzha,Pod,4008,7,0.0017
33,Berhampur,CX,2353,14,0.006
33,Bilaspur,CX,1984,6,0.003
33,Rajkot,Sourcing,6059,6,0.001
33,Thrissur,CX,25529,29,0.0011
33,Silchar,Pod,5556,34,0.0061
33,Vizag,CX,29758,84,0.0028
33,Patna,CX,22981,48,0.0021
33,Surat,CX,12651,32,0.0025
33,Chandigarh,WH,38065,45,0.0012
33,Hyderabad,Sourcing,353206,810,0.0023
33,Guwahati,CX,15209,36,0.0024
33,Central Goa,Pod,45262,260,0.0057
33,Kolkata,WH,115063,150,0.0013
33,Kanpur,Pod,6582,22,0.0033
33,Tirunelveli,WH,7193,3,0.0004
33,Delhi,WH,192501,283,0.0015
33,Kanchipuram,CX,4031,10,0.0025
33,Belgaum,CX,3353,5,0.0015
33,Pune,Sourcing,162894,308,0.0019
33,Shivamogga,Pod,3948,24,0.0061
33,Roorkee,Pod,1592,11,0.0069
33,Ambala,CX,3062,7,0.0023
33,Amravati,Pod,1688,11,0.0065
33,Dindigul,WH,1250,2,0.0016
33,Bhopal,Pod,8133,35,0.0043
33,Nellore,CX,9067,36,0.004
33,Khammam,CX,6647,17,0.0026
33,Bikaner,CX,1667,5,0.003
33,Mumbai,Sourcing,365464,698,0.0019
33,Noida 1,CX,80023,233,0.0029
33,Manipal,Sourcing,7299,9,0.0012
33,Kota,Sourcing,1705,5,0.0029
33,Mangaluru,Pod,22326,101,0.0045
33,Ongole,WH,2299,6,0.0026
33,Indore,Sourcing,17889,50,0.0028
33,Manipal,CX,7299,8,0.0011
33,Allahabad,Pod,3199,15,0.0047
33,Erode,Sourcing,4556,8,0.0018
33,Ongole,Sourcing,2299,8,0.0035
33,Shivamogga,Sourcing,3948,12,0.003
33,Bathinda,Pod,1692,13,0.0077
33,Mumbai,Pod,365464,2417,0.0066
33,Vijayawada,WH,23904,35,0.0015
33,Bhilai,CX,1936,13,0.0067
33,Kolkata,Pod,115063,1024,0.0089
33,Faridabad,Pod,11685,113,0.0097
33,Hubli,Sourcing,3314,6,0.0018
33,Mangaluru,Sourcing,22326,28,0.0013
33,Coimbatore,WH,37524,31,0.0008
33,Meerut,WH,3101,6,0.0019
33,Ahmedabad,Sourcing,50379,141,0.0028
33,Rajkot,Pod,6059,32,0.0053
33,Ambala,Pod,3062,28,0.0091
33,Ahmedabad,Pod,50379,394,0.0078
33,Vijayawada,Pod,23904,111,0.0046
33,Surat,Sourcing,12651,18,0.0014
33,Siliguri,Sourcing,6233,8,0.0013
33,Dehradun,Sourcing,13861,48,0.0035
33,Vizag,Pod,29758,191,0.0064
33,Indore,Pod,17889,114,0.0064
33,Agra,Sourcing,3490,10,0.0029
33,Karur,Pod,3589,12,0.0033
33,Udaipur,Pod,7178,43,0.006
33,Bhilai,Pod,1936,20,0.0103
33,Rohtak,Sourcing,4119,9,0.0022
33,Kolhapur,CX,3686,7,0.0019
33,Panipat,Pod,4309,29,0.0067
33,Vijayawada,Sourcing,23904,49,0.0021
33,Dindigul,Sourcing,1250,2,0.0016
33,Hubli,CX,3314,3,0.0009
33,Anand,Sourcing,1431,1,0.0007