AVERAGE of inc_%,,WEEK,,,,,,,,,,,,,,,,,,,,,,,,,,,,
CITY,SPOC,9,10,11,12,13,14,15,16,17,18,19,20,21,22,23,24,25,26,27,28,29,30,31,32,33,34,35,36,37
Agra,CX,0.0025,0.0012,0.0008,0.0017,0.0057,0.0027,0.0022,0.0033,0.0025,0.0038,0.0063,0.0017,0.0043,0.0028,0.0054,0.0023,0.0011,0.0015,0.0029,0.0032,0.0032,0.0013,0.0011,0.0031,0.0011,0.004,0.0022,0.0032,0.0011
Agra,Pod,0.0049,0.0028,0.0036,0.0037500000000000003,0.0076,0.00495,0.0055,0.0088,0.006200000000000001,0.0133,0.007,0.0087,0.0105,0.0073,0.004699999999999999,0.004633333333333334,0.0056,0.00305,0.00385,0.0039,0.005,0.0030499999999999998,0.0014999999999999998,0.0026,0.006,0.0071,0.0082,0.0056,0.0047
Agra,Sourcing,0.0025,0.0004,0.0004,0.00165,0.0006,,0.0006,0.0005,0.0005,0.0005,0.0014,0.0017,0.0006,0.002033333333333333,0.0016333333333333336,0.001,0.0014999999999999998,0.0015,0.0015999999999999999,0.0008666666666666666,0.0005,0.0003,0.0005,0.001,0.0029,0.0005,0.0019,0.0027,0.003
Agra,WH,,,,,,,0.0006,,0.0005,0.00075,,0.0006,0.0019,0.0014,0.00065,0.0011,0.0004,0.0006000000000000001,0.0003,,0.0003,,,0.0006,,0.0003,0.0006,0.0006,0.0017
Ahmedabad,CX,0.0045,0.0027,0.0035,0.0039,0.0035,0.0031,0.002,0.0031,0.0024,0.0031,0.0026,0.0036,0.0039,0.0037,0.0034,0.003,0.0028,0.0033,0.0028,0.0028,0.003,0.0023,0.0028,0.003,0.0029,0.0039,0.0033,0.0028,0.0031
Ahmedabad,Pod,0.0046500000000000005,0.0023000000000000004,0.0029000000000000002,0.0023499999999999997,0.0024749999999999998,0.002075,0.001675,0.00195,0.0023,0.0030333333333333328,0.0033333333333333327,0.0038666666666666663,0.003533333333333333,0.0033666666666666667,0.0030333333333333328,0.0025249999999999995,0.0029666666666666674,0.0031999999999999997,0.0026,0.0046,0.0029,0.002466666666666667,0.0022,0.002633333333333333,0.0078,0.0091,0.0084,0.0054,0.0073
Ahmedabad,Sourcing,0.0006333333333333333,0.0006666666666666666,0.0005,0.00047499999999999994,0.00034999999999999994,0.0004666666666666666,0.0005,0.0005333333333333334,0.00039999999999999996,0.0004666666666666667,0.0005000000000000001,0.0008,0.0007666666666666667,0.000975,0.0008749999999999999,0.001075,0.0008499999999999998,0.0010666666666666667,0.000875,0.0007333333333333332,0.0006000000000000001,0.000575,0.000525,0.000625,0.0028,0.0027,0.0027,0.0028,0.0039
Ahmedabad,WH,0.0001,0.00030000000000000003,0.00035,0.00030000000000000003,0.0002,0.00025,0.0001,0.00015000000000000001,0.0002,0.00030000000000000003,0.00015000000000000001,0.00025,0.00025,0.00035,0.00030000000000000003,0.0003,0.00030000000000000003,0.00035,0.00035,0.0002,0.00025,0.0002,0.0002,0.0004,0.0007,0.0008,0.001,0.0012,0.0014
Ahmednagar,CX,,0.0013,,0.0069,,,,,,,,,,,,,,,,,,,,,,,,,
Ahmednagar,Pod,,0.0013,0.0013,,0.0027,,,,,,,,,,,,,,,,,,,,,,,,
Ahmednagar,Sourcing,,,0.0013,0.0017,,,,,,,,,,,,,,,,,,,,,,,,,
Ahmednagar,WH,,,0.0026,0.0017,,,,,,,,,,,,,,,,,,,,,,,,,
Ajmer,CX,0.004,0.0016,0.0024,0.0018,0.0006,0.0017,0.0038,0.004,0.0016,0.0036,0.0034,0.0027,0.0035,0.0005,0.0037,0.0073,0.0031,0.0029,0.0027,0.0023,0.0054,0.0023,0.0019,0.0034,0.001,0.0022,0.0011,0.0028,0.002
Ajmer,Pod,0.008,0.00185,0.0077,0.0061,0.0043,0.0025499999999999997,0.0022,0.004,0.0063,0.0071,0.0034000000000000002,0.0024333333333333334,0.004200000000000001,0.0016333333333333332,0.008,0.005350000000000001,0.004,0.00345,0.0021,0.00245,0.004549999999999999,0.0039499999999999995,0.00145,0.0017333333333333333,0.0042,0.0051,0.0049,0.0046,0.0073
Ajmer,Sourcing,,0.0008,,0.0006,0.0006,0.0006,0.0005,0.0006,0.0010500000000000002,0.0009,0.00085,0.00135,0.001,0.001,0.0032,0.0023,0.0015500000000000002,0.0006000000000000001,0.0007666666666666667,0.002,0.0009999999999999998,0.002,0.00125,0.0012,0.0016,0.0006,0.0014,0.0022,0.002
Ajmer,WH,,0.0011,0.0006,0.0006,0.0006,0.0006,0.0005,,0.0005,0.0004,0.0004,0.0014,,0.0005,0.0005,0.00125,0.0013,0.0004,0.00065,0.0003,0.0005,0.0013,0.0003,0.0003,0.001,0.0016,0.0004,0.0003,0.002
Alappuzha,CX,,0.0005,,0.0006,0.0005,,0.0003,0.0008,0.0005,0.001,0.0003,,0.0003,,0.0012,0.0007,0.0002,0.0008,0.001,0.0005,0.0005,0.001,0.0011,,0.001,0.0013,0.0007,0.0021,0.0016
Alappuzha,Pod,,0.0024,0.0012,0.00145,0.0016,0.0015,0.0007,0.0015,0.0007999999999999999,0.0018,0.0021,0.00125,0.0007999999999999999,0.0008666666666666666,0.0023,0.0013,0.0025,0.0028,0.001,0.0018,0.003,0.0015,0.00125,0.0005,0.0017,0.0035,0.0029,0.0073,0.0037
Alappuzha,Sourcing,,0.0003,0.00065,0.00045,0.0003666666666666666,0.0005,,0.0003,0.00055,0.0013,0.0005,,0.0003,0.00065,0.00046666666666666666,0.001,,0.00055,0.0007,0.0005,0.00039999999999999996,0.0007,0.0007,0.0003,0.001,0.0005,0.0004,0.0012,0.0028
Alappuzha,WH,,,0.0003,0.0003,,,0.0003,0.0005,,0.0003,0.0003,,,0.0003,,0.0002,0.0002,,,,,,0.0002,0.0003,0.0005,,0.0009,,0.0007
Aligarh,CX,,0.0046,0.0017,0.0027,0.0049,0.0039,0.0023,0.0031,0.0058,0.0072,0.0038,0.0068,0.0074,0.0077,0.0039,0.0028,0.0032,0.0041,0.0025,0.0019,0.0044,0.0034,0.0022,0.0016,0.0022,0.0003,0.001,0.0031,0.0026
Aligarh,Pod,0.00825,0.004433333333333333,0.0058,0.0068,0.0034666666666666665,0.0035666666666666663,0.0044,0.00465,0.011600000000000001,0.0261,0.0069500000000000004,0.004733333333333333,0.0077,0.0044666666666666665,0.00565,0.003533333333333333,0.00445,0.0056,0.0031,0.0055,0.0023,0.0049,0.0023,0.0082,0.008,0.0054,0.007,0.006,0.0053
Aligarh,Sourcing,0.0055,0.00135,0.0017499999999999998,0.0017499999999999998,0.0031,0.0022,0.0010666666666666665,0.0007,0.0017000000000000001,0.0011333333333333332,0.0013,0.0011,0.002033333333333333,0.0017000000000000001,0.0014666666666666665,0.0025,0.00315,0.0029,0.0022,0.002133333333333333,0.0016,0.00185,0.0026333333333333334,0.0019,0.0016,0.0019,0.0028,0.0017,0.0024
Aligarh,WH,,0.0013,,0.0007,0.0018,,0.0005,0.0004,0.0009,0.0004,0.00095,0.0005,0.00125,,0.001,0.0008500000000000001,0.0013,0.001,0.0004,0.0005,0.00075,0.0003,0.0007999999999999999,0.0003,0.0003,,0.0003,0.0012,0.0021
Allahabad,CX,,0.003,0.0035,0.0033,0.0049,0.0066,0.0052,0.0012,0.0039,0.0021,0.0026,0.0056,0.0006,0.0029,0.0039,0.0025,0.0012,0.0044,0.001,0.0026,0.0009,0.0014,0.0027,0.0006,0.0016,0.0022,0.002,0.0021,0.003
Allahabad,Pod,0.0067,0.0076,0.00465,0.0022666666666666664,0.0034999999999999996,0.0009,0.0020499999999999997,0.0028,0.0059,0.005233333333333333,0.0134,0.0035666666666666663,0.0058,0.0057,0.00245,0.0034999999999999996,0.0034,0.00445,0.004200000000000001,0.0079,0.0024,0.0086,0.002533333333333333,0.0046,0.0047,0.0074,0.0066,0.0063,0.0039
Allahabad,Sourcing,,0.00115,0.0006,,0.0011,0.0006,,0.0004,0.0004,0.0008,0.00065,0.0006,0.0006,0.0006666666666666666,0.0018333333333333333,0.00275,0.0012,0.0013333333333333333,0.0011666666666666668,0.0006333333333333333,0.0019,0.001,0.0007,0.00105,0.0047,0.0025,0.0015,0.0026,0.002
Allahabad,WH,,0.0015,,0.0011,0.0005,,0.0005,,0.0004,,0.0004,,0.0006,0.00075,,0.0005,0.0009,0.0005,,0.0004,,0.0006,,0.0003,0.0006,0.0003,,0.0005,0.0007
Ambala,CX,,0.0042,,,0.0013,0.0016,0.0016,,0.002,0.0042,0.0043,0.0048,,0.0016,0.0022,0.0038,0.0022,0.0029,0.0041,0.0035,0.0044,0.0046,0.0019,0.001,0.0023,0.0016,0.0025,0.0021,0.0046
Ambala,Pod,0.0082,0.0030499999999999998,0.0025,0.003,0.002,0.0065,0.0026,0.00245,0.0059,0.00445,0.0031999999999999997,0.0075,0.0083,0.003533333333333333,0.007,0.0033499999999999997,0.0030666666666666668,0.0052,0.00575,0.00555,0.0038,0.0023,0.0035666666666666663,0.00285,0.0091,0.0067,0.0068,0.0061,0.0103
Ambala,Sourcing,0.0027,0.0007666666666666667,0.0005,0.0015,0.0007,0.0005,0.001,0.0005,0.00075,0.0010333333333333334,0.0011,0.00185,0.001,0.0008,0.0016,0.0005,0.00105,0.0021,0.0011,0.0008,0.0016666666666666668,0.0013333333333333333,0.00095,0.0010999999999999998,0.0042,0.0038,0.0012,0.0027,0.004
Ambala,WH,0.0027,0.0005,,,,,0.0005,0.0005,0.0005,0.0005,0.0005,,,0.0005,0.0005,0.0005,0.0004,0.00105,,0.0003,0.0007,0.0003,0.0006,0.0003,0.0007,0.0003,0.0006,0.0019,0.0014
Amravati,CX,0.0041,0.0006,0.0007,0.0072,0.002,0.0032,,,0.002,0.002,0.0033,0.0138,0.0066,0.0079,0.0107,0.0059,0.0043,0.0045,0.0035,0.0052,0.003,0.0022,0.0022,0.0006,0.003,0.0006,0.0046,0.0032,0.0029
Amravati,Pod,0.0124,0.0018,0.0035,0.0056,0.006,0.0043,0.00225,0.00355,0.004450000000000001,0.0098,0.0037500000000000003,0.0101,0.00425,0.0032333333333333333,0.005633333333333334,0.0067,0.013,0.00385,0.0029666666666666665,0.0081,0.0036,0.0087,0.00365,0.0061,0.0065,0.0077,0.0066,0.0045,0.0044
Amravati,Sourcing,,,0.0007,,0.002,0.0015999999999999999,0.0011,0.001,,,,0.0009,0.0015333333333333334,0.0026,0.0014999999999999998,0.0011,0.0014333333333333333,0.0031999999999999997,0.00205,0.0026,0.0018,0.0019000000000000002,0.0014,0.0011,0.0018,0.0024,0.0013,0.0019,0.0025
Amravati,WH,,0.0006,,,,0.0011,,0.001,0.001,0.001,,0.00185,0.0019,0.0026,,0.0007,,,,0.0006,,,0.0006,0.0006,0.0006,,,0.0006,0.0015
Amritsar,CX,0.0019,0.0016,0.0016,0.0016,0.0014,0.0006,0.0028,0.0026,0.0031,0.0012,0.0009,0.0025,0.003,0.0044,0.0014,0.0047,0.0019,0.003,0.004,0.002,0.0018,0.0027,0.0022,0.0029,0.0028,0.0052,0.0045,0.0021,0.0021
Amritsar,Pod,0.00285,0.0021,0.0015666666666666667,0.00145,0.0019,0.0017,0.0054,0.0038,0.0026666666666666666,0.0062,0.00315,0.0032,0.009,0.0079,0.0052,0.00265,0.002133333333333333,0.0064,0.002266666666666667,0.003,0.0028000000000000004,0.0024,0.0024000000000000002,0.0039,0.0053,0.0077,0.009,0.0059,0.0048
Amritsar,Sourcing,0.0038,0.0015,0.0010666666666666665,,0.0006333333333333333,0.0006,0.00125,0.0007333333333333333,0.00115,0.0018,0.0016,0.0019,0.0004333333333333333,0.0011666666666666665,0.0006,0.0009333333333333333,0.0016,0.0008,0.0007,0.0007499999999999999,0.0012666666666666666,0.00046666666666666666,0.0005,0.0011,0.0019,0.0018,0.002,0.0024,0.0026
Amritsar,WH,,0.0007999999999999999,,0.0003,,,,0.0003,,,,0.0006,0.0003,,0.0003,0.0006,,,0.0003,,0.0003,0.0003,,0.0004,0.0013,0.0006,0.001,0.0014,0.0023
Anand,CX,,0.0019,0.0036,0.0036,0.0029,0.0026,,0.001,0.0044,,0.001,0.003,0.0038,0.0027,0.0037,0.0021,0.004,0.0018,0.0058,0.0035,0.0028,0.004,0.0037,0.0049,0.0007,0.0022,0.0008,0.0058,
Anand,Pod,0.0112,0.00385,0.0081,0.00415,0.0066,0.0039,,0.001,0.0088,0.0047,0.002,0.0061,0.00635,0.0027,0.0049499999999999995,0.0107,0.007,0.007,0.0019333333333333336,0.009,0.00385,0.00165,0.0027,0.0056,0.007,0.005,0.0025,0.0079,0.009
Anand,Sourcing,,0.001,0.0018,0.0012,,0.0013,0.0023,,0.00165,0.00235,0.002,0.002,0.0013,0.0034000000000000002,0.00375,0.0053,0.0026666666666666666,0.0017499999999999998,0.0007,0.00105,0.0014,0.0007,0.0005,0.0018666666666666666,0.0007,0.0014,0.0008,0.0022,0.0028
Anand,WH,,,0.0009,,0.0015,,,0.001,,0.0009,,,0.0013,,0.0012,0.0011,,,0.0007,0.0021,,0.0007,0.0005,0.0014,,0.0007,,0.0014,0.0021
Anantapur,CX,,0.0018,0.004,0.0003,0.0019,0.0045,0.0028,0.0019,0.0032,0.0025,0.003,0.0044,0.0042,0.0016,0.001,0.0021,0.0012,0.0017,0.0037,0.0021,0.002,0.0029,0.0031,0.0022,0.0038,0.0037,0.0029,0.0025,0.0048
Anantapur,Pod,0.0033,0.0018499999999999999,0.002166666666666667,0.0022666666666666664,0.0055,0.00335,0.0058,0.0053,0.0029999999999999996,0.0088,0.0033000000000000004,0.00555,0.0088,0.002466666666666667,0.0019,0.0022333333333333333,0.0032,0.0034999999999999996,0.0014999999999999998,0.0025499999999999997,0.0017,0.00245,0.0053,0.0019,0.0054,0.006,0.0058,0.0057,0.0074
Anantapur,Sourcing,0.0025,0.00065,0.0003,0.000625,0.0003,0.00085,0.000775,0.0003,0.00035,0.0009000000000000001,0.0006000000000000001,0.0002,0.00047499999999999994,0.0007999999999999999,0.00155,0.0007333333333333333,0.001,0.0009666666666666666,0.0015999999999999999,0.00125,0.00055,0.0010500000000000002,0.0004,0.0006,0.0025,0.0012,0.0021,0.0028,0.0026
Anantapur,WH,,0.0003,0.0005,0.00045,0.0003,0.0003,0.0003,0.0002,0.0002,0.00035,0.0007,0.0008500000000000001,0.0008,0.0008,0.0005,0.00065,,0.0002,,0.0002,0.0004,0.0006000000000000001,0.00030000000000000003,0.0003,0.0005,0.0006,0.0011,0.0004,0.0018
Aurangabad,CX,0.0022,0.0024,0.0023,0.0029,0.0014,0.0016,0.0006,0.002,0.0013,0.0026,0.0018,0.0061,0.0008,0.0057,0.0014,0.0032,0.0039,0.002,0.0002,0.0035,0.0025,0.0014,0.0036,0.0043,0.0016,0.0019,0.0009,0.003,0.003
Aurangabad,Pod,0.0045,0.0018,0.0034,0.00375,0.0032,0.0054,0.00165,0.0046,0.0094,0.0102,0.00455,0.00845,0.00525,0.0062,0.00375,0.0034333333333333334,0.0032333333333333333,0.0051,0.0033499999999999997,0.00535,0.0023,0.0014999999999999998,0.003633333333333334,0.00295,0.0048,0.0049,0.0068,0.005,0.0036
Aurangabad,Sourcing,,0.0006,0.0012,0.0003,0.00055,0.00047499999999999994,0.0008999999999999999,0.0008,0.00045,0.0006,0.0003,0.0003,0.0006666666666666666,0.0004,0.0007333333333333333,0.0009000000000000001,0.00115,0.0007999999999999999,0.0007666666666666667,0.0012333333333333332,0.001075,0.0012,0.0009499999999999999,0.00065,0.0034,0.0016,0.0028,0.002,0.002
Aurangabad,WH,,0.0015,0.0007,0.0003,0.0004,0.0006,,0.0003,0.00045,0.0003,0.0003,0.0007999999999999999,,,0.0003,0.0005,0.0003,0.0005,,0.0002,0.0002,,,0.0003,0.0008,0.0016,0.0003,0.001,0.0007
Bangalore,CX,0.0024,0.0023,0.0022,0.0026,0.0025,0.0027,0.0029,0.0025,0.0025,0.0027,0.0022,0.0032,0.0028,0.0027,0.0025,0.0024,0.0026,0.0025,0.0017,0.0017,0.0019,0.0018,0.0022,0.0017,0.0023,0.0031,0.0026,0.0028,0.0046
Bangalore,Pod,0.002,0.001425,0.001575,0.00165,0.0016499999999999998,0.0018,0.001725,0.00175,0.0018249999999999998,0.00195,0.002533333333333333,0.00275,0.002425,0.002275,0.002425,0.0024999999999999996,0.0024,0.002325,0.0017249999999999998,0.0017000000000000001,0.001875,0.00165,0.002033333333333333,0.00135,0.0066,0.0084,0.0075,0.0062,0.0086
Bangalore,Sourcing,0.00075,0.0006500000000000001,0.000675,0.0006249999999999999,0.0007,0.0007250000000000001,0.0007250000000000001,0.000875,0.0010249999999999999,0.00105,0.000775,0.001025,0.0008,0.0007999999999999999,0.000775,0.0006749999999999999,0.0007,0.000775,0.00075,0.000725,0.00065,0.00065,0.00075,0.0005750000000000001,0.0023,0.0024,0.0023,0.0022,0.0036
Bangalore,WH,0.00025,0.00045,0.0005,0.0008,0.00055,0.00045,0.0005,0.0006,0.00055,0.0006,0.00045,0.00055,0.00055,0.00045,0.00039999999999999996,0.00045,0.00035,0.0005,0.00075,0.00065,0.00075,0.00065,0.00075,0.0006000000000000001,0.0017,0.0026,0.0019,0.0016,0.0033
Bareilly,CX,,0.0012,0.0015,0.0012,0.0011,0.0017,0.0025,0.0025,0.0015,,0.0008,0.0018,0.0018,0.003,0.0016,0.0025,0.0021,0.0006,0.0005,0.0019,0.0018,0.0031,0.0032,0.0025,0.0029,0.0045,0.0008,0.0032,0.0045
Bareilly,Pod,0.01,0.0028,0.0065,0.0068,0.0056,0.0035,0.0016,0.0034,0.0045,0.0043,0.0062,0.0097,0.0055,0.0068,0.0047,0.0024500000000000004,0.0034,0.0056,0.0047,0.0009333333333333333,0.00175,0.0031,0.0023,0.0057,0.0059,0.0057,0.0076,0.0039,0.0022
Bareilly,Sourcing,,0.0010666666666666665,0.0006666666666666666,0.0007999999999999999,0.00165,0.0017,0.0012000000000000001,0.0008,0.0015,0.0007,,0.0009,0.0018,0.0010333333333333334,0.0024,0.0025,0.0024000000000000002,0.0007999999999999999,0.001,0.00095,0.0007333333333333333,0.0013000000000000002,0.0023,0.0016333333333333332,0.0038,0.0045,0.0042,0.0032,0.0022
Bareilly,WH,,0.0008,0.0005,,,,,,,,0.0008,0.0009,,,0.0008,0.0008,0.0007,,0.0005,,0.0004,0.0004,,0.0004,0.0008,,0.0004,0.0004,0.0022
Bathinda,CX,,,0.0029,0.0029,,0.004,0.001,0.0027,0.0009,0.0009,0.0026,0.006,0.0023,0.0048,0.0008,0.0008,0.0073,0.0041,0.0036,0.0064,0.0056,0.0027,0.004,0.0014,0.0071,0.0014,0.0036,0.0046,0.0031
Bathinda,Pod,0.0102,0.00225,0.0077,0.0016333333333333332,,0.002,0.0039,0.0064,0.0081,0.0073999999999999995,0.007,0.0077,0.0038,0.0095,0.0126,0.0036333333333333335,0.00915,0.0056500000000000005,0.0023666666666666667,0.0115,0.005166666666666667,0.0025,0.003833333333333333,0.0046,0.0077,0.0096,0.0111,0.0062,0.0087
Bathinda,Sourcing,0.0051,0.00225,0.001,0.001,0.001,0.001,,0.0009,0.0063,0.0043,0.0017,0.0017,0.0046,0.0016,0.0008,0.0008,0.0018,0.0024500000000000004,0.00105,0.0019,0.00225,0.0008,0.00125,0.0013,0.003,0.0023,0.0027,0.0023,0.0035
Bathinda,WH,,,0.001,,,,,,,,,0.0017,0.0008,,0.0008,,0.0009,0.0008,,0.0006,0.0006,,0.0015,0.0012000000000000001,0.0012,0.0018,0.0009,0.0012,0.0008
Belgaum,CX,,0.0011,,0.0003,0.0008,0.0039,0.0018,0.0011,0.0005,0.0021,0.0019,0.002,0.0009,0.0006,0.0012,0.0006,0.0009,0.0006,0.0008,0.001,0.0012,0.0014,0.0003,0.0012,0.0015,0.0015,0.0012,0.0007,0.004
Belgaum,Pod,0.0015,0.0008666666666666667,0.00155,0.0015,0.0039,0.0021,0.0011333333333333332,0.0045,0.0024,0.0055,0.0012,0.0071,0.00165,0.0028,0.00245,0.0025,0.0009666666666666666,0.00275,0.002,0.00305,0.00165,0.00155,0.003,0.0023,0.0033,0.004,0.0024,0.0016,0.0046
Belgaum,Sourcing,0.0015,0.0004,0.0003666666666666666,0.0003666666666666666,0.0003,0.0014,0.00105,0.0003,0.0003666666666666666,0.0012,0.0005,0.0003,0.0006,0.0009000000000000001,0.0013,0.0006,0.0015999999999999999,0.0004999999999999999,0.0003666666666666666,0.0009,0.0015,0.001,0.0003,0.0006,0.0012,0.0009,0.0012,0.001,0.0018
Belgaum,WH,,,0.0003,0.0011,,,,0.0003,,0.0003,,,0.0003,,,,0.0003,,,0.0003,0.0003,0.0003,,0.0003,,0.0003,0.0003,0.0003,0.0012
Berhampur,CX,,0.0021,,0.0017,0.0018,0.0015,0.0008,0.002,0.0006,0.0017,0.0021,0.0027,0.0012,0.0034,0.0022,0.0031,0.0032,0.0023,0.0022,0.001,0.0029,0.0044,0.0017,0.0058,0.006,0.0027,0.0017,0.0011,0.0014
Berhampur,Pod,,0.0018,0.0019333333333333331,0.0052,0.0088,0.003,0.0031,0.0033,0.0069,0.0073,0.0020499999999999997,0.0029500000000000004,0.0082,0.0022666666666666664,0.0029500000000000004,0.0029333333333333334,0.0019333333333333331,0.0074,0.006,0.0033,0.0029500000000000004,0.0053,0.0034999999999999996,0.0054,0.0106,0.0061,0.0051,0.0084,0.0049
Berhampur,Sourcing,,,,,,,,0.001,0.0007666666666666667,0.0006,0.0016,,0.0006,0.0008500000000000001,0.0016,0.0005,0.0011,0.0006,0.0008,0.0006666666666666666,0.0008333333333333334,0.0019,0.0005333333333333334,0.00105,0.0026,0.0023,0.0026,0.0036,0.0024
Berhampur,WH,,0.0007,0.0008,0.0017,,,0.0008,,0.0006,0.0006,0.00075,,,0.0006,0.0005,0.001,,0.0011,0.0011,,0.001,0.0005,0.0004,0.0004,0.0004,0.0004,,0.0007,0.001
Bhilai,CX,,0.002,0.001,0.0051,0.0059,0.0059,0.0021,,0.0019,0.006,0.0134,0.0117,0.0115,0.0045,0.0069,0.0051,0.006,0.0063,0.0091,0.0073,0.0097,0.0078,0.0018,0.0086,0.0067,0.0052,0.0111,0.0045,0.0063
Bhilai,Pod,0.0076,0.002,0.0076,0.0046,0.0153,0.0049,0.0051,0.017,0.0153,0.012,0.00715,0.0101,0.0104,0.0099,0.0031666666666666666,0.00725,0.007666666666666666,0.0086,0.003966666666666666,0.007,0.0082,0.0046,0.004666666666666667,0.0109,0.0103,0.0094,0.0086,0.0089,0.0146
Bhilai,Sourcing,,0.001,0.001,,,0.0015,0.00155,0.00215,0.0019,,0.0018000000000000002,,0.00315,0.006750000000000001,0.003,0.0014333333333333333,0.0007,0.0023333333333333335,0.0017499999999999998,0.002033333333333333,0.0018,0.0014,0.0009999999999999998,0.0007999999999999999,0.0031,0.0031,0.0012,0.0015,0.0063
Bhilai,WH,,,,0.0041,,,,,,,0.0009,0.0011,0.0020499999999999997,0.0036,,0.0022,0.0011,,,0.0006,0.0006,0.0006,0.0006,0.0006,0.0005,,,0.0035,0.0026
Bhimavaram,CX,,,0.0018,0.0042,,0.0012,0.0037,0.0039,0.0028,0.0052,0.0014,0.0117,0.0051,0.0042,0.0022,,,0.0011,0.0008,0.0047,0.0023,0.0008,0.0037,0.0028,0.0035,0.0045,0.0081,0.0011,0.005
Bhimavaram,Pod,,0.005,0.0037,0.0042,0.0029,0.0049,0.0025,0.00715,0.0085,0.0065,0.0085,0.0029500000000000004,0.0061,0.0032,0.0054,0.0137,0.0056,0.0038,0.0066,0.0055,0.009,0.0016,0.00515,0.0042,0.0041,0.0078,0.0054,0.004,0.0094
Bhimavaram,Sourcing,,,0.0018,0.0028,,0.0012,0.0012,0.0013,,0.0013,,0.0029,0.0015,0.0011,0.0022,0.0011,0.0011,0.0022,,0.0012000000000000001,0.0008,,0.0014500000000000001,0.0014,0.0014,0.0019,0.0027,0.0011,0.0033
Bhimavaram,WH,,,,0.0014,,0.0012,,,0.0014,,0.0014,,0.001,,0.0011,,0.0022,,0.0008,0.0008,0.0023,0.0008,,,0.0028,0.0019,0.0027,0.0028,0.0078
Bhopal,CX,0.0039,0.0014,0.0022,0.0022,0.002,0.0028,0.0028,0.0029,0.003,0.0026,0.0029,0.0054,0.0049,0.0024,0.0035,0.0041,0.0035,0.002,0.0033,0.0035,0.0044,0.0022,0.0035,0.0022,0.0014,0.0031,0.0034,0.0026,0.0044
Bhopal,Pod,0.0071,0.0017000000000000001,0.002133333333333333,0.0024333333333333334,0.0022666666666666664,0.00155,0.0031,0.0031000000000000003,0.0031,0.004699999999999999,0.0031000000000000003,0.004433333333333333,0.0031666666666666666,0.0046,0.0022,0.002766666666666667,0.0033499999999999997,0.0031999999999999997,0.0023333333333333335,0.004350000000000001,0.0030333333333333336,0.0023666666666666667,0.0018333333333333333,0.0019333333333333336,0.0043,0.0066,0.0083,0.004,0.0052
Bhopal,Sourcing,0.002,0.0009666666666666666,0.0006,0.0007000000000000001,0.00042500000000000003,0.0007000000000000001,0.0007,0.0006333333333333333,0.0008666666666666666,0.0006666666666666666,0.0005749999999999999,0.001,0.0009,0.0013,0.0011333333333333334,0.0008,0.0005666666666666666,0.0008999999999999999,0.0006333333333333334,0.0007,0.0008666666666666666,0.0006749999999999999,0.0006000000000000001,0.0007666666666666667,0.0012,0.0024,0.0022,0.0021,0.0038
Bhopal,WH,,0.0002,0.00025,0.00030000000000000003,0.00019999999999999998,0.00039999999999999996,0.00035,0.00019999999999999998,0.0007,0.00035,0.00025,0.00035,0.00039999999999999996,0.00030000000000000003,0.00065,0.00045,0.00055,0.00025,0.0001,0.00015000000000000001,0.00045,0.0001,0.0006,0.0005,0.0001,0.0005,0.0002,0.0008,0.0011
Bhubaneswar,CX,0.0009,0.0015,0.002,0.0018,0.0018,0.0026,0.002,0.0014,0.0015,0.0025,0.0021,0.0017,0.0022,0.0015,0.0024,0.0022,0.0022,0.0023,0.0026,0.0023,0.0027,0.0022,0.0029,0.0025,0.002,0.0021,0.0023,0.0021,0.0044
Bhubaneswar,Pod,0.0034,0.0016333333333333332,0.0021,0.0016333333333333332,0.00145,0.0026333333333333334,0.001325,0.002,0.002166666666666667,0.0026000000000000003,0.0025666666666666667,0.0026999999999999997,0.0022,0.0021333333333333334,0.0019333333333333331,0.0026666666666666666,0.0026,0.0034000000000000002,0.002,0.00335,0.0022,0.0022333333333333333,0.0018333333333333333,0.0022,0.0063,0.0061,0.0059,0.0053,0.01
Bhubaneswar,Sourcing,0.0003,0.00035,0.00030000000000000003,0.000225,0.00036666666666666667,0.0003,0.0004,0.00027499999999999996,0.0003666666666666666,0.0003333333333333333,0.00017500000000000003,0.00043333333333333337,0.0005,0.000375,0.00035,0.0005,0.0005,0.0007999999999999999,0.0005,0.0006333333333333333,0.0004333333333333333,0.00042500000000000003,0.00065,0.0006333333333333333,0.0017,0.0016,0.0013,0.0014,0.0024
Bhubaneswar,WH,0.0002,0.0001,0.00015000000000000001,0.00015000000000000001,0.00015000000000000001,0.00015000000000000001,0.00025,0.0001,0.00015000000000000001,0.0002,0,0.0001,0.00015000000000000001,0.00015000000000000001,0.0001,0.0003,0.00015000000000000001,0.00015000000000000001,0.0001,0.00015000000000000001,0.00015000000000000001,0.0001,0.00025,0.0002,0.0005,0.0004,0.0005,0.0008,0.0016
Bikaner,CX,0.0126,0.0064,0.0139,0.0044,0.001,0.0024,0.0025,0.0008,0.0015,0.0045,0.0042,0.0031,0.0084,0.0042,0.0034,0.0087,0.0034,0.0033,0.0021,0.0059,0.0052,0.0062,0.0051,0.0064,0.003,0.0066,0.0014,0.0006,0.0025
Bikaner,Pod,0.0189,0.00285,0.0061,0.0022,0.0048,0.0008,0.0033,0.0039,0.0046,0.0091,0.0092,0.0039000000000000003,0.0097,0.0037500000000000003,0.012,0.0047,0.004266666666666667,0.0142,0.003966666666666666,0.00695,0.0052,0.00315,0.004233333333333333,0.00385,0.0084,0.0106,0.0137,0.0038,0.0133
Bikaner,Sourcing,,0.0014,0.0008,0.00135,0.001,0.0008,,,0.0015,0.0006,0.0014,0.0008,0.0017,0.0008,0.0013,0.0035,0.0026,0.0017,0.0021,0.0022333333333333333,0.0014999999999999998,0.0012,0.0013,0.0006,0.003,0.0013,0.0021,0.0063,0.0013
Bikaner,WH,,0.0007,0.0012000000000000001,0.0009,,,,,,,0.0007,,0.0008,0.0008,,0.0018,0.0009,0.0008,,,0.0007,0.0006,0.0015999999999999999,0.0006,,,,0.0006,0.0006
Bilaspur,CX,,0.0039,,0.0049,0.0046,,0.0096,0.0026,0.0008,0.0059,0.0007,0.003,0.0039,0.004,0.0077,0.003,0.0068,0.0088,0.0074,0.0118,0.0033,0.0017,0.0046,0.003,0.003,0.0016,0.003,0.0024,0.0069
Bilaspur,Pod,,0.0049,0.0031,0.00445,0.0055,0.005350000000000001,0.0036000000000000003,0.0123,0.0079,0.0082,0.0048,0.003,0.0029,0.004,0.0054333333333333326,0.0037,0.0122,0.0056,0.0043,0.0174,0.0047,0.0039,0.0069,0.0105,0.0101,0.0069,0.01,0.0067,0.0086
Bilaspur,Sourcing,,,0.0012,0.0008,0.0009,,,0.00135,0.0008,0.0015,,,0.00195,0.004,0.0013,0.0014666666666666667,0.0008,0.0036,0.0016666666666666668,0.0011333333333333332,0.0008666666666666667,0.00115,0.0011,0.0018333333333333333,0.0005,0.0016,0.0024,0.0018,0.0034
Bilaspur,WH,,0.001,,0.0016,,0.0008,0.0008,,0.0008,,,,0.0019,0.0016,0.0008,0.0007,0.00115,0.0016,0.0006,0.0017,,,,0.0015,0.0015,0.0011,0.0012,,0.0023
Central Goa,CX,0.0006,0.0014,0.0018,0.0015,0.0023,0.002,0.0022,0.0021,0.0021,0.002,0.0021,0.0032,0.0023,0.0031,0.0025,0.002,0.0025,0.0027,0.0021,0.0024,0.0022,0.0017,0.0024,0.002,0.0022,0.0025,0.0028,0.0022,0.003
Central Goa,Pod,0.00245,0.0017666666666666664,0.001325,0.001325,0.0015749999999999998,0.0020666666666666667,0.0014249999999999998,0.0023333333333333335,0.0026,0.0023333333333333335,0.0020666666666666667,0.0033333333333333335,0.0025,0.0029666666666666665,0.002533333333333333,0.0023,0.0025666666666666667,0.0021000000000000003,0.0018333333333333335,0.002033333333333333,0.002033333333333333,0.0015333333333333336,0.0016666666666666663,0.0013333333333333333,0.0057,0.0064,0.0059,0.0044,0.005
Central Goa,Sourcing,0.00085,0.0005666666666666666,0.0004333333333333333,0.0006666666666666666,0.00025,0.000375,0.0003,0.0005,0.00045000000000000004,0.0006333333333333333,0.00023333333333333336,0.00039999999999999996,0.000425,0.0006249999999999999,0.001,0.0008500000000000001,0.000475,0.0007333333333333333,0.0007999999999999999,0.000625,0.000575,0.0007,0.00045,0.0008666666666666667,0.0024,0.0027,0.0031,0.0018,0.0022
Central Goa,WH,,0.0002,0.0002,0.00025,0.00025,0.0002,0.0001,0.0002,0.0001,0.0001,0.0001,0.00025,0.0001,0.00025,0.00019999999999999998,0.00015000000000000001,0.00019999999999999998,0.00005,0.00015000000000000001,0.00015000000000000001,0.00015000000000000001,0.00015000000000000001,0.00015000000000000001,0.00019999999999999998,0.0003,0.0004,0.0005,0.0008,0.0007
Chandigarh,CX,0.0034,0.003,0.0031,0.0028,0.0034,0.0027,0.0028,0.0039,0.0043,0.0038,0.0032,0.0052,0.0044,0.004,0.0045,0.0044,0.0039,0.0048,0.0035,0.0035,0.0036,0.0039,0.0037,0.0043,0.0051,0.0058,0.0055,0.0045,0.0039
Chandigarh,Pod,0.0028333333333333335,0.0026666666666666666,0.0024333333333333334,0.0015249999999999999,0.00215,0.0018499999999999999,0.0018,0.0022500000000000003,0.0036333333333333335,0.003966666666666666,0.0031333333333333335,0.003966666666666666,0.0041333333333333335,0.0038666666666666663,0.0036666666666666666,0.0036000000000000003,0.0035999999999999995,0.0035666666666666663,0.0033000000000000004,0.00605,0.0033333333333333335,0.003233333333333333,0.0035666666666666663,0.0036000000000000003,0.0121,0.0145,0.0136,0.0089,0.0114
Chandigarh,Sourcing,0.0012,0.000625,0.00042500000000000003,0.00039999999999999996,0.0005,0.0006,0.000525,0.0005,0.0012000000000000001,0.0012333333333333335,0.0007666666666666667,0.0005250000000000001,0.0009,0.001025,0.000875,0.0011,0.0009666666666666666,0.0011666666666666665,0.0007750000000000001,0.0008333333333333334,0.0009,0.000625,0.000625,0.0009999999999999998,0.0028,0.003,0.0033,0.0034,0.0051
Chandigarh,WH,0.0001,0.00025,0.0004,0.0002,0.00015000000000000001,0.00019999999999999998,0.00025,0.00025,0.00019999999999999998,0.00030000000000000003,0.00019999999999999998,0.00019999999999999998,0.00025,0.00030000000000000003,0.00030000000000000003,0.00045,0.00039999999999999996,0.00030000000000000003,0.00025,0.0003,0.00035,0.00035,0.00035,0.00039999999999999996,0.0012,0.0009,0.0013,0.0028,0.003
Chennai,CX,0.0032,0.0029,0.0039,0.0027,0.0031,0.0032,0.0035,0.0031,0.0038,0.0038,0.0032,0.0047,0.0038,0.0036,0.0035,0.0031,0.0039,0.0041,0.0033,0.0037,0.0037,0.0031,0.0032,0.003,0.003,0.0038,0.0038,0.0038,0.0057
Chennai,Pod,0.001775,0.0018000000000000002,0.0016250000000000001,0.0018249999999999998,0.0018499999999999999,0.0021249999999999997,0.0024,0.0024749999999999998,0.002825,0.0024999999999999996,0.0034000000000000002,0.004075,0.0031999999999999997,0.0029,0.0026,0.0026249999999999997,0.0031249999999999997,0.003225,0.0031666666666666666,0.0033333333333333335,0.0026,0.003166666666666667,0.0023250000000000002,0.001925,0.0083,0.0089,0.0092,0.0087,0.0118
Chennai,Sourcing,0.0005333333333333333,0.000375,0.00039999999999999996,0.00045,0.00045000000000000004,0.00035,0.00045,0.000425,0.00042500000000000003,0.000425,0.000275,0.0006333333333333333,0.0008333333333333334,0.000575,0.0008666666666666667,0.0007000000000000001,0.000525,0.00055,0.0006249999999999999,0.0006000000000000001,0.000675,0.0005,0.000475,0.00045,0.0023,0.0022,0.0029,0.0025,0.0028
Chennai,WH,0.00045,0.0004,0.00035,0.00035,0.00030000000000000003,0.00025,0.00030000000000000003,0.00035,0.00025,0.00025,0.00019999999999999998,0.0003,0.00045,0.00045,0.00030000000000000003,0.00065,0.00055,0.00045,0.00039999999999999996,0.0005499999999999999,0.0005,0.00045,0.0007,0.0005499999999999999,0.0012,0.0013,0.0014,0.0021,0.0031
Coimbatore,CX,0.0018,0.002,0.0022,0.0032,0.0028,0.0029,0.0036,0.0035,0.0029,0.0025,0.0027,0.0029,0.0024,0.0022,0.0022,0.0027,0.0034,0.0038,0.0027,0.0022,0.0023,0.0022,0.0026,0.0023,0.0033,0.0041,0.0029,0.0028,0.0038
Coimbatore,Pod,0.00285,0.001675,0.0018000000000000002,0.0017000000000000001,0.0018750000000000001,0.001525,0.002,0.0023,0.0025,0.002333333333333333,0.002533333333333333,0.002933333333333333,0.0026,0.0024000000000000002,0.0022333333333333333,0.003233333333333333,0.003966666666666666,0.003533333333333333,0.0028,0.0029666666666666665,0.0028666666666666667,0.002266666666666667,0.002133333333333333,0.0018666666666666666,0.0071,0.0076,0.0074,0.0057,0.0083
Coimbatore,Sourcing,0.0004666666666666666,0.00046666666666666666,0.0006666666666666666,0.00030000000000000003,0.0006666666666666666,0.00039999999999999996,0.00036666666666666667,0.0004,0.0005,0.00036666666666666667,0.0003,0.00025,0.0005666666666666667,0.0006333333333333334,0.000475,0.0005,0.0005666666666666666,0.0004666666666666667,0.0005666666666666666,0.00046666666666666666,0.0006,0.0004,0.00045000000000000004,0.000325,0.0018,0.001,0.0019,0.0016,0.0025
Coimbatore,WH,,0.00025,0.0005499999999999999,0.0006000000000000001,0.00030000000000000003,0.0006,0.00055,0.0005,0.0002,0.00025,0.00025,0.00045,0.00039999999999999996,0.00045,0.0002,0.0006,0.0006,0.00039999999999999996,0.0002,0.00025,0.00025,0.00025,0.00025,0.00045,0.0008,0.0011,0.0016,0.0023,0.0034
Cuddalore,CX,,,,,,,,,,,,,,0.011,,,0.0013,0.0012,,0.0044,0.0028,0.0013,0.003,0.001,0.0068,0.0055,0.001,0.0039,0.0008
Cuddalore,Pod,,,,,,,,,,,,,,0.0154,0.0064,0.0041,0.0089,0.0098,0.004399999999999999,0.007,0.00425,0.00265,0.0048,0.0061,0.0059,0.0071,0.0038,0.0035,0.003
Cuddalore,Sourcing,,,,,,,,,,,,,,0.0033,,0.0014,0.0013,0.0012,0.001,0.0017,0.0011666666666666668,0.0007,0.0009,0.0005,0.0044,0.0035,0.0014,0.0026,0.0034
Cuddalore,WH,,,,,,,,,,,,,,,,,,0.0012,,0.0013,,0.0007,0.0012,,0.0005,0.001,0.001,0.0004,0.0017
Cuttack,CX,0.0021,0.0013,0.0013,0.0021,0.0007,0.0014,0.0006,0.0005,0.0008,0.0006,0.0005,0.0014,0.0013,0.0023,0.0014,0.0021,0.0019,0.0021,0.0032,0.003,0.0012,0.0016,0.0023,0.001,0.003,0.0016,0.0017,0.002,0.0008
Cuttack,Pod,0.0042,0.002,0.0024,0.0023,0.0022333333333333333,0.0042,0.0025,0.0014500000000000001,0.00095,0.0044,0.0023,0.00395,0.0013,0.0014,0.0020499999999999997,0.0014666666666666667,0.0018666666666666669,0.005,0.0018,0.0016666666666666663,0.0018666666666666666,0.0010666666666666667,0.0009666666666666666,0.0017000000000000001,0.0052,0.0016,0.0044,0.003,0.0074
Cuttack,Sourcing,,,,0.0004,0.0003,0.0004,0.0003,0.00036666666666666667,0.0005,,0.0005,0.00039999999999999996,0.00046666666666666666,0.0008,0.0009,0.0006000000000000001,0.0016,0.0007,0.0006666666666666666,0.00075,0.0004333333333333333,0.0004,0.00045,0.00065,0.0012,0.0002,0.0015,0.0003,0.0018
Cuttack,WH,0.0021,0.0003,,,0.0003,,0.0003,0.0002,,0.00045,,0.0008,0.0003,,,0.0002,,0.0002,,0.0002,0.0003,0.0002,,0.00025,0.0002,0.0002,0.0003,0.0007,0.0005
Davanagere,CX,,0.0027,0.0023,0.0025,,0.0038,0.0019,0.0012,0.0049,0.0067,0.0013,0.0047,0.0021,0.0063,0.0024,0.0031,,0.0073,0.0026,0.0025,0.0031,0.001,0.0019,0.0018,0.0032,0.0041,0.0013,0.0024,0.0083
Davanagere,Pod,,0.0024000000000000002,0.0019333333333333331,0.00155,0.0051,0.0044,0.0028,0.006,0.0059,0.004,0.0044,0.0068,0.0031,0.007899999999999999,0.0047,0.0044,0.0036,0.0073,0.00155,0.004,0.0041,0.0023499999999999997,0.0024000000000000002,0.0032,0.0045,0.0083,0.0049,0.0008,0.0095
Davanagere,Sourcing,0.0037,0.0011,0.0012,0.0015999999999999999,0.0007,0.0006,,0.0009,0.0027,0.002,0.0013,0.0007,0.0007,0.0013,0.0014999999999999998,0.00255,0.001,0.0031,0.0010333333333333334,0.0011666666666666668,0.00075,0.00075,0.0005,0.0005,,0.0023,,0.0032,0.0038
Davanagere,WH,,,,,,,0.0012,,0.0011,0.0007,,,,,0.0006,0.0006,0.0006,,0.0005,0.0005,0.0005,,0.0005,0.0005,0.0009,0.0005,0.0004,0.002,0.0019
Dehradun,CX,0.0033,0.0023,0.0039,0.0027,0.0023,0.0032,0.0039,0.0028,0.0039,0.0017,0.0017,0.0027,0.0046,0.0045,0.0037,0.0049,0.0025,0.0021,0.004,0.0041,0.0028,0.0024,0.0032,0.0029,0.0025,0.0022,0.0034,0.0023,0.0026
Dehradun,Pod,0.0017,0.0017000000000000001,0.00245,0.0029000000000000002,0.0077,0.0017250000000000002,0.0017666666666666666,0.001775,0.0030000000000000005,0.004399999999999999,0.00295,0.00505,0.003966666666666666,0.0037333333333333333,0.0027333333333333337,0.0033333333333333327,0.0031,0.00485,0.0034333333333333334,0.0031,0.0031,0.0024,0.002333333333333333,0.0021,0.0061,0.0064,0.0066,0.0052,0.0046
Dehradun,Sourcing,0.0005,0.0005,0.0008666666666666666,0.00039999999999999996,0.0003333333333333333,0.00025,0.00025,0.0005,0.0005,0.0006666666666666666,0.0002666666666666666,0.0007333333333333332,0.0008666666666666666,0.0009666666666666666,0.0008666666666666666,0.0011666666666666665,0.0009249999999999999,0.0014333333333333333,0.0010999999999999998,0.001,0.0011666666666666665,0.0012666666666666666,0.0007333333333333332,0.0007999999999999999,0.0035,0.0027,0.0022,0.002,0.0031
Dehradun,WH,0.0005,0.00025,0.0002,0.00035,0.00019999999999999998,,0.0001,0.00035,0.00015000000000000001,0.0002,0.00015000000000000001,0.0003,0.0002,0.0003,0.0002,0.00030000000000000003,0.0004,0.00030000000000000003,0.0002,0.0001,0.00025,0.0002,0.0002,0.0002,0.0006,0.0004,0.0008,0.0007,0.0012
Delhi,CX,0.0025,0.0026,0.0027,0.0027,0.0029,0.0032,0.0025,0.0029,0.0037,0.0039,0.003,0.0034,0.0041,0.0036,0.0034,0.0029,0.0029,0.0027,0.0023,0.0024,0.0028,0.0023,0.0024,0.0022,0.0029,0.0031,0.0029,0.0039,0.0048
Delhi,Pod,0.0025,0.001675,0.002025,0.001775,0.0022749999999999997,0.00245,0.0023,0.0025499999999999997,0.00305,0.0029749999999999998,0.0024749999999999998,0.00335,0.0028000000000000004,0.003,0.003,0.00285,0.0038999999999999994,0.003766666666666667,0.0032333333333333333,0.0027749999999999997,0.00275,0.0030333333333333336,0.001925,0.002533333333333333,0.0088,0.0088,0.0093,0.0063,0.0093
Delhi,Sourcing,0.001425,0.001,0.0010500000000000002,0.000975,0.00075,0.0007999999999999999,0.0007999999999999999,0.0011,0.0014750000000000002,0.0016500000000000002,0.0008750000000000001,0.00115,0.001325,0.0013,0.000925,0.0008750000000000001,0.0008,0.0010666666666666667,0.0008749999999999999,0.000775,0.000825,0.000725,0.0007750000000000001,0.0007250000000000001,0.0032,0.0035,0.0037,0.0033,0.0043
Delhi,WH,0.0002,0.00025,0.00035,0.00035,0.0004,0.00035,0.00035,0.00039999999999999996,0.0005,0.0005499999999999999,0.0005,0.00045,0.00045,0.0005,0.0006000000000000001,0.0005,0.0007,0.0005499999999999999,0.0006,0.00055,0.00075,0.0007,0.0009,0.0006000000000000001,0.0015,0.001,0.0014,0.0018,0.0018
Dibrugarh,CX,0.0141,0.0036,0.0057,0.0021,0.0061,0.004,0.0066,0.0054,0.0053,0.0036,0.0042,0.0028,0.004,0.0026,0.0051,0.0041,0.0024,0.0028,0.0024,0.0038,0.0031,0.0026,0.0018,0.0012,0.0011,0.0018,0.0012,0.0014,0.0012
Dibrugarh,Pod,0.0165,0.003833333333333333,0.0057,0.0032333333333333333,0.0108,0.00405,0.00635,0.0033666666666666667,0.0113,0.0131,0.0091,0.005333333333333333,0.0029666666666666665,0.0088,0.0028,0.0063999999999999994,0.00365,0.0036000000000000003,0.0026,0.0062,0.0073,0.00315,0.002,0.0024,0.0043,0.0053,0.0036,0.0038,0.0035
Dibrugarh,Sourcing,,0.0007,0.0003,0.0007,0.0004,0.0004,,,0.0009500000000000001,0.0004,,0.0006000000000000001,0.0010999999999999998,0.0011,0.0008,0.0007999999999999999,0.0006000000000000001,0.0004,0.0004333333333333333,0.0003,0.0004,0.0006333333333333333,0.0009,0.0015,0.0024,0.0006,0.0003,0.0027,0.0023
Dibrugarh,WH,,0.0004,,,0.0004,0.0004,,0.0004,,,0.0005,0.0004,0.0004,0.0004,0.0004,0.0004,,0.0004,,0.0007,0.0004,,0.0006,0.0003,0.0005,,,0.0005,0.0003
Dindigul,CX,,,,,,,,,,,,,,,,,,,,,0.0105,0.008,0.0027,0.0017,0.0016,,0.0029,0.0027,0.0029
Dindigul,Pod,,,,,,,,,,,,0.0057,,0.0038,0.0057,0.008,0.0037,,0.0013,0.0025,0.0031,0.003,0.0036,0.0043,,0.0048,0.0037,0.0027,0.0029
Dindigul,Sourcing,,,,,,,,,,,,,,,0.0019,0.0016,0.0015,0.0029,0.0026,0.0012,,0.001,,0.0034,0.0016,0.0007,0.0015,0.002,0.0029
Dindigul,WH,,,,,,,,,,,,,,,,,,,,0.0012,0.001,0.002,0.0018,0.0009,0.0016,,,0.0013,0.0018
Durgapur,CX,,,0.0031,0.0025,,,,,,,,,,,,,,,,,,,,,,,,,
Durgapur,Pod,,0.0032,0.0015,0.0025,,,,,,,,,,,,,,,,,,,,,,,,,
Durgapur,WH,,0.0016,,,,,,,,,,,,,,,,,,,,,,,,,,,
Eluru,CX,,0.0025,,0.0115,0.0033,0.0033,,0.0024,0.0044,0.0043,0.001,0.0038,0.0017,0.0041,0.0025,0.004,0.0009,0.0032,0.0008,0.0027,0.0007,0.0025,0.0006,0.0024,0.0024,0.0032,0.0015,0.0013,0.002
Eluru,Pod,,0.0064,0.0035,0.0128,0.0033,0.0044,0.0047,0.0084,0.0088,0.0077,0.0034,0.0085,0.0034666666666666665,0.0049,0.0067,0.0029666666666666665,0.00315,0.0012000000000000001,0.006,0.0067,0.0046,0.00285,0.0025,0.0009,0.0055,0.0074,0.0015,0.0054,0.002
Eluru,Sourcing,,0.0013,0.0024,0.0013,0.0011,,0.0009,0.0024,0.00135,0.00215,0.001,0.0019,0.0017499999999999998,0.0008,0.0014,0.0008,0.0027,,0.0008,0.0013,0.0007,,0.0013,0.0009,,0.0042,0.002,0.0013,
Eluru,WH,,0.0013,,,,,0.0009,,0.0018,0.0009,,0.0019,0.0009,0.0008,,0.0008,0.0009,0.0008,0.00115,0.0007,,,0.0006,0.0006,,0.0011,,0.0031,0.0025
Erode,CX,,0.0014,0.0019,0.0006,0.0009,0.0028,0.003,0.0017,0.0009,0.0034,0.0021,0.0038,0.0014,0.001,0.001,0.0021,0.0014,0.0033,0.0012,0.0016,0.0018,0.002,0.0022,0.0013,0.0011,0.0026,0.0011,0.001,0.0029
Erode,Pod,0.0018,0.00195,0.0015,0.0009,0.00225,0.00145,0.0019,0.0038,0.003,0.0041,0.0039,0.00275,0.0016333333333333332,0.003,0.0026999999999999997,0.00365,0.0036999999999999997,0.0032333333333333333,0.0022333333333333333,0.0032,0.0053,0.00275,0.00335,0.0044,0.0048,0.0038,0.0065,0.004,0.0035
Erode,Sourcing,,0.0011,0.00055,0.0003,0.0006,0.00055,0.00046666666666666666,0.0012,0.0002,,0.00065,0.00055,0.0003,0.00039999999999999996,0.00035,0.00045,0.00035,0.0003666666666666666,0.00036666666666666667,0.00055,0.00035,0.00055,0.0002666666666666667,0.0002,0.0018,0.0015,0.0005,0.001,0.0008
Erode,WH,,0.00039999999999999996,0.0005,0.0003,,0.0003,0.0003,0.0005,0.0005,0.0002,0.0003,0.0003,,0.00039999999999999996,0.001,0.00055,0.0005,0.0003,0.0002,0.0005,0.0007,,0.00030000000000000003,0.0002,0.0011,0.0009,0.0018,0.0013,0.0027
Faridabad,CX,0.0037,0.0023,0.0025,0.0024,0.0031,0.0028,0.0024,0.0041,0.0051,0.0029,0.0024,0.0053,0.0045,0.0039,0.0038,0.0035,0.0035,0.0067,0.0035,0.0061,0.0057,0.0035,0.0049,0.0056,0.0037,0.0058,0.0035,0.0032,0.006
Faridabad,Pod,0.00405,0.002766666666666667,0.0025,0.0033499999999999997,0.0024999999999999996,0.0036666666666666666,0.0033000000000000004,0.00565,0.005,0.004433333333333333,0.0032666666666666664,0.005566666666666667,0.0049,0.0048,0.005,0.004266666666666667,0.0041333333333333335,0.004733333333333333,0.003999999999999999,0.007149999999999999,0.004266666666666666,0.0036000000000000003,0.0032666666666666664,0.0034999999999999996,0.0097,0.0107,0.0091,0.0071,0.0095
Faridabad,Sourcing,0.0019666666666666665,0.0007999999999999999,0.0009333333333333333,0.000925,0.0006,0.0006333333333333334,0.0008,0.001,0.0012333333333333335,0.0014666666666666667,0.000575,0.00065,0.0018666666666666666,0.001425,0.001225,0.00115,0.0009000000000000001,0.0018666666666666666,0.001025,0.0014000000000000002,0.0015333333333333334,0.0009000000000000001,0.0008500000000000001,0.0011,0.0027,0.0023,0.0029,0.0036,0.0042
Faridabad,WH,0.0004,0.00025,0.00025,0.0002,0.00025,0.00045,0.0008,0.00015000000000000001,0.00025,0.0003,0.00025,0.00055,0.00030000000000000003,0.0003,0.00065,0.00065,0.0007,0.0005,0.00035,0.0002,0.00030000000000000003,0.0004,0.00075,0.0005,0.001,0.0007,0.0011,0.0018,0.0024
Gorakhpur,CX,0.0093,,0.0018,0.0012,0.0026,0.003,0.0017,0.003,0.0031,0.0015,,0.0013,0.0005,0.0012,0.0011,0.0019,0.003,0.0011,0.0021,0.0026,0.0023,0.0025,0.0021,0.0018,0.003,0.0016,0.0021,0.0006,0.0029
Gorakhpur,Pod,0.0093,0.0034,0.0058,0.0033,0.0028,0.0042,0.0021,0.0044,0.0039,0.0054,0.0053,0.0035499999999999998,0.0089,0.0055,0.00305,0.0027,0.0026666666666666666,0.0048,0.0022333333333333333,0.0034,0.0031,0.0014666666666666667,0.0031,0.0009666666666666666,0.004,0.0033,0.003,0.0016,0.002
Gorakhpur,Sourcing,,,0.0004,,0.00075,0.0005,0.0013,0.0009666666666666666,0.0005333333333333333,0.0007999999999999999,0.00055,0.0008666666666666666,0.0005,0.0009333333333333334,0.0011333333333333334,0.0029,0.0015,0.0011,0.0007,0.0008,0.0009,0.00035,0.00046666666666666666,0.0003,0.0021,0.0016,0.0021,0.0013,0.002
Gorakhpur,WH,,,,,0.00055,0.0004,0.0004,,0.0003,0.0004,0.0004,0.0004,,0.0012,0.0006000000000000001,0.0004,0.0004,0.0007,0.0006,,0.0003,0.0002,,,0.0009,0.0002,0.0002,0.0005,0.0008
Guntur,CX,,0.0024,0.0017,0.0045,0.0023,0.0036,0.0044,0.0032,0.0043,0.0038,0.0033,0.0035,0.0029,0.0019,0.0029,0.0025,0.0025,0.0025,0.0025,0.003,0.003,0.0022,0.0035,0.0017,0.0033,0.0043,0.0037,0.004,0.0046
Guntur,Pod,0.0035,0.0023333333333333335,0.0020666666666666667,0.002166666666666667,0.002533333333333333,0.002225,0.0026666666666666666,0.00405,0.0029999999999999996,0.0032999999999999995,0.003133333333333333,0.0034666666666666665,0.0029000000000000002,0.0021,0.0033666666666666667,0.0020666666666666667,0.0032333333333333333,0.0029999999999999996,0.0025666666666666663,0.00415,0.0022333333333333333,0.0019333333333333331,0.0018333333333333335,0.001175,0.0064,0.0079,0.0064,0.0051,0.0067
Guntur,Sourcing,0.0018,0.000725,0.0008666666666666666,0.00055,0.0003,0.00042500000000000003,0.0005666666666666667,0.0007000000000000001,0.0005666666666666667,0.00075,0.0004,0.0005,0.00047500000000000005,0.0006000000000000001,0.0007,0.0009333333333333333,0.000525,0.0007333333333333332,0.0007,0.0006333333333333333,0.0007333333333333332,0.0006249999999999999,0.000425,0.0006,0.002,0.0019,0.0012,0.0011,0.0023
Guntur,WH,,0.00039999999999999996,0.0006000000000000001,0.0005,0.00045,0.0005,0.00045,0.0007,0.00035,0.0005,0.00055,0.00039999999999999996,0.0008500000000000001,0.0007,0.0003,0.00065,0.0007,0.00085,0.0007999999999999999,0.00065,0.00115,0.00045,0.00065,0.0005,0.0008,0.0021,0.0027,0.0034,0.0039
Gurgaon,CX,0.0022,0.0026,0.003,0.0026,0.0028,0.0029,0.0027,0.0031,0.0039,0.0042,0.0033,0.0051,0.0049,0.0039,0.0035,0.0032,0.0029,0.003,0.0029,0.0031,0.0033,0.0028,0.0027,0.003,0.003,0.003,0.0031,0.0036,0.0045
Gurgaon,Pod,0.002025,0.0019500000000000001,0.0023,0.0019000000000000002,0.0023750000000000004,0.0026,0.0023499999999999997,0.002525,0.0033,0.003325,0.002975,0.0035499999999999998,0.0032500000000000003,0.0034750000000000002,0.0030749999999999996,0.002775,0.0039000000000000003,0.0031750000000000003,0.0026249999999999997,0.00295,0.004166666666666667,0.0024000000000000002,0.0026666666666666666,0.0028,0.0084,0.0085,0.01,0.0063,0.0096
Gurgaon,Sourcing,0.0013,0.0009666666666666668,0.000575,0.0010666666666666665,0.0009666666666666668,0.0009333333333333333,0.0011333333333333334,0.0012666666666666666,0.001375,0.001475,0.000725,0.0014999999999999998,0.0012,0.0016,0.0011666666666666665,0.0012333333333333335,0.0010333333333333334,0.0011333333333333334,0.000775,0.0008333333333333332,0.0010333333333333334,0.0007999999999999999,0.00065,0.00075,0.0031,0.0035,0.0035,0.0036,0.004
Gurgaon,WH,0.00035,0.00025,0.0003,0.00035,0.00035,0.00025,0.0003,0.0005,0.00045,0.0005,0.0004,0.00045,0.00055,0.00055,0.0005,0.0005,0.0005,0.0006000000000000001,0.00045,0.00025,0.0007,0.0007,0.00085,0.0005,0.0015,0.0013,0.0012,0.0016,0.0021
Guwahati,CX,0.0055,0.0031,0.0051,0.005,0.0051,0.0037,0.0024,0.0025,0.0031,0.0031,0.0032,0.0041,0.0038,0.0037,0.0053,0.0031,0.0014,0.0031,0.0038,0.0033,0.0045,0.0023,0.003,0.0022,0.0024,0.0028,0.0034,0.0017,0.0035
Guwahati,Pod,0.0052,0.0041,0.004366666666666666,0.005333333333333333,0.0049,0.004033333333333333,0.0052,0.00495,0.004,0.0056,0.0055,0.00675,0.004166666666666667,0.0032999999999999995,0.004666666666666667,0.0043,0.003966666666666666,0.00585,0.0034666666666666665,0.0047,0.0036666666666666666,0.0031666666666666666,0.0033000000000000004,0.0030499999999999998,0.008,0.0078,0.009,0.0066,0.0121
Guwahati,Sourcing,,0.0007666666666666667,0.0006333333333333333,0.000475,0.00039999999999999996,0.00019999999999999998,0.0003666666666666666,0.0003,0.00046666666666666666,0.00025,0.0003333333333333333,0.0005333333333333334,0.00065,0.0010333333333333334,0.0012666666666666666,0.0010666666666666665,0.0010666666666666665,0.0011666666666666665,0.0008,0.0006666666666666666,0.0005333333333333333,0.000575,0.0007,0.0006000000000000001,0.0019,0.0017,0.0021,0.0021,0.0032
Guwahati,WH,,0.00045,0.00015000000000000001,0.00025,0.0005,0.0003,0.0003,0.00015000000000000001,0.0002,0.0001,0.0001,0.0006000000000000001,0.00025,0.00025,0.00035,0.0004,0.00025,0.00019999999999999998,0.00025,0.00035,0.00025,0.0002,0.00015000000000000001,0.0005,0.0004,0.0007,0.0014,0.0008,0.0009
Gwalior,CX,0.0028,0.0009,0.0022,0.0019,0.0022,0.0037,0.0035,0.0011,0.0022,0.0042,0.0032,0.0034,0.0057,0.0048,0.0046,0.0056,0.0068,0.0033,0.0051,0.0017,0.0038,0.0081,0.0055,0.0025,0.002,0.0029,0.0016,0.0023,0.0017
Gwalior,Pod,0.0056,0.0031999999999999997,0.0020499999999999997,0.0012,0.0063,0.002,0.00325,0.0087,0.0086,0.0136,0.004050000000000001,0.006350000000000001,0.0054,0.0043,0.004200000000000001,0.00465,0.0032666666666666664,0.00365,0.0037333333333333333,0.00485,0.0107,0.0053,0.0025666666666666667,0.0019666666666666665,0.0041,0.0066,0.008,0.0051,0.004
Gwalior,Sourcing,0.0014,0.0007,0.00036666666666666667,0.0007,0.0007999999999999999,0.0003666666666666666,0.0005,0.0007,0.0012,0.00043333333333333337,0.0004666666666666667,0.0005,0.0007999999999999999,0.0015999999999999999,0.0011666666666666668,0.0012499999999999998,0.0009333333333333334,0.0012333333333333335,0.0017000000000000001,0.001125,0.00085,0.0011333333333333334,0.0011333333333333334,0.000375,0.0023,0.0017,0.0018,0.003,0.0005
Gwalior,WH,,0.0002,,0.0002,,,0.0008,0.0003,0.0002,0.0002,0.0002,0.0008,0.0003,0.0006,,0.0007,0.0006000000000000001,0.0002,0.0006,0.0002,0.0002,0.0002,0.0005,0.0005,0.0002,0.0009,0.0007,0.0012,0.0018
Hosur,CX,,,,,,,,,,,,,,,,,,,,0.0043,0.0156,0.0033,0.0096,0.0041,0.0072,0.001,0.0047,0.0009,0.0008
Hosur,Pod,,,,,,,,,,,,,,,,,,,,0.0085,0.00775,0.0083,0.0096,0.0122,0.018,0.0128,0.0104,0.006,0.0147
Hosur,Sourcing,,,,,,,,,,,,,,,,,,,,0.0043,0.0019,0.0066,0.0024000000000000002,,,0.001,0.0019,,0.0025
Hosur,WH,,,,,,,,,,,,,,,,,,,,,0.0195,0.0017,0.0016,,0.0024,0.002,0.0009,0.0026,0.0049
Hubli,CX,,0.0006,0.0028,0.0022,0.002,0.0022,0.002,0.0036,0.0018,0.0012,0.0023,0.001,0.0027,0.0011,0.0012,0.0008,0.0022,0.0011,0.0009,0.0008,0.0021,0.0018,0.0013,0.0012,0.0009,0.0018,0.0031,0.0006,0.0035
Hubli,Pod,0.0038,0.0014,0.0037,0.0054,0.0023,0.0056,0.0055,0.0054,0.0027,0.0028,0.0062,0.0013333333333333333,0.0053,0.0021,0.0016666666666666668,0.0023,0.0039000000000000003,0.0022500000000000003,0.00265,0.0025,0.0022,0.0012,0.0015999999999999999,0.0017333333333333333,0.0018,0.003,0.0041,0.0009,0.0032
Hubli,Sourcing,0.0038,0.0008,0.00045,0.0003,0.0005,0.00045,0.00039999999999999996,0.0006,0.0007499999999999999,0.0007,0.0007,0.0004333333333333333,0.0004,0.0004,0.00155,0.0012,0.0008666666666666667,0.0013000000000000002,0.00045,0.0003,0.0007999999999999999,0.0006,0.0003,0.0012,0.0018,0.0009,0.0015,0.0021,0.0024
Hubli,WH,,0.00045,0.0003,0.00045,0.0007,,,0.0003,0.0003,0.0003,0.0003,0.0003,,0.0008,0.0004,0.0008,0.0007,,,,0.0003,,,0.0003,0.0003,0.0003,,0.0003,0.0012
Hyderabad,CX,0.0029,0.004,0.004,0.0038,0.0052,0.0044,0.0044,0.0042,0.0039,0.0037,0.0037,0.0045,0.0044,0.0041,0.004,0.0038,0.004,0.0038,0.0031,0.0029,0.0031,0.0029,0.0032,0.0031,0.0035,0.0042,0.0036,0.0035,0.0054
Hyderabad,Pod,0.00195,0.002175,0.0018750000000000001,0.002325,0.002525,0.00245,0.0025749999999999996,0.00265,0.002775,0.002825,0.0027,0.0043,0.003375,0.0042,0.002775,0.0024999999999999996,0.00275,0.0037999999999999996,0.00235,0.002733333333333333,0.0019249999999999998,0.0025,0.0017,0.00155,0.0068,0.0076,0.0078,0.0057,0.0084
Hyderabad,Sourcing,0.00023333333333333336,0.0004,0.00045,0.00039999999999999996,0.00035,0.00039999999999999996,0.000375,0.000625,0.0007,0.000575,0.00055,0.0006000000000000001,0.000775,0.0006749999999999999,0.00075,0.0007999999999999999,0.0009333333333333333,0.000725,0.00055,0.000525,0.0008333333333333334,0.0005499999999999999,0.0006,0.00045,0.0023,0.0022,0.0019,0.0021,0.0031
Hyderabad,WH,0.00035,0.0004,0.00039999999999999996,0.00045,0.00035,0.00039999999999999996,0.0005,0.00035,0.00039999999999999996,0.00030000000000000003,0.00045,0.00045,0.0005,0.00045,0.00035,0.00030000000000000003,0.00039999999999999996,0.00030000000000000003,0.00025,0.00039999999999999996,0.00035,0.00039999999999999996,0.00065,0.0005499999999999999,0.0014,0.0017,0.0013,0.0019,0.0039
Indore,CX,0.0014,0.0034,0.0033,0.0033,0.004,0.0047,0.0044,0.0046,0.0042,0.0051,0.0043,0.0058,0.0051,0.0038,0.0039,0.0033,0.0029,0.0029,0.003,0.0039,0.0022,0.0029,0.0034,0.0024,0.0027,0.0025,0.0031,0.0025,0.0062
Indore,Pod,0.00385,0.0026000000000000003,0.0021750000000000003,0.0029666666666666665,0.0025749999999999996,0.0031999999999999997,0.0034666666666666665,0.002225,0.0033666666666666667,0.004633333333333334,0.0037333333333333333,0.0047666666666666664,0.004633333333333334,0.002466666666666667,0.0028666666666666667,0.002466666666666667,0.0028333333333333335,0.00355,0.002433333333333333,0.0039,0.002533333333333333,0.0024,0.0019999999999999996,0.002,0.0064,0.0073,0.008,0.0059,0.0087
Indore,Sourcing,0.0012666666666666668,0.000475,0.0007000000000000001,0.0007,0.0008,0.00055,0.0007666666666666667,0.0006749999999999999,0.0012333333333333335,0.0013,0.0011333333333333332,0.0011,0.0008666666666666666,0.0007666666666666667,0.00075,0.001,0.0012,0.0008333333333333334,0.000775,0.0008666666666666666,0.0013333333333333333,0.0008333333333333334,0.0009000000000000001,0.0005666666666666667,0.0028,0.0019,0.0019,0.0034,0.0033
Indore,WH,,0.0005,0.00039999999999999996,0.0011,0.00035,0.0003,0.00035,0.00039999999999999996,0.00025,0.00015000000000000001,0.00025,0.00035,0.00065,0.00015000000000000001,0.0002,0.00025,0.00039999999999999996,0.0002,0.0004,0.0004,0.0004,0.0003,0.0001,0.0004,0.0005,0.0008,0.0009,0.0013,0.0021
Jabalpur,CX,,0.0006,0.0018,0.001,0.0021,0.0027,0.0011,0.0017,0.002,0.004,0.0011,0.0016,0.0021,0.002,0.0031,0.0039,0.0042,0.002,0.0022,0.0019,0.0007,0.0026,0.0014,0.0029,0.0016,0.0037,0.0055,0.0019,0.0037
Jabalpur,Pod,0.0019,0.0018,0.0015,0.002533333333333333,0.0076,0.0027,0.00205,0.0037,0.00395,0.0086,0.0027,0.0031666666666666666,0.00445,0.0045,0.0049,0.0026,0.0042,0.0074,0.0056,0.00375,0.0028,0.0021,0.0015,0.00245,0.0041,0.0055,0.0073,0.0046,0.0048
Jabalpur,Sourcing,0.0019,0.0006,0.00075,0.00039999999999999996,0.0006000000000000001,0.0005666666666666666,0.0005,0.0011,0.00105,0.0007,0.0009,0.0013,0.00225,0.0009,0.0019333333333333331,0.0009,0.0007666666666666667,0.0013666666666666664,0.000825,0.00036666666666666667,0.0003,0.0009333333333333333,0.0005,0.00055,0.001,0.0006,0.0018,0.0019,0.0026
Jabalpur,WH,,,0.0009,0.0003,,0.0003,0.0004,0.0007,0.0009,0.001,0.0003,,0.0003,0.0003,0.0003,0.0003,0.0005,0.0003,0.0005,0.0002,0.0005,0.0002,0.0005,0.00055,0.0004,0.0012,,0.0011,0.0011
Jaipur,CX,0.0043,0.0028,0.0039,0.0035,0.0025,0.0027,0.0025,0.0029,0.0043,0.0043,0.0036,0.0046,0.0043,0.0049,0.0033,0.0041,0.004,0.0036,0.0052,0.0046,0.0045,0.0038,0.004,0.0032,0.0029,0.0036,0.0036,0.0031,0.0054
Jaipur,Pod,0.00485,0.002,0.002175,0.0016666666666666663,0.001675,0.0034,0.001425,0.0023666666666666667,0.0031,0.0029749999999999998,0.0035666666666666663,0.0033333333333333335,0.0034,0.003833333333333333,0.002766666666666667,0.0026666666666666666,0.002175,0.0021000000000000003,0.003666666666666667,0.003866666666666667,0.0031666666666666666,0.0033333333333333327,0.002433333333333333,0.0019333333333333336,0.0081,0.0066,0.0069,0.0052,0.0077
Jaipur,Sourcing,0.001,0.0004333333333333333,0.0003666666666666666,0.00030000000000000003,0.000225,0.000325,0.0005666666666666666,0.0006000000000000001,0.000775,0.0009000000000000001,0.0005333333333333333,0.0006250000000000001,0.001175,0.0016666666666666663,0.000725,0.0014000000000000002,0.0009999999999999998,0.0009666666666666666,0.0007999999999999999,0.0008666666666666667,0.0006500000000000001,0.000625,0.000625,0.0009,0.0021,0.0017,0.0022,0.003,0.0028
Jaipur,WH,0.0008,0.00039999999999999996,0.00039999999999999996,0.0005,0.00030000000000000003,0.00025,0.0002,0.0002,0.00030000000000000003,0.0003,0.0001,0.0002,0.0005,0.0006,0.0001,0.00039999999999999996,0.00035,0.00035,0.00030000000000000003,0.00025,0.0005499999999999999,0.00035,0.0003,0.00025,0.0003,0.0006,0.0007,0.001,0.0014
Jalandhar,CX,,0.0028,0.0005,0.002,0.0005,0.0025,0.0024,0.0014,0.001,0.0062,0.0021,0.0005,0.001,0.0034,0.0019,0.0022,0.0028,0.0021,0.0024,0.0064,0.0018,0.0031,0.0032,0.0019,0.0051,0.002,0.0015,0.0028,0.0032
Jalandhar,Pod,0.0028,0.0023333333333333335,0.0026,0.00125,0.0037,0.0035,0.0033,0.0061,0.0071,0.0036499999999999996,0.0028000000000000004,0.0113,0.0020499999999999997,0.0039,0.00245,0.0052,0.00305,0.0036,0.0026333333333333334,0.00625,0.0033666666666666667,0.0028,0.0026666666666666666,0.004,0.0071,0.0043,0.005,0.0085,0.0071
Jalandhar,Sourcing,,0.0005,0.0005,,0.0008,0.001,0.0006666666666666666,0.0009,0.002,0.0020499999999999997,0.0026,0.0006666666666666666,0.0010333333333333334,0.00075,0.00125,0.0004,0.0006666666666666666,0.0009666666666666666,0.00045,0.0008999999999999999,0.00165,0.0005666666666666667,0.0013,0.0007,0.0011,0.0018,0.002,0.0016,0.0028
Jalandhar,WH,,0.0005,0.0005,0.0005,,0.001,,,0.0005,0.0005,,0.0005,,,,0.0004,0.0004,0.0004,0.0003,0.0009,0.0003,0.0003,0.0003,0.0005,0.0011,0.0015,0.0017,0.0028,0.0014
Jamshedpur,CX,0.0013,0.0021,0.0017,0.0025,0.0027,0.0008,0.0034,0.0022,0.0032,0.0027,0.002,0.009,0.0074,0.0034,0.0066,0.0066,0.0046,0.0037,0.0036,0.0028,0.0035,0.0023,0.0026,0.0029,0.0044,0.0034,0.0046,0.0029,0.0055
Jamshedpur,Pod,0.0025,0.004200000000000001,0.0085,0.0048,0.001825,0.0053,0.00415,0.0026,0.0088,0.0071,0.0043,0.0067666666666666665,0.00675,0.0059,0.004033333333333333,0.005866666666666667,0.005633333333333334,0.0041333333333333335,0.0030666666666666668,0.0029666666666666665,0.003433333333333333,0.0029333333333333334,0.0022,0.0045,0.01,0.0118,0.0153,0.0107,0.0095
Jamshedpur,Sourcing,0.0025,0.00045,0.00030000000000000003,0.00047500000000000005,0.0003,0.0003,0.0003,0.0006,0.0008,0.0002,0.0002,0.00045,0.0007333333333333333,0.00235,0.0009666666666666666,0.0013666666666666669,0.00095,0.0008999999999999999,0.000925,0.0008666666666666667,0.0007,0.0007,0.0004666666666666667,0.00065,0.0022,0.0016,0.0024,0.0017,0.0032
Jamshedpur,WH,0.0013,,0.0002,0.0002,,0.0003,0.0003,,0.0003,0.0005,0.0004,0.0005,0.0004,0.0004,0.00019999999999999998,0.0009,0.0012000000000000001,0.0002,0.00025,0.00025,0.00025,0.0005,0.00045,0.00035,0.0013,0.0014,0.0015,0.0009,0.0024
Jhansi,CX,,0.0014,0.0016,0.0012,0.002,,,,,,,,,,,,,,,,,,,,,,,,
Jhansi,Pod,,0.0072,0.0035,0.0054,0.00805,,,,,,,,,,,,,,,,,,,,,,,,
Jhansi,Sourcing,0.0042,,0.0016,0.0006,,,,,,,,,,,,,,,,,,,,,,,,,
Jhansi,WH,,0.0007,,,,,,,,,,,,,,,,,,,,,,,,,,,
Jodhpur,CX,,0.001,0.0012,0.007,0.0036,0.0027,0.0021,0.0084,0.0039,0.0105,0.0071,0.0048,0.0056,0.0071,0.0074,0.0109,0.004,0.0054,0.0099,0.0038,0.0079,0.0043,0.0073,0.0042,0.0064,0.0037,0.0082,0.0044,0.0069
Jodhpur,Pod,0.005,0.0021999999999999997,0.0029999999999999996,0.00485,0.0089,0.0059,0.0025666666666666667,0.0041333333333333335,0.007850000000000001,0.0119,0.0128,0.0162,0.0047,0.0104,0.0069,0.00835,0.006750000000000001,0.0113,0.004733333333333333,0.0148,0.00895,0.004433333333333333,0.0040999999999999995,0.0034333333333333334,0.0083,0.0056,0.0059,0.006,0.0108
Jodhpur,Sourcing,,0.0015,0.0006000000000000001,0.0004,0.00075,0.0005,0.001,0.0011,0.0006,0.001,0.00095,0.0005,0.001,0.0010666666666666667,0.0006,0.0026999999999999997,0.0011666666666666668,0.0017,0.0010666666666666667,0.0012333333333333332,0.0010333333333333334,0.0010333333333333334,0.0021,0.00065,0.0038,0.0026,0.0018,0.0028,0.0031
Jodhpur,WH,,,,0.0004,0.0005,,,0.0006,,0.0005,,,0.001,0.0011,0.0006,0.0006,0.0005,0.00125,0.001,0.0003,0.0003,0.0003,0.0007,0.001,0.0011,,0.0009,0.0008,0.0019
Kakinada,CX,,0.0014,0.0015,0.003,0.0017,0.004,0.0052,0.0026,0.0032,0.0028,0.0025,0.0049,0.0022,0.0024,0.0033,0.0012,0.0054,0.0069,0.0008,0.0019,0.001,0.0061,0.0023,0.0017,0.0018,0.0047,0.0019,0.0025,0.0043
Kakinada,Pod,0.0033,0.0033,0.0035,0.0066,0.0081,0.0063,0.0074,0.0025,0.0044,0.0061,0.0087,0.0041,0.0026999999999999997,0.0037,0.006,0.0036666666666666666,0.00465,0.0107,0.0025333333333333336,0.0043,0.0018,0.00325,0.0020499999999999997,0.0015999999999999999,0.0045,0.0057,0.0076,0.0052,0.0048
Kakinada,Sourcing,0.0033,0.0013,0.0011,0.00075,0.00045,0.0008666666666666666,0.0004333333333333333,0.00055,0.0009,0.00055,0.0003666666666666666,0.0006,0.0005666666666666666,0.0006,0.00135,0.0006,0.0007999999999999999,0.00085,0.0007666666666666667,0.0005666666666666667,0.00125,0.0007666666666666667,0.00045,0.0009000000000000001,0.0024,0.0023,0.0021,0.0025,0.0041
Kakinada,WH,0.0016,0.0006,0.00075,0.0009,0.0014,,,0.00039999999999999996,0.0008,0.0003,0.0005,0.0003,0.00045,0.0006,0.0003,0.0006,0.0006,0.0009,0.0003,0.0005,0.00075,0.00035,0.0002,0.0005,0.0012,0.0016,0.001,0.0018,0.0028
Kanchipuram,CX,0.0017,0.0015,0.0015,0.0031,0.0016,0.002,0.0044,0.0003,0.0038,0.0022,0.0038,0.0044,0.0027,0.0029,0.0067,0.0015,0.0032,0.0015,0.0026,0.0028,0.003,0.0028,0.0018,0.0018,0.0025,0.003,0.0038,0.0021,0.0038
Kanchipuram,Pod,0.0017,0.002,0.0013333333333333333,0.00235,0.0017000000000000001,0.0034,0.0085,0.0092,0.0083,0.00345,0.0075,0.0034000000000000002,0.0025,0.0024,0.0031333333333333335,0.0035499999999999998,0.00455,0.0073,0.00475,0.0031,0.00405,0.0031,0.00315,0.0027333333333333337,0.0047,0.0074,0.0068,0.0055,0.0075
Kanchipuram,Sourcing,,0.0007499999999999999,0.0006,0.0009333333333333333,0.0004,0.0003,0.00065,0.0005333333333333333,0.001,0.0013,0.0006,0.001,0.0003,0.0007333333333333332,0.0006,0.0006,0.00039999999999999996,0.0003,0.00045,0.00039999999999999996,0.0003666666666666666,0.00065,0.00055,0.00055,0.0015,0.0012,0.0014,0.0014,0.0033
Kanchipuram,WH,,,,0.0004,,0.0003,0.0007,0.0007,0.0006,,,0.0007,,0.0006,0.00045,0.00045,0.0003,0.0003,0.00045,0.00055,0.0003,,0.00075,0.0004,0.0005,0.0005,0.0008,0.0012,0.0003
Kannur,CX,,0.001,,0.0005,0.0005,0.0015,,0.001,0.0011,0.001,,0.0006,,0.0011,0.0005,0.001,0.001,0.001,0.0018,0.0014,0.0013,,0.0016,0.0004,0.0008,0.0034,0.003,0.0024,0.0004
Kannur,Pod,0.0028,0.0024,0.002,0.0005,0.0010500000000000002,0.0005,0.001,0.0018,0.0022,0.0020499999999999997,0.0010500000000000002,0.0046,0.0027,0.0016,0.00125,0.0051,0.0020499999999999997,0.00345,0.0023,0.0044,0.0014500000000000001,0.0021,0.0007999999999999999,0.0016,0.0028,0.0046,0.0129,0.0036,0.0047
Kannur,Sourcing,,0.0005,,0.0005,0.0005,0.0005,0.0005,0.0005,0.0007666666666666667,0.0005,0.0005,0.0006,0.0005,0.0005,,0.0005,0.00125,0.001,0.0005,,0.0004,0.0004,0.0008,0.0006000000000000001,0.0016,0.0021,0.0026,0.0012,0.0008
Kannur,WH,,,,0.0005,,,,,,0.0005,,,,0.0005,,,0.0005,,0.0005,0.0005,,,,0.0004,,0.0004,0.0009,,0.0012
Kanpur,CX,0.0024,0.0008,0.0005,0.002,0.0012,0.0011,0.001,0.0015,0.0013,0.0017,0.0014,0.002,0.0014,0.0007,0.0024,0.0009,0.0015,0.0022,0.0006,0.0022,0.001,0.0004,0.0015,0.0006,0.0017,0.0009,0.0014,0.0009,0.0016
Kanpur,Pod,0.0035,0.0041,0.00255,0.0025499999999999997,0.0018,0.0019,0.0031,0.006,0.0029,0.00555,0.0021,0.0082,0.00265,0.0083,0.0057,0.0031999999999999997,0.008,0.004200000000000001,0.0017,0.0029,0.003,0.0012666666666666666,0.0014666666666666667,0.0012000000000000001,0.0033,0.0036,0.005,0.0032,0.0027
Kanpur,Sourcing,0.0015999999999999999,0.0004,0.0002,0.0009499999999999999,0.00045,0.0003,0.0004333333333333333,0.00045,0.0005,0.00045,0.00035,0.0009,0.00125,0.0012666666666666666,0.0014333333333333333,0.000875,0.0019,0.0011,0.0003333333333333333,0.0006333333333333333,0.0007666666666666667,0.0004,0.0006333333333333333,0.00043333333333333337,0.0015,0.0014,0.0027,0.0011,0.0013
Kanpur,WH,,0.00039999999999999996,0.0002,0.0005,0.0003,0.0003,0.0005,0.0003,0.00039999999999999996,0.0015,0.0002,0.0003,,0.0005,0.0002,0.0002,,0.0002,0.0005,0.00025,0.0002,0.0003,0.00045,0.0003,0.0002,0.0004,,0.0003,0.0008
Karaikkudi,CX,0.0029,0.0005,0.0017,0.0023,0.0014,0.0021,0.0017,0.0012,0.0049,0.0072,0.0048,0.0004,0.0026,0.0062,0.0048,0.002,0.0037,0.003,0.0015,0.0018,0.0035,0.001,0.0017,0.0003,0.0036,0.0034,0.0041,0.0038,0.0061
Karaikkudi,Pod,0.004399999999999999,0.006,0.003,0.003,0.0046,0.0023,0.0067,0.002,0.0091,0.0065,0.0036,0.0061,0.004549999999999999,0.0062,0.0021333333333333334,0.0027500000000000003,0.005699999999999999,0.0042,0.00315,0.0029,0.0047,0.0034,0.0022,0.0048,0.0023,0.0044,0.0066,0.0051,0.0043
Karaikkudi,Sourcing,,0.0005,0.00105,,0.00095,0.0004,0.0008,0.0008,0.00095,0.00075,0.0008,0.00065,0.00065,0.0008,0.0004,0.0004,0.0004,0.0006666666666666666,0.0004,0.0005,0.0006666666666666666,0.0003,0.0003,0.0013,0.0023,0.0013,0.0014,0.0007,0.0021
Karaikkudi,WH,0.0118,,0.0004,0.0014,0.0009,0.0004,0.0008,0.0004,0.0004,,,,0.0013000000000000002,0.001,0.0012,0.0008,0.0008,0.0021,,,0.0003,,,,0.0019,0.0007,0.001,0.0014,0.0029
Karimnagar,CX,,0.0028,0.0019,0.0041,0.0028,0.0071,0.0031,0.003,0.0017,0.0041,0.003,0.0013,0.0037,0.0049,0.0016,0.0042,0.0029,0.0011,0.002,0.0029,0.0019,0.003,0.0025,0.0012,0.0035,0.0027,0.0014,0.0049,0.0053
Karimnagar,Pod,0.0031000000000000003,0.0071,0.0014999999999999998,0.00405,0.0023333333333333335,0.0088,0.0076,0.0041,0.00235,0.0035,0.0023666666666666667,0.00685,0.0036999999999999997,0.0035499999999999998,0.00405,0.0025499999999999997,0.0095,0.0037,0.0023,0.0035499999999999998,0.0028,0.0026499999999999996,0.0012000000000000001,0.0017000000000000001,0.0052,0.0044,0.0072,0.0043,0.0041
Karimnagar,Sourcing,0.0021,0.0003,0.0005666666666666667,0.000525,0.0007,0.0006,0.0003,0.00046666666666666666,0.0009,0.0023,0.0007499999999999999,0.0005333333333333333,0.0006333333333333333,0.00115,0.00039999999999999996,0.0007333333333333333,0.0008666666666666666,0.001,0.00046666666666666666,0.00065,0.001,0.0003,0.00039999999999999996,0.00039999999999999996,0.001,0.002,0.0019,0.0031,0.0028
Karimnagar,WH,0.0021,0.00045,0.0003,0.00095,0.0003,0.0003,,,,0.0006,0.00045,0.0003,0.0005,0.00095,0.0003,,0.00075,0.0006,0.00039999999999999996,,0.0003,,0.0007,0.0005,0.0006,0.0016,0.0008,0.0018,0.0023
Karnal,CX,0.0057,,0.0046,0.0022,,0.0008,0.0017,0.0032,0.0024,0.0017,0.003,0.0056,0.0066,,0.0027,0.0041,0.002,0.0048,0.0028,0.0031,0.0055,0.0034,0.0029,0.0038,0.0022,0.0061,0.0054,0.0028,0.0138
Karnal,Pod,0.0057,0.0052,0.0065,0.00215,0.0045,0.0084,0.0068,0.0068000000000000005,0.0063,0.0104,0.0069,0.0177,0.0060999999999999995,0.00385,0.008150000000000001,0.0133,0.0037333333333333337,0.0127,0.00245,0.0086,0.0024666666666666665,0.00485,0.0104,0.0114,0.0108,0.0127,0.0141,0.0112,0.0138
Karnal,Sourcing,0.0057,0.00215,0.0009,0.0022,,,,,0.0024,,0.001,0.0014,0.0009,0.0022666666666666664,0.00315,0.0021,0.0051,0.0029,0.0014,0.0006,0.0028,0.0008500000000000001,0.0007999999999999999,0.0010666666666666667,0.0016,0.002,0.0011,0.0033,0.0032
Karnal,WH,,,0.0019,,,,0.0009,,0.0016,0.0013,0.001,0.00185,0.0009,,0.0009,0.0021,0.001,,0.0007,,0.0012,0.0006,0.0006,0.0005,,0.002,0.0054,0.0005,0.0064
Karur,CX,0.0021,0.0017,0.001,0.0004,0.0011,0.0007,0.002,0.0013,0.0015,0.0022,0.0003,0.0031,0.0007,0.0014,0.0007,0.0017,0.001,0.0018,0.001,0.0003,0.0006,0.0013,0.0006,0.0009,0.0011,0.0037,0.0022,0.0029,0.0023
Karur,Pod,,0.0013499999999999999,0.0015,0.0022,0.00125,0.0015,0.003,0.0037,0.0026,0.0022,0.0016333333333333332,0.0029000000000000002,0.0028,0.0048,0.00265,0.0048,0.0042,0.0072,0.00215,0.0052,0.0035,0.00185,0.0009,0.002,0.0033,0.0061,0.0045,0.0029,0.0023
Karur,Sourcing,,0.0005,0.0003,0.0004,0.00055,0.0003,0.0007,0.001,0.0009,0.0006,,0.0007,0.0004,0.00065,0.0007,0.00105,,0.0007,0.0007,0.0003,0.0006,0.00045,0.0006,0.00045,0.0006,0.0016,0.0006,0.0011,0.0033
Karur,WH,,0.0003,,0.0004,,,,,0.0003,0.0003,0.0003,,,,0.0004,0.001,0.0005,,0.0005,0.0006,0.0003,0.0003,0.0003,0.00045,0.0014,0.0011,0.0008,0.0024,0.0036
Khammam,CX,0.0012,0.0011,0.0024,0.0056,0.0016,0.001,0.0016,0.003,0.0024,0.0013,0.002,0.0025,0.0051,0.0035,0.002,0.0045,0.0023,0.0051,0.0032,0.0025,0.0027,0.0045,0.003,0.0014,0.0026,0.0025,0.0038,0.0021,0.0046
Khammam,Pod,0.0035499999999999998,0.00215,0.00315,0.0044,0.0017000000000000001,0.0021999999999999997,0.002033333333333333,0.0035499999999999998,0.0056,0.0051,0.0074,0.003433333333333333,0.0047,0.00345,0.0019333333333333331,0.00355,0.002266666666666667,0.00395,0.0015000000000000002,0.0022,0.00305,0.0019,0.0018333333333333333,0.001,0.0039,0.0042,0.0037,0.004,0.0041
Khammam,Sourcing,0.0012,0.00075,0.00043333333333333337,0.00046666666666666666,0.0002666666666666667,0.0006000000000000001,0.0002,0.0008500000000000001,0.0002,0.0004,0.0013,0.0002,0.00036666666666666667,0.00035,0.0003333333333333333,0.0007666666666666667,0.0009,0.0007,0.0005,0.0009,0.0005333333333333334,0.0004,0.00046666666666666666,0.00065,0.0009,0.0015,0.001,0.0018,0.0021
Khammam,WH,0.0012,0.0002,0.0002,0.001,,0.00030000000000000003,0.0002,,0.00075,,0.0004,0.0002,,0.00045,0.00030000000000000003,0.00065,0.0006,0.00030000000000000003,0.0005,0.00055,,0.00025,0.00045,0.00035,0.0002,0.0012,0.0012,0.001,0.0022
Kochi,CX,0.0013,0.001,0.0011,0.0011,0.0011,0.0011,0.0011,0.0013,0.0013,0.0013,0.0012,0.0018,0.0013,0.001,0.0012,0.0011,0.0012,0.0015,0.0009,0.0014,0.0013,0.0013,0.0014,0.0012,0.0014,0.0018,0.0023,0.0019,0.0025
Kochi,Pod,0.002,0.0011333333333333332,0.0007750000000000001,0.0014,0.0008249999999999999,0.00085,0.0011500000000000002,0.0013,0.0014,0.0013666666666666669,0.0014333333333333333,0.0020666666666666667,0.0014999999999999998,0.0022500000000000003,0.0010500000000000002,0.0016,0.002266666666666667,0.0018666666666666666,0.0013,0.0013333333333333333,0.0013333333333333333,0.0013333333333333333,0.0013666666666666669,0.0011333333333333332,0.0048,0.0056,0.0076,0.0081,0.0116
Kochi,Sourcing,0.0005333333333333333,0.000475,0.00045,0.000325,0.00030000000000000003,0.00025,0.000125,0.00043333333333333337,0.0007666666666666667,0.00036666666666666667,0.000275,0.0003,0.000225,0.0002666666666666667,0.000225,0.00032500000000000004,0.0003333333333333333,0.00043333333333333337,0.000375,0.00046666666666666666,0.00039999999999999996,0.00045,0.00039999999999999996,0.0004,0.0015,0.0021,0.0017,0.0019,0.0025
Kochi,WH,0.0001,0.00015000000000000001,0.00015000000000000001,0.00015000000000000001,0.0001,0.0001,0.0001,0.00015000000000000001,0.0001,0.0001,0.0001,0.00015000000000000001,0.0001,0.0001,0.0001,0.00015000000000000001,0.00015000000000000001,0.0001,0.0001,0.00015000000000000001,0.0002,0.0001,0.0002,0.0001,0.0003,0.0007,0.0017,0.001,0.0015
Kolhapur,CX,0.0062,0.0016,0.0017,0.0017,0.0005,,0.0025,0.0024,0.0014,0.0014,0.0034,0.0014,0.0036,0.0012,0.0037,0.003,0.0016,0.0028,0.0007,0.002,0.0026,0.0017,0.0013,0.0033,0.0019,0.0048,0.0026,0.0035,0.0074
Kolhapur,Pod,0.0062,0.00185,0.0046,0.0031,0.0028000000000000004,0.0024000000000000002,0.003,0.0104,0.0076,0.0054,0.0094,0.0029,0.0056,0.0042,0.0028333333333333335,0.003533333333333333,0.0049,0.0047,0.0035499999999999998,0.0063,0.0037,0.00225,0.0036,0.0018,0.0035,0.0121,0.0075,0.003,0.0035
Kolhapur,Sourcing,0.0031,0.0006000000000000001,0.00085,0.0004,0.0007,,0.0011666666666666668,0.0014,0.0005,0.0005,0.00065,0.001,0.001,0.0018,0.0006333333333333333,0.0015000000000000002,0.0015000000000000002,0.0014,0.0003,0.00065,0.00165,0.0005,0.0011,0.0007333333333333333,0.0014,0.0025,0.0035,0.0015,0.0022
Kolhapur,WH,,0.0004,0.0004,,,,,,0.0005,,,,,,,,0.0004,0.0004,,0.0005,0.0004,0.0003,,,0.0005,0.0003,0.0004,0.0015,0.0032
Kolkata,CX,0.0012,0.0015,0.0021,0.0019,0.0024,0.0022,0.0022,0.0019,0.0021,0.0022,0.0019,0.0024,0.0021,0.0029,0.0026,0.0025,0.0035,0.003,0.0026,0.0021,0.003,0.0026,0.0031,0.0023,0.003,0.0027,0.0033,0.0036,0.004
Kolkata,Pod,0.0013666666666666664,0.001175,0.0014,0.0015666666666666667,0.0014249999999999998,0.0021,0.002,0.0022666666666666664,0.0022,0.0015,0.0014249999999999998,0.0028,0.0026,0.002375,0.002225,0.003566666666666667,0.0028250000000000003,0.0038,0.0032333333333333333,0.003766666666666667,0.0038,0.0035999999999999995,0.003166666666666667,0.0029666666666666665,0.0089,0.0084,0.0087,0.0078,0.009
Kolkata,Sourcing,0.000675,0.0005499999999999999,0.0006000000000000001,0.00065,0.000625,0.000625,0.000575,0.00075,0.0010249999999999999,0.0007250000000000001,0.00055,0.0007,0.000775,0.0007749999999999999,0.0006749999999999999,0.00065,0.0006,0.0007999999999999999,0.000875,0.0008,0.00075,0.000675,0.0006249999999999999,0.000625,0.0023,0.0022,0.002,0.002,0.0032
Kolkata,WH,0.00015000000000000001,0.00019999999999999998,0.00015000000000000001,0.00025,0.00025,0.0001,0.0002,0.00019999999999999998,0.00019999999999999998,0.00019999999999999998,0.00025,0.00015000000000000001,0.0001,0.00030000000000000003,0.00030000000000000003,0.00035,0.0006,0.00039999999999999996,0.0006,0.00045,0.0005,0.00045,0.00065,0.00045,0.0013,0.0013,0.0019,0.0016,0.0027
Kollam,CX,0.0007,0.0006,0.0008,0.0011,0.0006,0.0003,0.0007,0.0003,0.0002,0.0009,0.0003,0.0004,0.0008,0.0005,0.0001,0.0003,0.001,0.0004,0.0005,0.0007,0.0006,0.0005,0.0004,0.0008,0.001,0.0016,0.0011,0.0012,0.002
Kollam,Pod,0.0013,0.0005666666666666667,0.0017,0.0007,0.0005666666666666667,0.0004666666666666667,0.0006666666666666666,0.00145,0.0007,0.0007999999999999999,0.0011333333333333334,0.0014,0.0014,0.001,0.0016,0.0014,0.0010666666666666665,0.0008333333333333332,0.0006666666666666666,0.0011,0.0009666666666666666,0.001,0.00095,0.0009,0.002,0.0032,0.0042,0.0026,0.0038
Kollam,Sourcing,0.0007,0.0006000000000000001,0.0008,0.00065,0.0005,0.0003,0.00013333333333333334,0.0003666666666666666,0.0005,0.00016666666666666666,0.0002666666666666667,0.0002666666666666667,0.0005,0.0002666666666666666,0.0003333333333333333,0.00036666666666666667,0.00035,0.000275,0.00030000000000000003,0.00045000000000000004,0.0006000000000000001,0.00030000000000000003,0.00030000000000000003,0.00035,0.0016,0.0019,0.0015,0.0017,0.0013
Kollam,WH,,,0.00015000000000000001,,0.0001,0.00035,0.0001,0.0002,0.00030000000000000003,0.0001,0.0001,,,0.0001,0.0001,0.0001,0.0002,0.0003,0.0001,0.0003,0.0002,0.0001,0.0006,0.0003,0.0004,0.0008,0.0005,0.0006,0.0008
Kota,CX,0.0061,0.0038,0.0021,0.0011,0.0026,0.0022,0.0032,0.0019,0.0041,0.0037,0.0049,0.004,0.0051,0.0068,0.0037,0.0037,0.0045,0.0008,0.002,0.0011,,,0.0039,0.0023,,0.0007,,0.0019,0.0077
Kota,Pod,0.0091,0.00505,0.00335,0.0014,0.0036499999999999996,0.0019666666666666665,0.004299999999999999,0.002133333333333333,0.005,0.0041,0.003833333333333334,0.0042,0.0042,0.0042,0.00575,0.00775,0.005549999999999999,0.0104,0.00235,0.0035499999999999998,0.0028666666666666667,0.0029,0.0030666666666666668,0.0020499999999999997,0.0035,0.0072,0.0031,0.0039,0.0071
Kota,Sourcing,0.0016666666666666668,0.0004,0.00030000000000000003,0.0006000000000000001,0.000825,0.0015999999999999999,0.0013750000000000001,0.0015666666666666667,0.0026666666666666666,0.001725,0.0018,0.0017333333333333333,0.0009750000000000001,0.0015999999999999999,0.0021666666666666666,0.001325,0.0011,0.0022,0.0011333333333333334,0.0010666666666666667,0.002,0.0012666666666666666,0.0007,0.00145,0.0029,0.0039,0.0012,0.0013,0.0032
Kota,WH,,0.0005,0.0008,0.0002,0.0012,0.0003,0.0003,0.001,0.0003,0.0003,0.0003,0.0008,0.0004,0.001,0.0006000000000000001,0.0016,0.0015,0.0012000000000000001,,0.0005,,0.0019,0.0007,0.0023,,0.0026,,0.0006,0.0006
Kottayam,CX,,0.0003,0.0007,0.0006,0.0009,0.0003,,0.0009,0.0005,0.0003,0.0012,0.0009,0.0009,,0.0003,0.0003,0.0006,0.0005,0.0005,0.0008,0.0005,0.0006,0.0004,0.0004,0.0007,0.0012,0.002,0.0015,0.0013
Kottayam,Pod,0.0033,0.0009,0.0019,0.0013,0.0005,0.0006666666666666666,0.00065,0.0010333333333333334,0.0005,0.0010999999999999998,0.003,0.0017000000000000001,0.0013000000000000002,0.0009,0.0008333333333333334,0.0008333333333333334,0.0017666666666666664,0.0014333333333333333,0.0018999999999999998,0.0011666666666666665,0.0015999999999999999,0.00125,0.0007666666666666667,0.0007333333333333333,0.0039,0.0035,0.0063,0.0043,0.0075
Kottayam,Sourcing,,0.00065,0.0003,0.0006000000000000001,0.0002,0.00045,0.0004,0.0003333333333333333,0.0009,0.0003666666666666666,0.0005,0.0005666666666666666,0.00030000000000000003,0.0002,0.00039999999999999996,0.000225,0.00039999999999999996,0.00055,0.0002,0.0003,0.0003,0.00035,0.00030000000000000003,0.00065,0.0019,0.0016,0.0016,0.0011,0.0014
Kottayam,WH,,0.0002,0.0002,,,0.0002,,0.0003,0.0002,0.00035,0.00030000000000000003,,0.0004,0.0002,0.0003,0.0003,0.0002,0.0003,,0.0003,0.0003,0.0001,0.0001,,,0.0009,0.0021,0.0008,0.0008
Kozhikode,CX,,0.0012,0.0013,0.0016,0.0011,0.0006,0.0007,0.0013,0.0008,0.0011,0.0011,0.0019,0.001,0.0008,0.0005,0.001,0.002,0.0014,0.001,0.0001,0.0015,0.0006,0.0006,0.0011,0.0013,0.0015,0.0009,0.0014,0.002
Kozhikode,Pod,0.0013000000000000002,0.0009333333333333333,0.0006666666666666666,0.0010333333333333334,0.00065,0.0009666666666666668,0.00065,0.0010666666666666665,0.0009000000000000001,0.0007666666666666667,0.0013,0.0013,0.0014,0.00175,0.0017333333333333333,0.0019333333333333331,0.0041333333333333335,0.002,0.00125,0.0011333333333333332,0.001375,0.0013,0.0013333333333333333,0.001,0.004,0.004,0.003,0.0024,0.006
Kozhikode,Sourcing,0.0009,0.0005666666666666667,0.0004333333333333333,0.00046666666666666666,0.00075,0.000275,0.0005,0.000525,0.0005,0.00035000000000000005,0.000425,0.00047499999999999994,0.0004333333333333333,0.00025,0.0002666666666666666,0.00046666666666666666,0.00023333333333333336,0.0003333333333333333,0.0003333333333333333,0.00025,0.0003,0.00023333333333333336,0.000325,0.00030000000000000003,0.0007,0.0011,0.001,0.0008,0.0017
Kozhikode,WH,,0.0003,0.00015000000000000001,0.00035,0.0001,0.00030000000000000003,0.00025,0.0005,0.0001,0.00015000000000000001,0.00015000000000000001,0.00015000000000000001,0.00019999999999999998,0.00025,0.0001,0.00039999999999999996,0.00045,0.00025,0.0002,0.00025,0.0001,0.00015000000000000001,0.00019999999999999998,0.00030000000000000003,0.0007,0.0015,0.001,0.0008,0.0011
Kurnool,CX,0.0036,0.0034,0.0041,0.0038,0.0052,0.0049,0.0026,0.0037,0.0028,0.0028,0.0037,0.0034,0.0062,0.0026,0.0041,0.0033,0.0038,0.0032,0.0019,0.0009,0.0031,0.0015,0.0029,0.0021,0.0047,0.0037,0.0014,0.0029,0.0037
Kurnool,Pod,0.00655,0.0019666666666666665,0.002,0.0034,0.0021666666666666666,0.002,0.001725,0.0016666666666666668,0.0015749999999999998,0.0031000000000000003,0.0028,0.0026333333333333334,0.0029,0.003133333333333333,0.0028666666666666667,0.004750000000000001,0.003766666666666667,0.0034999999999999996,0.002,0.0021666666666666666,0.002533333333333333,0.0014666666666666667,0.0014999999999999998,0.0016333333333333332,0.0057,0.0062,0.0056,0.0041,0.0065
Kurnool,Sourcing,0.0024,0.000675,0.0007,0.000825,0.0009499999999999999,0.0007666666666666667,0.000825,0.0013,0.0012,0.0013,0.000925,0.0014249999999999998,0.0006666666666666666,0.0010249999999999999,0.0013,0.00039999999999999996,0.0008333333333333334,0.000775,0.00042500000000000003,0.00047500000000000005,0.0007,0.00046666666666666666,0.0003666666666666666,0.0005,0.0018,0.0017,0.002,0.0024,0.0031
Kurnool,WH,0.0012,0.00030000000000000003,0.0006,0.00045,0.00095,0.0004,0.0003,0.00039999999999999996,0.00035,0.00039999999999999996,0.0005,0.0007,0.0004,0.00039999999999999996,0.0004,0.00039999999999999996,0.0006000000000000001,0.00065,0.00055,0.00075,0.00075,0.0007499999999999999,0.0009,0.00045,0.0023,0.0029,0.0016,0.0024,0.0025
Kurukshetra,CX,,0.0009,0.0009,0.0044,,,,,,,,,,,,,,,,,,,,,,,,,
Kurukshetra,Pod,0.018,0.0033,0.0028,0.0011,,,,,,,,,,,,,,,,,,,,,,,,,
Kurukshetra,Sourcing,,0.00235,0.0009,0.0022,,,,,,,,,,,,,,,,,,,,,,,,,
Kurukshetra,WH,,,,0.0022,,,,,,,,,,,,,,,,,,,,,,,,,
Latur,CX,,0.0019,0.003,0.001,0.0027,0.0012,0.0054,0.0028,0.002,0.0027,0.001,0.0119,,,0.002,0.0068,0.0046,0.0034,0.0033,0.0008,0.0025,0.0035,0.0062,0.0052,0.0009,0.0076,0.0028,0.0048,0.0085
Latur,Pod,0.0068,0.00275,0.0111,0.0059,0.0041,0.0024,0.0027,0.00425,0.0025250000000000003,0.00445,0.0033499999999999997,0.007533333333333334,0.00415,0.0041,0.00515,0.0059,0.0093,0.0026,0.0038666666666666663,0.0097,0.0058,0.0018,0.00445,0.00345,0.0062,0.0114,0.0102,0.0016,0.0119
Latur,Sourcing,0.0068,,0.002,,,0.0012,0.0011,0.001,0.0016666666666666668,0.0021,0.001,0.0036,,0.0023,0.001,0.001,0.0015,0.0026,0.0014,0.0015999999999999999,0.0025,0.0009,,0.0017,0.0018,0.001,0.0028,0.0024,0.0017
Latur,WH,,0.0009,0.001,,0.0014,,0.0011,0.001,0.003,,,0.0018,,,0.001,0.001,,0.0013,0.0033,,0.0017,0.0009,0.0009,,,,,0.0016,0.0034
Lonavla,CX,0.0085,0.0012,0.0054,0.0041,0.0035,0.0031,0.0026,0.0026,,0.0035,0.0048,,0.0035,0.0046,0.005,0.0013,0.0011,0.0018,0.0008,,0.0016,0.0015,0.0008,0.0035,,0.0026,,0.0024,0.0061
Lonavla,Pod,0.0171,0.00475,0.007350000000000001,0.0096,0.0035,0.005699999999999999,0.006500000000000001,0.0033,0.0028,0.0041,0.0012,0.0027,0.0046,0.00415,0.0107,0.0035333333333333328,0.0078,0.0018,0.0024000000000000002,0.00515,0.0072,0.00425,0.0034000000000000002,0.0016333333333333332,0.0046,0.0077,0.0061,0.004,0.0078
Lonavla,Sourcing,0.0085,0.0018,0.0013,,0.0017499999999999998,0.001,0.0013,0.00195,0.0014,0.0012,0.0018,0.0032,0.0012,0.00135,0.0008,0.0013,,0.0018,0.0008,0.0015,0.0015999999999999999,0.00115,0.0008,,,0.0026,0.0009,0.0048,0.0078
Lonavla,WH,,,,,0.0012,0.001,0.0013,,0.0014,0.0012,,0.0011,0.0012,,,,,0.0009,0.0008,,,0.0008,,0.0007,0.0013,0.0017,,0.0016,0.0017
Lucknow,CX,0.0003,0.0009,0.0015,0.0017,0.0008,0.0008,0.001,0.0009,0.0008,0.0011,0.0019,0.0028,0.0016,0.0016,0.0015,0.0011,0.0014,0.0021,0.0019,0.001,0.0013,0.0024,0.0013,0.0014,0.0016,0.0015,0.0013,0.0026,0.0038
Lucknow,Pod,0.0035,0.0017499999999999998,0.0017333333333333333,0.0025,0.001075,0.0012333333333333332,0.0013333333333333333,0.0014333333333333333,0.0018000000000000002,0.0017333333333333333,0.0017666666666666666,0.002,0.0021333333333333334,0.0012666666666666666,0.0017333333333333333,0.001175,0.0019666666666666665,0.002633333333333333,0.002,0.0019,0.0019333333333333331,0.0018000000000000002,0.0014000000000000002,0.0013333333333333333,0.0054,0.0057,0.0065,0.004,0.0069
Lucknow,Sourcing,0.0003,0.0002666666666666666,0.000275,0.0004,0.00045000000000000004,0.00030000000000000003,0.000625,0.0007499999999999999,0.00075,0.001175,0.000775,0.000825,0.00065,0.0008333333333333334,0.0004333333333333333,0.00036666666666666667,0.0005666666666666666,0.0008333333333333334,0.0006249999999999999,0.0004333333333333333,0.00045,0.0005666666666666667,0.0005499999999999999,0.00047500000000000005,0.0019,0.0023,0.0014,0.0014,0.002
Lucknow,WH,0.0003,0.0001,0.0001,0.00035,0.00030000000000000003,0.0002,0.0002,0.0004,0.00025,0.00019999999999999998,0.00025,0.0002,0.00019999999999999998,0.00025,0.0003,0.00019999999999999998,0.00039999999999999996,0.00039999999999999996,0.0004,0.00055,0.00035,0.00035,0.00035,0.00045,0.0005,0.0009,0.0006,0.0011,0.0008
Ludhiana,CX,0.0027,0.0026,0.0019,0.0006,0.0021,0.0015,0.0043,0.0027,0.002,0.0039,0.0021,0.0021,0.0022,0.0021,0.0022,0.0013,0.0016,0.0016,0.0009,0.0018,0.0029,0.0014,0.0019,0.0018,0.0019,0.003,0.0023,0.0027,0.0038
Ludhiana,Pod,0.0101,0.0022,0.0022,0.0016666666666666668,0.0012666666666666666,0.0013,0.0025,0.00265,0.0014249999999999998,0.0022,0.0021666666666666666,0.001525,0.0034999999999999996,0.0021333333333333334,0.001966666666666667,0.0026,0.0020666666666666667,0.0020666666666666663,0.0022666666666666664,0.0026666666666666666,0.002533333333333333,0.0019666666666666665,0.0022666666666666664,0.0026333333333333334,0.0084,0.0076,0.0108,0.0061,0.0089
Ludhiana,Sourcing,0.0017000000000000001,0.0011333333333333332,0.000575,0.0005,0.0005250000000000001,0.0009499999999999999,0.00042500000000000003,0.0011,0.00125,0.00125,0.0008,0.0009499999999999999,0.0007,0.0008750000000000001,0.000375,0.000775,0.0007000000000000001,0.0007666666666666667,0.0008666666666666666,0.000675,0.0010333333333333334,0.00075,0.000775,0.0007,0.0027,0.0029,0.0018,0.0021,0.0023
Ludhiana,WH,0.0007,0.0001,0.0002,0.00030000000000000003,0.00025,0.0003,0.0012,0.00039999999999999996,0.0005,0.0001,0.00019999999999999998,0.0003,0.00019999999999999998,0.00015000000000000001,0.00039999999999999996,0.0004,0.00025,0.0001,0.00030000000000000003,0.0001,0.0006000000000000001,0.00039999999999999996,0.0006000000000000001,0.0007,0.0015,0.0013,0.001,0.0017,0.0018
Madurai,CX,0.0029,0.0029,0.002,0.0017,0.0024,0.003,0.0023,0.0022,0.0031,0.0015,0.0028,0.004,0.0018,0.0019,0.0029,0.0032,0.0031,0.0033,0.0019,0.0021,0.0022,0.0009,0.0018,0.0017,0.0024,0.0028,0.0023,0.0016,0.0037
Madurai,Pod,0.0039000000000000003,0.0027,0.0019,0.0016,0.0016,0.0028,0.002333333333333333,0.0019666666666666665,0.0015666666666666665,0.0015666666666666667,0.00315,0.002333333333333333,0.0018333333333333333,0.0026000000000000003,0.001875,0.0035,0.0033333333333333335,0.0024,0.0025,0.0018000000000000002,0.002,0.0018666666666666669,0.001425,0.0014666666666666667,0.0043,0.0048,0.0046,0.003,0.0053
Madurai,Sourcing,0.0007,0.0004666666666666667,0.0005250000000000001,0.0008,0.0006333333333333334,0.000575,0.0006749999999999999,0.00039999999999999996,0.0006000000000000001,0.0004,0.00035,0.00035000000000000005,0.0003,0.00042500000000000003,0.00039999999999999996,0.0004,0.00095,0.000375,0.00035000000000000005,0.00046666666666666666,0.00045,0.00032500000000000004,0.00055,0.000375,0.0013,0.0012,0.002,0.001,0.0017
Madurai,WH,,0.0005499999999999999,0.00045,0.00045,0.0005,0.0006000000000000001,0.00045,0.00055,0.00039999999999999996,0.00035,0.0006,0.0005,0.0012,0.0003,0.0005,0.0006500000000000001,0.0005,0.00095,0.0008500000000000001,0.0008,0.00045,0.00025,0.00039999999999999996,0.0005,0.0015,0.0017,0.0013,0.0014,0.0025
Mangaluru,CX,0.0015,0.0026,0.0033,0.0021,0.0019,0.0027,0.0029,0.0025,0.003,0.0023,0.0018,0.0026,0.0019,0.0015,0.0021,0.002,0.0022,0.0019,0.0017,0.0015,0.0012,0.0014,0.0017,0.0011,0.0019,0.003,0.0024,0.0029,0.0043
Mangaluru,Pod,0.00165,0.002033333333333333,0.0015750000000000002,0.0022333333333333333,0.0017666666666666666,0.00145,0.0014,0.0017250000000000002,0.0021,0.0019,0.002266666666666667,0.0025666666666666667,0.0023,0.0025,0.0022333333333333333,0.0025,0.002275,0.0023,0.0023333333333333335,0.0017000000000000001,0.0015666666666666667,0.0012,0.0012333333333333332,0.0011666666666666668,0.0045,0.0056,0.0081,0.007,0.0079
Mangaluru,Sourcing,0.0006,0.0005333333333333333,0.0005666666666666667,0.00035,0.00055,0.00055,0.0004,0.000625,0.0008750000000000001,0.000625,0.0006749999999999999,0.000475,0.0007999999999999999,0.0006,0.0005250000000000001,0.00047499999999999994,0.0005333333333333334,0.000525,0.0005250000000000001,0.000375,0.00025,0.00045,0.00042500000000000003,0.00035,0.0013,0.0014,0.0015,0.0015,0.0019
Mangaluru,WH,,0.0002,0.00025,0.00039999999999999996,0.00039999999999999996,0.00025,0.00035,0.00019999999999999998,0.00030000000000000003,0.00019999999999999998,0.00039999999999999996,0.0004,0.00025,0.00015000000000000001,0.0001,0.0003,0.00055,0.00019999999999999998,0.00045,0.00035,0.00035,0.00030000000000000003,0.00039999999999999996,0.00045,0.0008,0.0011,0.0014,0.0006,0.0013
Manipal,CX,0.0029,0.0024,0.002,0.0031,0.0028,0.0027,0.0019,0.002,0.001,0.0015,0.0009,0.003,0.002,0.0025,0.0015,0.0032,0.0029,0.0021,0.0015,0.0005,0.0013,0.0014,0.0017,0.001,0.0011,0.0022,0.004,0.0028,0.0053
Manipal,Pod,0.0029000000000000002,0.0022500000000000003,0.00185,0.0016,0.00335,0.0013000000000000002,0.002,0.0010999999999999998,0.00285,0.0017333333333333333,0.0018666666666666666,0.0046,0.0035,0.002733333333333333,0.0021,0.0031333333333333335,0.0027000000000000006,0.002933333333333333,0.001966666666666667,0.0013666666666666669,0.0024,0.00255,0.0018000000000000002,0.0015999999999999999,0.0047,0.0061,0.0071,0.0047,0.0092
Manipal,Sourcing,0.00105,0.000325,0.0006333333333333333,0.00023333333333333333,0.00035,0.00025,0.000225,0.0006333333333333334,0.00046666666666666666,0.0008749999999999999,0.0005333333333333333,0.0008666666666666666,0.0008666666666666666,0.0008749999999999999,0.000475,0.000325,0.0004333333333333333,0.0005,0.0005499999999999999,0.0004666666666666666,0.0005,0.00046666666666666666,0.00016666666666666666,0.0005666666666666666,0.0012,0.0009,0.0008,0.0016,0.0015
Manipal,WH,,0.0004,0.0003,0.0006,0.00045,0.0004,0.0003,0.00039999999999999996,0.0003,0.0006,0.0006,,0.0003,0.0005,0.0004,0.0005,0.0006,0.0005,0.0005,0.00025,0.00030000000000000003,0.00045,0.00065,0.0008,0.0012,0.0019,0.0008,0.0008,0.0009
Mathura,CX,,0.0008,,,0.0011,0.0017,0.0056,0.0016,0.0146,0.0073,0.0074,0.0023,0.0055,0.0033,0.0038,0.0053,0.0011,0.0026,0.0009,0.0029,0.0005,0.0005,0.0005,,0.001,0.002,0.0021,0.0038,0.0029
Mathura,Pod,0.0055,0.00355,0.0025,0.0041,0.0025,0.00165,0.0024000000000000002,0.0057,0.0021999999999999997,0.003133333333333333,0.0027,0.0045,0.0046,0.00575,0.0046,0.0062,0.0098,0.0044,0.0049,0.0018000000000000002,0.0026000000000000003,0.0010666666666666665,0.0013,0.0018,0.0049,0.0044,0.0046,0.0056,0.0058
Mathura,Sourcing,,,0.0008,0.0008,0.0021,,0.0012000000000000001,0.0008,0.0038666666666666663,0.0031,0.0011333333333333334,0.003,0.0027,0.0033,0.0008,0.0009,0.0007000000000000001,0.0017333333333333333,0.00225,0.0011,0.0005,0.0005,0.0013,0.0014,0.0015,0.0005,0.0015,0.0009,0.0019
Mathura,WH,,,,0.0016,,,,0.0008,0.0007,0.0011,0.0007,,0.0009,0.0016,0.0008,0.0006,0.0011,0.00075,0.0005,0.0008,0.0014,,0.0005,0.0005,0.001,0.0005,0.0005,0.0005,0.0005
Meerut,CX,0.0025,0.0027,0.0035,0.0019,0.0014,0.0041,0.0019,0.0013,0.0046,0.0034,0.0017,0.0017,0.0031,0.0029,0.0024,0.0013,0.0022,0.0044,0.0025,0.0013,0.0047,0.0019,0.0011,0.0019,0.0023,0.0015,0.001,0.004,0.0049
Meerut,Pod,0.0076,0.0042,0.004433333333333333,0.00325,0.0044,0.0031666666666666666,0.0022666666666666664,0.0029999999999999996,0.0047,0.003966666666666667,0.00435,0.004733333333333333,0.003933333333333334,0.002866666666666667,0.0036333333333333335,0.0023,0.0053,0.0041333333333333335,0.0025,0.0052,0.005066666666666666,0.003533333333333333,0.002433333333333334,0.003866666666666667,0.0048,0.0058,0.0052,0.0059,0.0078
Meerut,Sourcing,0.0025,0.0017000000000000001,0.0019666666666666665,0.0016,0.0015249999999999999,0.0011749999999999998,0.0021,0.001625,0.0014,0.0032666666666666664,0.0022,0.002325,0.0015333333333333334,0.0013666666666666664,0.0005250000000000001,0.0009,0.0011666666666666668,0.0013,0.0013333333333333333,0.0009249999999999999,0.0014,0.0009000000000000001,0.0020666666666666667,0.0007000000000000001,0.0023,0.0025,0.0027,0.0031,0.0026
Meerut,WH,,0.0009,0.0002,0.00055,0.0004,0.00055,0.00055,0.0002,,0.00030000000000000003,0.0002,0.0005,0.0006000000000000001,0.0018,0.0008500000000000001,0.001,0.0003,0.0007,0.00035,0.0003,0.0006000000000000001,0.00085,0.0005,0.00035,0.0019,0.0006,0.0007,0.0016,0.0016
Moradabad,CX,,0.0007,0.0004,0.0026,0.0039,0.0039,0.0022,0.0018,0.0021,0.002,0.0011,0.0045,0.0037,0.0026,0.0019,0.0054,0.0019,0.0022,0.0024,0.0008,0.0018,0.0011,0.0007,0.0011,0.0008,0.0009,0.0015,0.001,0.0036
Moradabad,Pod,0.0025,0.0033,0.0036,0.0028,0.0021999999999999997,0.0026,0.0026333333333333334,0.0027,0.00305,0.00235,0.00215,0.0053,0.0039499999999999995,0.0039,0.0037333333333333337,0.0037333333333333333,0.0029000000000000002,0.00475,0.0020333333333333336,0.002466666666666667,0.0017499999999999998,0.0027,0.0019,0.0026666666666666666,0.0043,0.0049,0.0072,0.0049,0.0058
Moradabad,Sourcing,,0.0005,0.0004,0.0004,0.000625,0.00085,0.0005666666666666667,0.00115,0.0017666666666666666,0.0015,0.0013,0.0008,0.0015249999999999999,0.00065,0.0008,0.0013000000000000002,0.0006666666666666666,0.0011333333333333334,0.001,0.0005333333333333333,0.0016,0.0006333333333333334,0.0006333333333333333,0.0017333333333333335,0.0024,0.0021,0.0036,0.002,0.002
Moradabad,WH,,0.0004,0.0004,0.0009,0.0005,0.0004,,0.0005,0.0004,0.0003,0.0004,,0.0005,0.0004,,0.0010999999999999998,0.00115,0.0015,0.00135,0.0014,0.0018,,0.00055,0.00039999999999999996,0.0005,0.0012,0.0003,,0.0005
Mumbai,CX,0.0026,0.0027,0.0042,0.0025,0.0028,0.0031,0.0027,0.0028,0.0025,0.0023,0.0026,0.0034,0.0033,0.0034,0.0028,0.0028,0.0029,0.003,0.0026,0.0035,0.0027,0.0028,0.0026,0.0023,0.0025,0.0028,0.0023,0.0028,0.0041
Mumbai,Pod,0.001325,0.0016,0.0019000000000000002,0.0018000000000000002,0.0015999999999999999,0.0019500000000000001,0.0015999999999999999,0.0019999999999999996,0.0019,0.001825,0.001975,0.002775,0.0026,0.0028,0.0023,0.002675,0.0031,0.0033000000000000004,0.002025,0.0029,0.0022749999999999997,0.002075,0.002,0.0017999999999999997,0.0066,0.0074,0.0069,0.0051,0.0086
Mumbai,Sourcing,0.0006666666666666666,0.000625,0.000625,0.00045,0.00065,0.000625,0.00055,0.000675,0.0007,0.0006999999999999999,0.000625,0.000775,0.0006999999999999999,0.00065,0.000575,0.000675,0.000575,0.0005,0.0005333333333333334,0.000375,0.0005499999999999999,0.0005,0.00045,0.0005250000000000001,0.0019,0.0021,0.0019,0.0023,0.0029
Mumbai,WH,0.0003,0.00025,0.00035,0.00035,0.00039999999999999996,0.00045,0.00030000000000000003,0.00039999999999999996,0.0004,0.00035,0.0005,0.0005499999999999999,0.00045,0.00055,0.00045,0.0005499999999999999,0.00065,0.0006,0.0003,0.00039999999999999996,0.0005,0.0005,0.0006,0.00030000000000000003,0.0007,0.0006,0.0008,0.0011,0.0024
Muzaffarpur,CX,,0.0052,0.0047,0.0049,0.0034,0.0036,0.0038,0.0011,0.0046,0.0037,0.0029,0.0043,0.0043,0.0064,0.0039,0.0096,0.0074,0.0047,0.0086,0.0052,0.0049,0.0034,0.0091,0.0017,0.0027,0.007,0.0005,0.0068,0.0084
Muzaffarpur,Pod,,0.0095,0.0071,0.00385,0.00335,0.00805,0.00515,0.0039499999999999995,0.00745,0.00555,0.00435,0.0037666666666666664,0.00935,0.006666666666666667,0.004433333333333333,0.0112,0.006766666666666667,0.010549999999999999,0.007033333333333333,0.007566666666666667,0.0068000000000000005,0.00615,0.004733333333333333,0.0033666666666666667,0.0071,0.0113,0.0129,0.0068,0.0128
Muzaffarpur,Sourcing,,0.0017,0.0038,0.00105,0.0034,0.0009,0.0009,0.0034,0.0017000000000000001,0.0018,0.001,0.0014333333333333333,0.002,0.0016,0.0015666666666666667,0.0026666666666666666,0.0009,0.00235,0.0017,0.001525,0.00165,0.0025499999999999997,0.0023,0.0018333333333333335,0.0016,0.0028,0.0023,0.0018,0.0009
Muzaffarpur,WH,,0.0017,,0.0007,0.0011,0.0009,0.0009,0.0011,0.0011,,,,,,,0.0012000000000000001,0.0009,0.00195,0.0017,0.001,0.0010500000000000002,0.0006,0.0006,0.0022,0.0033,0.0019,0.0018,0.0014,0.0044
Mysore,CX,0.0022,0.0018,0.0019,0.0026,0.0015,0.002,0.0018,0.0019,0.0023,0.0017,0.0023,0.0026,0.002,0.0023,0.0024,0.002,0.0017,0.0017,0.002,0.0011,0.0015,0.0016,0.0018,0.0014,0.0019,0.0033,0.0027,0.0025,0.0045
Mysore,Pod,0.00155,0.0015333333333333334,0.0015333333333333334,0.002,0.0012,0.0018000000000000002,0.0011749999999999998,0.0017333333333333333,0.002,0.0023,0.0017333333333333335,0.0026,0.0018250000000000002,0.0018000000000000002,0.002466666666666667,0.002533333333333333,0.0024333333333333334,0.002466666666666667,0.0018666666666666666,0.0017333333333333333,0.0017666666666666666,0.0015999999999999999,0.0013333333333333333,0.0012333333333333332,0.0049,0.0054,0.0058,0.0049,0.0069
Mysore,Sourcing,0.0006333333333333334,0.000575,0.0006666666666666666,0.0005499999999999999,0.0010666666666666665,0.0008,0.000575,0.0007499999999999999,0.0009,0.0008750000000000001,0.0013,0.00075,0.0006500000000000001,0.000725,0.00047499999999999994,0.00045000000000000004,0.00045,0.00046666666666666666,0.00055,0.000475,0.0005250000000000001,0.00045,0.0004,0.00035,0.0018,0.0019,0.0019,0.0016,0.0021
Mysore,WH,0.00045,0.00019999999999999998,0.00030000000000000003,0.00045,0.0003,0.0004,0.00065,0.00035,0.0005,0.00039999999999999996,0.0007,0.00045,0.0006000000000000001,0.00030000000000000003,0.00039999999999999996,0.00045,0.00075,0.0007999999999999999,0.0005,0.00045,0.0005499999999999999,0.0003,0.0004,0.00039999999999999996,0.0014,0.0028,0.0018,0.001,0.0019
Nagercoil,CX,,0.0006,0.0006,,0.0009,0.0008,0.0003,,0.0018,0.0008,0.0008,0.0006,0.0005,0.0048,0.0005,0.0005,0.0015,0.0007,0.0005,0.0002,0.0007,0.0004,0.0004,0.0004,0.0007,0.0007,0.0013,0.0023,0.0011
Nagercoil,Pod,0.0054,0.0023,0.0005666666666666666,0.0009,0.00075,0.0009,0.0007666666666666667,0.00175,0.0018,0.0012,0.0010333333333333334,0.0013333333333333333,0.0012,0.0010666666666666665,0.0021000000000000003,0.0010999999999999998,0.0012,0.0007333333333333333,0.0008666666666666667,0.0008666666666666666,0.0010666666666666667,0.0015000000000000002,0.0012,0.0010333333333333334,0.003,0.0035,0.0043,0.0047,0.0035
Nagercoil,Sourcing,0.0018,0.00039999999999999996,0.0008,0.0003,0.00045,0.00065,0.0008666666666666666,0.0008,0.0003,0.0003,0.00055,0.0006,0.0005,0.0005666666666666666,0.0005,0.0002,0.0002,0.0003,0.0002,0.0002,0.00055,0.0005333333333333334,0.0005,0.00045,0.0004,0.0007,0.0018,0.0013,0.0013
Nagercoil,WH,,,0.0006,,,0.0003,,0.0003,0.0005,0.0003,,,0.0003,0.0003,,0.0002,,0.0002,0.0002,0.0004,0.0009,,0.0002,0.0002,0.0002,0.0004,0.0005,0.001,0.0011
Nagpur,CX,0.0042,0.0017,0.0025,0.0021,0.0011,0.0017,0.0022,0.0031,0.0033,0.0025,0.0024,0.0034,0.0033,0.0034,0.0026,0.0034,0.0019,0.0018,0.0024,0.0027,0.0026,0.0018,0.0016,0.0018,0.0016,0.0029,0.0021,0.0019,0.0035
Nagpur,Pod,0.00125,0.0024,0.0031,0.0059,0.0012333333333333335,0.0013666666666666669,0.0017333333333333333,0.0011333333333333332,0.0025666666666666667,0.002,0.00215,0.0035666666666666663,0.0024,0.0023,0.0019333333333333331,0.0026000000000000003,0.00275,0.0023,0.0023,0.002033333333333333,0.0031999999999999997,0.0028000000000000004,0.0018,0.0014,0.0058,0.0061,0.0058,0.0043,0.007
Nagpur,Sourcing,0.0008,0.00047499999999999994,0.0008,0.000525,0.000575,0.0006666666666666666,0.000725,0.0007999999999999999,0.001025,0.0012,0.001,0.000925,0.00125,0.0007750000000000001,0.0010249999999999999,0.0007000000000000001,0.0008666666666666666,0.000625,0.0006000000000000001,0.000925,0.00065,0.0002666666666666667,0.000675,0.00045000000000000004,0.0008,0.0017,0.0014,0.0022,0.0019
Nagpur,WH,,0.0004,0.00030000000000000003,0.0005,0.00039999999999999996,0.00015000000000000001,0.0005,0.00035,0.0005,0.0004,0.0004,0.00055,0.00095,0.0005,0.00055,0.00105,0.00075,0.00030000000000000003,0.0005499999999999999,0.00055,0.0005499999999999999,0.0007999999999999999,0.00030000000000000003,0.00039999999999999996,0.0012,0.0008,0.0011,0.0012,0.0019
Nanded,CX,,,0.0024,,0.0014,0.0053,0.0012,,0.0033,0.0052,0.002,0.0061,0.0039,0.0012,0.0059,0.0057,0.0061,0.0032,0.0072,0.0029,0.003,0.0009,,0.0009,,0.007,0.0047,0.0008,0.0025
Nanded,Pod,0.0089,0.0053,0.0073,0.00295,0.0049,0.004,0.0029,0.0022,0.00555,0.0037666666666666664,0.0023333333333333335,0.0049,0.00455,0.00685,0.0063,0.0045000000000000005,0.0071,0.004633333333333333,0.00775,0.00675,0.007,0.0027,0.005,0.00235,0.0047,0.0054,0.0087,0.0076,0.01
Nanded,Sourcing,,0.0017333333333333333,0.0024,0.0012,0.0028,0.002,0.0012,0.00165,0.0022,0.002575,0.002,0.0036,0.00325,0.0012,0.00295,0.0034000000000000002,0.0025,0.0011,0.0020499999999999997,0.00195,0.001,0.00135,0.0025,,0.0009,0.0023,0.0024,0.0017,0.0008
Nanded,WH,,,,,,0.0013,,,0.0011,,,,0.0026,0.0025,0.0024,,0.0015,,0.001,,0.001,,,0.0019,0.0009,,0.0008,0.0008,0.0033
Nashik,CX,0.0026,0.0021,0.0024,0.0016,0.002,0.0013,0.0021,0.0028,0.0015,0.003,0.0029,0.0032,0.0058,0.0026,0.0022,0.0024,0.0024,0.0027,0.0033,0.0038,0.0024,0.0021,0.0025,0.0025,0.0016,0.0027,0.0021,0.0031,0.0042
Nashik,Pod,0.0069,0.0018333333333333333,0.004200000000000001,0.00225,0.00155,0.0014,0.0017666666666666666,0.002266666666666667,0.0022,0.00285,0.0027333333333333337,0.004433333333333333,0.004366666666666666,0.0033333333333333327,0.0038666666666666663,0.0036666666666666666,0.0029333333333333334,0.0041333333333333335,0.0040999999999999995,0.0039000000000000003,0.0034333333333333334,0.0026333333333333334,0.0029,0.0023333333333333335,0.0091,0.0087,0.0064,0.0072,0.0092
Nashik,Sourcing,,0.0008999999999999999,0.000625,0.0008666666666666666,0.000775,0.0013,0.00085,0.0010750000000000002,0.0009,0.001125,0.0008666666666666666,0.000775,0.0009666666666666668,0.000925,0.000625,0.000825,0.0006,0.00075,0.000775,0.0006000000000000001,0.001066666666666667,0.000675,0.000575,0.00045,0.0031,0.0027,0.0023,0.0031,0.0031
Nashik,WH,,0.00025,0.0001,0.00025,0.0003,0.0003,0.0001,0.0004,0.00035,0.00055,0.0006,0.00025,0.0001,0.00039999999999999996,0.0005,0.00125,0.00039999999999999996,0.00075,0.00075,0.0007,0.0005,0.00045,0.00065,0.00035,0.0005,0.0014,0.0011,0.0007,0.0005
Nellore,CX,0.0038,0.0026,0.0018,0.0019,0.0021,0.001,0.0018,0.0014,0.0032,0.0029,0.0035,0.0064,0.0047,0.0033,0.0037,0.0022,0.0034,0.0035,0.0015,0.0024,0.0046,0.0029,0.0031,0.0035,0.004,0.0042,0.0035,0.004,0.0065
Nellore,Pod,0.0051,0.0017333333333333333,0.00325,0.0033,0.0021,0.0018000000000000002,0.0014666666666666665,0.0024666666666666665,0.0031333333333333335,0.0028666666666666667,0.0032333333333333333,0.004833333333333333,0.0032999999999999995,0.0030000000000000005,0.00475,0.0044666666666666665,0.0039000000000000003,0.0044666666666666665,0.0028333333333333335,0.0034000000000000002,0.0039000000000000003,0.0031666666666666666,0.00255,0.002333333333333333,0.0077,0.0097,0.0089,0.0082,0.0137
Nellore,Sourcing,,0.0003333333333333333,0.0005333333333333334,0.0009333333333333333,0.0006666666666666666,0.0008333333333333334,0.0007,0.0007,0.001,0.0012749999999999999,0.00055,0.0016250000000000001,0.0013666666666666664,0.001075,0.0006,0.0004333333333333333,0.00085,0.000625,0.0005,0.0005666666666666666,0.0008749999999999999,0.0006000000000000001,0.00095,0.0005,0.0028,0.0034,0.0037,0.0017,0.0021
Nellore,WH,,0.00045,,0.00035,0.00035,0.0005,0.0002,0.00025,0.00045,0.00045,0.00045,0.0007,0.00055,0.00085,,0.00095,0.0008,0.00065,0.001,0.0008,0.00115,0.00095,0.0010500000000000002,0.0011,0.0013,0.0022,0.0033,0.0014,0.0021
Nizamabad,CX,0.012,,,0.0059,0.0024,0.0038,0.0025,0.0025,0.0038,0.0037,0.0018,0.0061,0.004,0.0034,,,0.0033,0.0049,0.0006,,,0.0035,0.0009,0.001,0.002,0.004,0.0011,0.0032,0.0044
Nizamabad,Pod,0.0241,0.0042,0.0027,0.0035,0.00365,0.00255,0.00435,0.0025,0.0025,0.00325,0.0046,0.00405,0.00595,0.0036333333333333335,0.0032333333333333333,0.0022,0.0027,0.0066,0.0014,0.0011333333333333334,0.00125,0.0017499999999999998,0.0016,0.00125,0.0031,0.007,0.0037,0.0054,0.0093
Nizamabad,Sourcing,,0.0021,0.0014,0.0012,0.0012,0.0013,0.0012,0.0017000000000000001,,0.0015666666666666667,0.00185,0.0033666666666666667,0.001,0.0019666666666666665,0.0012333333333333335,0.0007,0.0007,0.00175,0.0007499999999999999,0.0007,0.0006,0.0009,0.0005,0.0008333333333333334,0.0005,0.0025,0.0021,,0.0015
Nizamabad,WH,,,,0.0012,0.0012,,0.0012,0.0013,0.0013,,0.0009,0.001,,,0.0007,,0.001,0.00105,0.0006,0.0007,0.0006,0.0023,0.0005,0.001,0.001,0.0005,0.0005,0.0014,0.0005
Noida,CX,0.0038,0.003,0.0029,0.0022,0.0029,0.0039,0.0032,0.0034,0.0038,0.0042,0.0043,0.0039,0.0039,0.0032,0.0038,0.0024,0.0039,0.0026,0.0034,0.0043,0.0037,0.0036,0.0033,0.003,0.0034,0.0035,0.0028,0.0037,0.006
Noida,Pod,0.00445,0.001825,0.0028333333333333335,0.0020666666666666667,0.0026,0.0034333333333333334,0.0032,0.0033000000000000004,0.004166666666666667,0.004333333333333334,0.004366666666666667,0.005666666666666667,0.004566666666666667,0.0045,0.005033333333333333,0.004,0.004733333333333333,0.004233333333333333,0.0036333333333333335,0.0050999999999999995,0.005233333333333333,0.0042,0.0032999999999999995,0.0033666666666666667,0.0109,0.01,0.0101,0.0076,0.0102
Noida,Sourcing,0.0012,0.0009500000000000001,0.000875,0.00115,0.0010999999999999998,0.0011,0.00125,0.00145,0.0018499999999999999,0.0018499999999999999,0.0011,0.0017,0.0016250000000000001,0.001575,0.000925,0.001175,0.000825,0.0014,0.0010500000000000002,0.0011749999999999998,0.00145,0.0011749999999999998,0.001275,0.0011,0.0036,0.0038,0.0044,0.0036,0.0046
Noida,WH,0.0005,0.00025,0.00035,0.0005,0.00035,0.00045,0.00030000000000000003,0.00045,0.00025,0.0004,0.00035,0.00025,0.00045,0.00045,0.0005,0.00075,0.0007,0.00065,0.00039999999999999996,0.0009,0.00095,0.0010999999999999998,0.00125,0.00075,0.0025,0.0015,0.0014,0.002,0.0022
Noida 1,CX,0.0021,0.0026,0.003,0.0025,0.0031,0.0035,0.003,0.0028,0.0036,0.0046,0.0032,0.0043,0.0036,0.0037,0.0036,0.0027,0.003,0.0029,0.0025,0.0027,0.0033,0.003,0.0023,0.0027,0.0029,0.003,0.0037,0.0036,0.0054
Noida 1,Pod,0.0020499999999999997,0.0028333333333333335,0.002175,0.0024,0.0028,0.0025,0.0030333333333333336,0.0028,0.0034,0.003533333333333334,0.0032666666666666673,0.00345,0.0036000000000000003,0.003966666666666667,0.00315,0.0038999999999999994,0.004333333333333334,0.003866666666666667,0.0032999999999999995,0.0029249999999999996,0.004666666666666667,0.0044666666666666665,0.0032666666666666664,0.0023250000000000002,0.0095,0.0106,0.0106,0.007,0.0102
Noida 1,Sourcing,0.00135,0.00085,0.00085,0.0010999999999999998,0.000825,0.001,0.0011,0.00135,0.001825,0.0018249999999999998,0.001075,0.0015500000000000002,0.0014,0.001575,0.0010500000000000002,0.00115,0.000675,0.0010999999999999998,0.0012000000000000001,0.0009750000000000001,0.001225,0.0012499999999999998,0.0011,0.0010999999999999998,0.0033,0.0044,0.0049,0.0038,0.0051
Noida 1,WH,0.00019999999999999998,0.00035,0.0004,0.0004,0.00035,0.00035,0.00035,0.00035,0.00039999999999999996,0.0004,0.00030000000000000003,0.00035,0.00035,0.00035,0.00045,0.0005499999999999999,0.0007999999999999999,0.0005,0.00065,0.0007,0.0009,0.0008500000000000001,0.001,0.0009,0.0019,0.0018,0.0022,0.002,0.0019
Ongole,CX,,0.0077,0.0043,0.0066,0.0082,0.0017,0.0038,0.0029,0.003,0.007,0.0044,0.0034,0.0052,0.0041,0.0036,0.0045,0.0051,0.0054,0.0035,0.0014,0.001,0.0019,0.0029,0.0014,0.0044,0.0044,0.0021,0.0043,0.0049
Ongole,Pod,,0.0153,0.0065,0.0133,0.00655,0.0033,0.00575,0.00435,0.00265,0.005999999999999999,0.0038666666666666663,0.0084,0.0052,0.0036666666666666666,0.0032999999999999995,0.00645,0.003566666666666667,0.0063,0.00405,0.0019666666666666665,0.00245,0.00475,0.0032,0.00215,0.01,0.0081,0.0089,0.0055,0.0098
Ongole,Sourcing,,0.0026,0.0022,0.005,0.0016,,0.0013,0.0016333333333333332,0.002266666666666667,0.0028,0.0007,0.0023,0.002466666666666667,0.0014,0.0021,0.0009499999999999999,0.0006,0.00105,0.001,0.0013666666666666669,0.001,0.0017,0.00145,0.0014,0.0035,0.0041,0.0034,0.0019,0.0012
Ongole,WH,,0.0077,,0.0017,0.0016,0.0017,0.0013,0.001,0.0008,0.0007,0.0022,0.0017,0.0011,0.0007,0.0007,0.0009499999999999999,0.0006,0.0042,0.001,0.0009,0.00075,0.001,0.0024,0.00165,0.0026,0.0022,0.0029,0.0019,0.0017
Palakkad,CX,0.0019,0.0009,,0.0003,0.0009,0.0013,0.0005,0.0012,0.0011,0.0015,0.0002,0.0017,0.0012,0.0008,0.0008,0.0012,0.0006,0.0006,0.0006,0.0019,0.0007,0.0005,0.0014,0.0004,0.0011,0.0004,0.0013,0.0023,0.0034
Palakkad,Pod,,0.0013499999999999999,0.0006,0.0014,0.0011666666666666665,0.00105,0.0018,0.00175,0.0013,0.0009,0.0012333333333333335,0.0008666666666666666,0.00145,0.0007999999999999999,0.0011,0.0022500000000000003,0.0015999999999999999,0.0022,0.0010333333333333334,0.0017333333333333333,0.001,0.0009000000000000001,0.00175,0.0011,0.0025,0.0045,0.0037,0.0027,0.0067
Palakkad,Sourcing,0.0019,0.0006,0.0006,0.0006,0.0009,0.0006,0.0012,0.0007,0.00065,0.0005666666666666667,0.0004333333333333333,0.0005333333333333334,0.0007,0.0005333333333333334,0.0002,0.0002,0.0002,0.0002666666666666667,0.0002666666666666667,0.0005333333333333333,0.0005,0.0002666666666666667,0.0003,0.00030000000000000003,0.0011,0.0016,0.0015,0.0007,0.0005
Palakkad,WH,,0.0006,,0.0006,,0.0008,0.0002,0.0002,0.00055,0.0004,0.0004,0.0007,0.0002,0.0002,,0.0004,0.00030000000000000003,0.0002,0.0004,0.0004,0.0002,0.0002,0.0003,0.00030000000000000003,0.0007,0.0008,0.0011,0.0004,0.0019
Panipat,CX,0.0029,0.0015,0.0014,0.0023,0.0018,0.0032,0.0015,0.0034,0.0022,0.002,0.0024,0.0041,0.0028,0.0027,0.0027,0.0021,0.0031,0.004,0.0015,0.0017,0.0022,0.004,0.0052,0.0022,0.0026,0.0036,0.0022,0.0059,0.0042
Panipat,Pod,0.0058,0.0023,0.0063,0.011,0.00395,0.0024,0.00405,0.0038666666666666663,0.002466666666666667,0.004,0.0041,0.0025,0.0062,0.00605,0.005566666666666667,0.007,0.00645,0.0058000000000000005,0.0049,0.0030333333333333328,0.0036999999999999997,0.0029,0.0033000000000000004,0.0021333333333333334,0.0067,0.0067,0.0053,0.0063,0.0054
Panipat,Sourcing,0.0015,0.00185,0.0008333333333333334,0.0006333333333333333,0.000975,0.0016,0.00275,0.001875,0.001966666666666667,0.0017999999999999997,0.0017000000000000001,0.00395,0.001775,0.0021333333333333334,0.001075,0.0012666666666666666,0.0007,0.00225,0.001475,0.001425,0.0010333333333333334,0.0008250000000000001,0.0021333333333333334,0.0009,0.0056,0.0032,0.0039,0.0026,0.0029
Panipat,WH,,0.0002,,,0.0009,,0.0011,0.0007,0.0003,0.0005,0.0003,,0.00045,0.0008,0.0003,0.0007,0.0006,0.0008,0.00030000000000000003,0.0008500000000000001,0.0004,0.0015,0.0006,0.0002,0.0007,0.0006,0.0008,0.0016,0.0002
Patiala,CX,0.0046,0.0024,0.0014,0.0015,0.0015,0.0011,0.0033,0.0003,0.0019,0.0023,0.0016,0.0009,0.0035,0.002,0.0023,0.002,0.0022,0.0023,0.0017,0.0031,0.0022,0.0012,0.0017,0.002,0.0024,0.0041,0.0032,0.0039,0.0054
Patiala,Pod,0.0030666666666666668,0.002,0.0022,0.0025,0.0021000000000000003,0.0018999999999999998,0.00235,0.0033499999999999997,0.002,0.002433333333333334,0.0015500000000000002,0.00385,0.003533333333333333,0.0047,0.0034999999999999996,0.0047,0.0028000000000000004,0.0030333333333333336,0.0025,0.0037999999999999996,0.0026,0.00325,0.0032500000000000003,0.0029,0.0096,0.0082,0.007,0.0084,0.0063
Patiala,Sourcing,,0.0011333333333333332,0.0007333333333333333,0.0006,0.0012,0.0015,0.001,0.001275,0.00185,0.0022,0.000725,0.0012,0.0008,0.0012333333333333335,0.0008666666666666666,0.0011250000000000001,0.001,0.0008333333333333332,0.0004666666666666667,0.0008500000000000001,0.0010333333333333334,0.001,0.0006,0.001,0.0037,0.0035,0.0032,0.0029,0.0041
Patiala,WH,,0.00055,0.0003,0.0003,0.0003,0.0003,0.0004,0.00055,0.00035,0.0003,0.0004,0.0007,0.0007,0.0007,0.0003,0.0003,0.0008500000000000001,0.00045,0.00085,0.0007,0.0005,,0.0006,0.0009,0.0007,0.0012,0.0021,0.0021,0.002
Patna,CX,0.0026,0.0023,0.0022,0.0032,0.0043,0.003,0.0034,0.002,0.0034,0.0042,0.003,0.004,0.0047,0.0037,0.0039,0.0025,0.0034,0.0036,0.0031,0.0031,0.0041,0.0027,0.002,0.0023,0.0021,0.0044,0.0025,0.0041,0.0048
Patna,Pod,0.00345,0.001966666666666667,0.0030000000000000005,0.0032666666666666664,0.0032999999999999995,0.0023333333333333335,0.0027333333333333337,0.002125,0.0033666666666666667,0.0036666666666666666,0.00395,0.0029249999999999996,0.0051333333333333335,0.004666666666666667,0.0043,0.003375,0.0041333333333333335,0.004966666666666667,0.0045,0.004266666666666667,0.0032500000000000003,0.00275,0.0032333333333333333,0.0019249999999999998,0.0078,0.0102,0.0097,0.0099,0.0117
Patna,Sourcing,0.0004333333333333333,0.00046666666666666666,0.00055,0.0007,0.000725,0.000725,0.000825,0.001025,0.001325,0.0017499999999999998,0.0007750000000000001,0.00135,0.0012499999999999998,0.0011,0.0007,0.0007333333333333333,0.0007,0.0009000000000000001,0.0011250000000000001,0.00095,0.0007,0.000975,0.0006999999999999999,0.0006,0.003,0.0026,0.0025,0.0019,0.0022
Patna,WH,0.00065,0.00035,0.0002,0.0003,0.0004,0.0002,0.0001,0.00035,0.0005,0.00015000000000000001,0.00035,0.00019999999999999998,0.00039999999999999996,0.00025,0.00035,0.00039999999999999996,0.0005,0.00019999999999999998,0.0006500000000000001,0.00085,0.0007,0.0009499999999999999,0.00035,0.0005,0.001,0.0011,0.0009,0.0012,0.0011
Pondicherry,CX,0.0019,0.0026,0.0029,0.0032,0.0009,0.0015,0.0021,0.0037,0.003,0.0023,0.0017,0.0024,0.0025,0.0026,0.0038,0.0033,0.0034,0.0021,0.0024,0.003,0.0017,0.0019,0.0028,0.0019,0.0021,0.0019,0.0043,0.003,0.0028
Pondicherry,Pod,0.0017,0.0009666666666666668,0.0012333333333333335,0.0013000000000000002,0.0014666666666666667,0.001,0.0014000000000000002,0.0025,0.002025,0.00285,0.0034,0.004,0.00455,0.0026666666666666666,0.0038666666666666663,0.003166666666666666,0.0038666666666666663,0.0039000000000000003,0.0026999999999999997,0.0028,0.001775,0.0020666666666666663,0.0026,0.0025666666666666667,0.0066,0.0057,0.0086,0.0059,0.0099
Pondicherry,Sourcing,0.0015,0.0004999999999999999,0.0004,0.00035000000000000005,0.0005,0.0006,0.00065,0.00065,0.0008666666666666666,0.000675,0.00042500000000000003,0.0008666666666666666,0.00047499999999999994,0.000575,0.00042500000000000003,0.00046666666666666666,0.000425,0.0005666666666666666,0.000575,0.00036666666666666667,0.0006,0.000525,0.00032500000000000004,0.0003333333333333333,0.0015,0.001,0.0011,0.0008,0.0017
Pondicherry,WH,,0.00025,0.0002,0.00039999999999999996,0.00015000000000000001,0.00055,0.00045,0.00019999999999999998,0.00025,0.00019999999999999998,0.00030000000000000003,0.00030000000000000003,0.00025,0.00039999999999999996,0.0003,0.00039999999999999996,0.00045,0.0007,0.0005,0.001,0.0006000000000000001,0.00025,0.00075,0.0005499999999999999,0.001,0.002,0.0019,0.0009,0.0014
Pune,CX,0.0032,0.0028,0.0034,0.0032,0.0033,0.0035,0.0035,0.0038,0.0037,0.0033,0.003,0.0041,0.0035,0.0038,0.0033,0.0039,0.0035,0.003,0.0027,0.0031,0.0032,0.0027,0.0031,0.0028,0.0028,0.0035,0.0028,0.0028,0.0055
Pune,Pod,0.00305,0.001775,0.002,0.0021999999999999997,0.0023749999999999995,0.002325,0.002175,0.0024749999999999998,0.00275,0.0025,0.0024,0.0043,0.004,0.0046,0.0032333333333333333,0.0039000000000000003,0.0037,0.0028666666666666667,0.0028333333333333335,0.0031999999999999997,0.0024000000000000002,0.0032999999999999995,0.002325,0.0022333333333333333,0.0064,0.0077,0.007,0.0054,0.0083
Pune,Sourcing,0.0004333333333333333,0.00055,0.000475,0.0004,0.0006,0.00036666666666666667,0.0005,0.00055,0.000525,0.0005666666666666667,0.0004,0.00045,0.0006000000000000001,0.000675,0.000675,0.0007999999999999999,0.00075,0.0008666666666666666,0.0005,0.00055,0.0006749999999999999,0.000575,0.0005,0.0006666666666666666,0.0019,0.0022,0.002,0.0022,0.0026
Pune,WH,0.0002,0.00039999999999999996,0.00045,0.00035,0.00039999999999999996,0.00030000000000000003,0.00025,0.00035,0.00025,0.00025,0.0002,0.00030000000000000003,0.00045,0.0004,0.00025,0.00025,0.00035,0.00019999999999999998,0.00015000000000000001,0.0003,0.00025,0.0002,0.0007,0.00035,0.0007,0.0008,0.001,0.0013,0.0029
Raipur,CX,0.0014,0.003,0.0021,0.0045,0.0023,0.0014,0.0032,0.0033,0.004,0.0027,0.0036,0.0089,0.0049,0.0058,0.0089,0.0064,0.0072,0.0069,0.0063,0.0052,0.0037,0.0031,0.0029,0.0019,0.0038,0.0029,0.0017,0.0047,0.0042
Raipur,Pod,0.0111,0.00215,0.0041,0.0030333333333333328,0.0044,0.002033333333333333,0.0019499999999999997,0.00475,0.00235,0.0054,0.0034666666666666665,0.0052499999999999995,0.0041333333333333335,0.004066666666666666,0.0050999999999999995,0.0037,0.005266666666666666,0.004966666666666667,0.004366666666666666,0.004366666666666667,0.004033333333333334,0.0042,0.0024000000000000002,0.0018999999999999998,0.0088,0.0078,0.0067,0.0054,0.0094
Raipur,Sourcing,0.0014,0.0004,0.00035,0.0002,0.00045,0.00045,0.0007,0.000825,0.0012,0.0017000000000000001,0.0003333333333333333,0.0010333333333333334,0.00235,0.002,0.0009333333333333334,0.0009333333333333333,0.0011666666666666668,0.0010333333333333334,0.0008749999999999999,0.0007999999999999999,0.00030000000000000003,0.0006,0.0009666666666666666,0.0007,0.0011,0.0009,0.0008,0.0015,0.0018
Raipur,WH,,0.00039999999999999996,0.0012,0.0016,0.0023,0.0002,0.0015,0.00105,0.0005,0.0009,0.0011,0.0006000000000000001,0.0014,0.0015,0.0011,0.0014,0.0012,0.00105,0.0007,0.0007999999999999999,0.00095,0.0005,0.0008500000000000001,0.0006,0.0013,0.0008,0.0006,0.0007,0.001
Rajahmundry,CX,,0.0017,0.0032,0.0035,0.0041,0.0017,0.0026,0.0029,0.0022,0.0015,0.0032,0.0012,0.0013,0.0032,0.0017,0.0021,0.0016,0.0028,0.0022,0.0018,0.0012,0.0012,0.0024,0.0017,0.0021,0.0037,0.0018,0.0029,0.0036
Rajahmundry,Pod,0.0018,0.00215,0.0019,0.0019249999999999998,0.0035,0.0041,0.0014,0.00265,0.0011,0.003,0.0020666666666666663,0.0024333333333333334,0.0019666666666666665,0.0015999999999999999,0.0015333333333333334,0.00215,0.0032666666666666673,0.002166666666666667,0.0029999999999999996,0.0025,0.002466666666666667,0.0024000000000000002,0.002,0.00095,0.0061,0.0044,0.0055,0.0047,0.0058
Rajahmundry,Sourcing,0.0018,0.0009666666666666666,0.000525,0.0003,0.0007666666666666667,0.0007,0.0005333333333333334,0.0004666666666666667,0.0011,0.00105,0.0007,0.0009000000000000001,0.00055,0.0004,0.0005,0.00035,0.0007,,0.0005,0.0006000000000000001,0.0004,0.0002,0.0004,0.00035,0.0014,0.0005,0.0008,0.0016,0.0012
Rajahmundry,WH,,0.0003,0.0005,0.00075,0.0008,0.0006000000000000001,0.00035,0.0002,0.0005,0.0008,0.0005,0.00045,0.00030000000000000003,0.0006000000000000001,0.0005,0.00035,0.00039999999999999996,0.0008,0.00045,0.0005,0.0007999999999999999,0.0002,0.0005,,0.001,0.0024,0.0009,0.0014,0.0025
Rajkot,CX,,0.0027,0.0021,0.0019,0.0032,0.0029,0.0007,0.0024,0.0016,0.0016,0.0023,0.0026,0.0042,0.0021,0.0029,0.0028,0.0045,0.0022,0.0022,0.0023,0.0025,0.0021,0.0029,0.003,0.0015,0.0012,0.0021,0.003,0.003
Rajkot,Pod,0.0091,0.0036,0.00165,0.0032500000000000003,0.003,0.0031,0.0022,0.002025,0.002733333333333333,0.0017666666666666664,0.00315,0.0036,0.003566666666666667,0.0016333333333333332,0.002466666666666667,0.00365,0.003833333333333333,0.00405,0.0028666666666666667,0.0032333333333333333,0.00425,0.002466666666666667,0.0061,0.0039000000000000003,0.0053,0.009,0.0034,0.0049,0.0037
Rajkot,Sourcing,0.0018,0.00135,0.0005333333333333334,0.00035,0.0006,0.0005666666666666667,0.0005666666666666667,0.0009333333333333334,0.0007666666666666667,0.0011333333333333332,0.00046666666666666666,0.0007,0.0007333333333333333,0.0002,0.0008,0.0007333333333333333,0.0006,0.0007,0.000575,0.0008,0.0005333333333333334,0.0006666666666666666,0.0008,0.0004666666666666667,0.001,0.0019,0.0015,0.0007,0.0025
Rajkot,WH,,0.0003,,0.0005,0.0002,0.0006000000000000001,0.0005,0.00030000000000000003,0.00055,0.0006000000000000001,0.0005,0.0008,0.0005,0.00035,0.0004,0.0009,0.0008500000000000001,0.0002,0.0002,0.0004,0.0007,0.00065,0.0005,0.0002,0.0005,0.0004,0.001,0.0013,0.0009
Ranchi,CX,0.0008,0.0022,0.0038,0.0024,0.0024,0.0029,0.0029,0.0017,0.0027,0.0028,0.0029,0.0033,0.005,0.0048,0.0018,0.0048,0.0035,0.0028,0.0033,0.0027,0.0014,0.0023,0.0014,0.0014,0.0029,0.0019,0.0027,0.0035,0.0031
Ranchi,Pod,0.0034,0.00275,0.002966666666666666,0.0024,0.0028,0.002433333333333333,0.0026,0.002175,0.0048,0.0025,0.0022,0.0034,0.00615,0.0034999999999999996,0.0047,0.0028000000000000004,0.0037333333333333333,0.00565,0.0026,0.002766666666666667,0.0028666666666666667,0.001966666666666667,0.0014000000000000002,0.0022,0.0061,0.005,0.0067,0.0038,0.0064
Ranchi,Sourcing,,0.000725,0.00046666666666666666,0.0004666666666666666,0.0006,0.0006333333333333334,0.0008666666666666666,0.001,0.0007499999999999999,0.0014,0.0004333333333333333,0.0005,0.0008333333333333334,0.0005,0.0008,0.0005,0.00042500000000000003,0.00036666666666666667,0.00065,0.000625,0.0007000000000000001,0.0004,0.0006666666666666666,0.0005333333333333333,0.0009,0.0019,0.0009,0.0011,0.0011
Ranchi,WH,,0.00035,0.0001,0.0002,0.0004,0.00035,0.0008,0.0007,0.00030000000000000003,0.0005,0.00019999999999999998,0.0004,0.00065,0.0008,0.00065,0.001,0.0006,0.00035,0.0006500000000000001,0.00030000000000000003,0.00035,0.00045,0.00025,0.0004,0.0008,0.0014,0.0008,0.0013,0.0022
Rohtak,CX,0.0069,0.001,0.003,0.0027,0.0029,0.0033,0.0027,0.0023,0.0025,0.0021,0.0017,0.0042,0.0027,0.0029,0.0055,0.0045,0.0021,0.0039,0.0036,0.0018,0.0031,0.0045,0.0031,0.0031,0.0039,0.0039,0.0013,0.0049,0.0062
Rohtak,Pod,0.0137,0.0034000000000000002,0.0030333333333333336,0.0034500000000000004,0.0038,0.00365,0.0032500000000000003,0.0030333333333333336,0.004033333333333332,0.0025,0.0036999999999999997,0.003933333333333333,0.005549999999999999,0.00665,0.0044,0.0052,0.003533333333333333,0.005466666666666667,0.003566666666666667,0.004633333333333334,0.005533333333333334,0.005266666666666666,0.004033333333333332,0.002633333333333333,0.0136,0.0112,0.0067,0.0061,0.0088
Rohtak,Sourcing,0.0023,0.0008,0.0008666666666666666,0.0009000000000000001,0.0006666666666666666,0.0014666666666666667,0.0010333333333333334,0.0014000000000000002,0.0022333333333333333,0.001925,0.0013666666666666664,0.0021,0.0019,0.0009666666666666668,0.0015666666666666665,0.0012333333333333335,0.0006,0.0014999999999999998,0.0013666666666666669,0.0011666666666666668,0.0008999999999999999,0.0012,0.0011333333333333334,0.0010333333333333334,0.0022,0.0041,0.0025,0.0025,0.0035
Rohtak,WH,,,0.0026,0.0004,0.0004,0.0004,0.0004,,,0.00055,0.0003,,0.0007999999999999999,0.0014,0.0004,,0.0007,0.0005,0.00055,0.0015,0.0007,0.00075,0.00085,0.00085,0.0007,0.0012,0.001,0.0011,0.0007
Roorkee,CX,,0.0042,0.0014,0.0024,0.0036,0.0008,0.0038,0.0023,0.0016,0.0044,0.0042,0.0007,0.0056,0.0045,0.0008,0.0025,0.0049,0.0022,0.0033,0.0032,0.0019,0.0059,0.0033,0.0013,0.0038,0.0033,0.0031,0.0055,0.0026
Roorkee,Pod,0.0074,0.0024,0.00175,0.00355,0.009,0.0056,0.0023,0.0039000000000000003,0.00425,0.00475,0.0042,0.0022,0.016,0.00405,0.0024500000000000004,0.0156,0.0028,0.0103,0.003533333333333333,0.0015999999999999999,0.0058,0.0033333333333333335,0.0049499999999999995,0.007,0.0069,0.0073,0.0139,0.0041,0.0132
Roorkee,Sourcing,,0.0012,,0.0010666666666666667,0.0009000000000000001,,0.0008,,0.00195,0.0013,0.00105,0.0011,0.0012000000000000001,0.0009,0.00125,0.0016333333333333336,0.0017499999999999998,0.0014500000000000001,0.002,0.0013,0.0006,0.0007,0.00165,0.0010666666666666665,0.0025,0.002,0.0015,0.0041,0.002
Roorkee,WH,,,0.0007,,,,,0.0008,,,0.0007,0.0007,,,,0.0008,0.0007,0.0015,,0.0009499999999999999,0.0006,0.0007,0.0007,0.0013,,0.0007,0.0008,0.0014,0.0007
Rudrapur,CX,0.0047,0.0036,0.0017,,,,,0.0018,0.0008,,0.0015,,,0.0038,0.0009,0.001,0.001,0.0036,0.0039,0.0013,0.0006,0.0018,0.0031,0.0024,0.0017,0.0011,0.0006,0.0021,0.0041
Rudrapur,Pod,0.0047,0.0029,0.00455,0.005350000000000001,0.0096,0.0057,0.0023,0.0045,0.00205,0.0046,0.00385,0.002,0.00265,0.0028,0.0056,0.0107,0.00355,0.008,0.0035,0.0023,0.00515,0.0053,0.00125,0.0021666666666666666,0.0039,0.0087,0.0069,0.0064,0.0087
Rudrapur,Sourcing,0.0095,0.0007,0.0008,0.0015,,,0.0009,0.0009,0.0008,0.0025,0.0023,0.0016,0.0009,0.001,0.0028,0.0019,0.002,0.00135,0.0015666666666666667,0.001,0.0012,0.001,0.0006,0.0009,0.0022,0.0027,0.0013,0.0021,0.0071
Rudrapur,WH,,0.0007,,0.0008,,,,,,0.0008,0.0008,,,,0.0009,0.001,,0.0009,,0.0007,,,0.0013,0.0006,0.0011,,,0.0005,0.002
Saharanpur,CX,,,,0.0028,0.0017,0.006,0.0015,,,0.0046,0.0023,0.0054,0.0042,0.0028,0.0016,0.0114,0.0012,0.0081,0.0022,0.003,0.0019,0.002,0.0031,0.0026,0.004,0.0051,0.0019,0.0037,0.0033
Saharanpur,Pod,0.011,0.00195,0.0052,0.0034999999999999996,0.0017,0.0045,0.0045000000000000005,0.0029,0.006,0.0057,0.00505,0.0054,0.00705,0.0035,0.0095,0.0186,0.00465,0.011,0.0076,0.0045000000000000005,0.0105,0.00455,0.0041,0.0021999999999999997,0.0056,0.0085,0.0076,0.0045,0.0074
Saharanpur,Sourcing,,,0.0013,0.0021,0.0017,,0.0015,,0.003,0.0026666666666666666,0.0023,0.002,0.0014,0.0028,0.0032,0.0029,0.0012,0.0029,,0.001,0.001,0.001,0.0015,0.00135,0.0016,0.0017,0.0019,0.003,0.0049
Saharanpur,WH,,,,0.0014,,,,,,,0.0023,,0.0014,0.0014,,,,,,,0.0019,0.001,0.001,,,0.0008,,,
Salem,CX,0.0008,0.0008,0.0015,0.0011,0.0023,0.0008,0.0009,0.0011,0.001,0.0014,0.0016,0.0019,0.0015,0.0022,0.0013,0.0021,0.0008,0.0023,0.0015,0.0018,0.0017,0.0011,0.0018,0.0014,0.002,0.0042,0.0031,0.0029,0.0026
Salem,Pod,0.0023,0.0014,0.0014333333333333333,0.0015500000000000002,0.0015999999999999999,0.0022,0.0010999999999999998,0.0015999999999999999,0.0015666666666666667,0.0011666666666666668,0.0011250000000000001,0.00245,0.0016333333333333332,0.00235,0.00375,0.0022,0.0023,0.0021000000000000003,0.0022333333333333333,0.0014666666666666665,0.0023,0.0021999999999999997,0.0012666666666666666,0.0009333333333333333,0.0039,0.0063,0.0058,0.0045,0.0064
Salem,Sourcing,0.0010333333333333334,0.00027499999999999996,0.00035,0.0002,0.0005,0.0003,0.00075,0.0003333333333333333,0.00046666666666666666,0.0007333333333333332,0.00025,0.00030000000000000003,0.0006000000000000001,0.0004333333333333333,0.00030000000000000003,0.00035,0.0002666666666666667,0.0002666666666666667,0.0004666666666666667,0.0004,0.0001,0.00025,0.0003333333333333333,0.00025,0.0013,0.0016,0.0015,0.001,0.0013
Salem,WH,0.0008,0.0001,0.0001,0.00025,0.00019999999999999998,0.0003,0.00025,0.00030000000000000003,0.0001,0.00045,0.0003,0.0004,0.00045000000000000004,0.00025,0.0007,0.0006000000000000001,0.00039999999999999996,0.0005,0.0003,0.00045,0.0008,0.00025,0.0003,0.0002,0.0011,0.0012,0.001,0.0012,0.0013
Shillong,CX,,,,,,,,,,,,0.0179,,,,,,,,,,,,,,,,,
Shillong,Pod,,,,,,,,,,,,0.0179,,,,,,,,,,,,,,,,,
Shivamogga,CX,0.0051,0.0017,0.0012,0.0009,0.0022,0.0034,0.0012,0.0023,0.0052,0.0026,0.0024,0.0065,0.0038,0.0016,0.0013,0.002,0.001,0.0011,0.001,0.0028,0.0016,0.0014,0.0025,0.001,0.0043,0.0034,0.0038,0.0018,0.0068
Shivamogga,Pod,0.0025499999999999997,0.0014,0.0017499999999999998,0.0048,0.0036,0.002033333333333333,0.00215,0.004,0.00245,0.0026,0.0022,0.0022333333333333333,0.0026999999999999997,0.00275,0.0015999999999999999,0.0022,0.0022333333333333333,0.0025,0.005,0.0023666666666666667,0.0021,0.0013,0.00195,0.0028,0.0061,0.0081,0.0099,0.004,0.0107
Shivamogga,Sourcing,0.0034,0.0007333333333333333,0.0008666666666666666,0.000525,,0.0005666666666666666,0.0004999999999999999,0.0011,0.0008333333333333334,0.0011666666666666668,0.00075,0.0007999999999999999,0.0003,0.00065,0.0004999999999999999,0.0005666666666666667,0.0003,0.00125,0.00065,0.0003,0.0008500000000000001,0.0005,0.0005666666666666666,0.00105,0.003,0.0015,0.001,0.0025,0.0035
Shivamogga,WH,,0.00045,0.0003,0.0003,0.0003,0.0005,0.0003,,0.0009,,0.0003,0.0003,0.0006,0.0003,0.0003,0.00065,0.0005,0.0004,0.0007,0.0009,0.001,0.0005,0.0008,0.0008,0.0028,0.0012,0.0018,0.0009,0.0031
Silchar,CX,,0.0027,0.0012,0.0008,0.0009,0.0011,0.0022,0.0019,0.0017,0.0012,0.0024,0.0008,0.0026,0.0015,0.0026,0.0025,0.0022,0.001,0.0021,0.0017,0.0017,0.0031,0.0022,0.0014,0.0016,0.0031,0.0017,0.0034,0.002
Silchar,Pod,0.0021,0.0015999999999999999,0.0023,0.0026999999999999997,0.00275,0.0038,0.0035499999999999998,0.0034000000000000002,0.005,0.003,0.0026499999999999996,0.00255,0.0028,0.00155,0.0034,0.0028666666666666667,0.0039,0.00315,0.00275,0.0022,0.00335,0.0034999999999999996,0.0017,0.0015000000000000002,0.0061,0.0076,0.0065,0.004,0.0054
Silchar,Sourcing,0.0021,0.0009,0.0003,0.0006,0.0006,0.00055,0.00095,0.0003,0.00055,0.0014,0.0019,0.00065,0.0008,0.00032500000000000004,0.0005,0.0003666666666666666,0.001,0.00035,0.0002,0.0002,0.0007,0.0009,0.00075,0.0007,0.0007,0.0008,0.0013,0.001,0.0018
Silchar,WH,,,,0.0003,0.0009,0.00039999999999999996,,0.0003,0.0003,0.00035,0.0002,0.0003,0.00075,0.00045,0.0002,0.00065,0.00055,0.0005,0.0007,0.00030000000000000003,0.0002,0.0006000000000000001,0.0004,,0.0011,0.0012,0.0022,0.0014,0.0018
Siliguri,CX,0.0028,0.0008,0.0013,0.0044,0.0043,0.0014,0.001,0.0008,0.0013,0.0028,0.0015,0.0005,0.0019,0.0021,0.0019,0.0036,0.002,0.0036,0.0021,0.0021,0.0038,0.0038,0.0024,0.0016,0.0027,0.0027,0.0006,0.0017,0.0026
Siliguri,Pod,0.0042,0.00255,0.0028,0.003533333333333333,0.0032,0.0052,0.0024,0.00215,0.0033,0.0030333333333333336,0.00325,0.003533333333333333,0.0042,0.002466666666666667,0.0021333333333333334,0.003566666666666667,0.00395,0.002866666666666667,0.0041,0.0025,0.0042499999999999994,0.0029,0.002266666666666667,0.0021666666666666666,0.0083,0.0075,0.0079,0.0042,0.0072
Siliguri,Sourcing,,0.0004,0.0003,0.0007666666666666667,0.0005,0.0008333333333333334,0.00045,0.00046666666666666666,0.0004333333333333333,0.0006,0.00035,0.00085,0.0003,0.0007,0.0005333333333333333,0.0011666666666666668,0.0007,0.0005666666666666667,0.0007333333333333332,0.0004,0.00037500000000000006,0.0005,0.0005,0.00035,0.0013,0.0022,0.0018,0.0011,0.0014
Siliguri,WH,,,,0.00055,0.0021,0.0007,0.0003,0.0003,,0.0005,0.0005,0.0005,0.0003,0.00045,0.0009499999999999999,0.0002,0.0002,0.00035,0.00030000000000000003,0.0007,0.00035,0.0007499999999999999,0.00055,0.0007,0.001,0.001,0.0009,0.0007,0.0011
Sonipat,CX,,0.0019,0.0008,,0.0019,0.0009,0.0035,,0.004,0.0042,0.0042,0.0054,0.0009,0.0026,0.0027,0.0009,0.0017,0.003,0.0055,0.002,0.0041,0.0022,0.0022,0.0018,,0.0024,0.0034,0.002,0.0026
Sonipat,Pod,0.005,0.0023,0.0037500000000000003,0.0059,0.0105,0.0022500000000000003,0.0035,0.002,0.0028,0.00125,0.0108,0.00895,0.0053,0.00475,0.0071,0.0083,0.0078,0.0059499999999999996,0.0036,0.005566666666666667,0.0048000000000000004,0.0051,0.0028,0.0055000000000000005,0.0071,0.009,0.0105,0.0041,0.0038
Sonipat,Sourcing,,0.0019,0.0016666666666666668,0.001,0.0024000000000000002,0.0027,0.00135,0.0016,0.0018666666666666666,0.0013666666666666669,0.0017,0.0018000000000000002,0.00135,0.003,0.0009,0.0009,0.0017,0.0014500000000000001,0.0016666666666666668,0.0015,0.0012333333333333335,0.0008666666666666666,0.0022,0.0005,0.0015,0.0024,0.003,0.002,0.0045
Sonipat,WH,,0.0006,,,,,0.0009,0.0008,0.0008,,,0.0018,0.0009,0.0009,,0.0019,,,0.00115,0.0005,0.0007,0.0009,0.0018,0.0007,0.0015,,0.0004,0.002,0.0011
Sri Ganganagar,CX,0.0021,0.002,0.0014,0.0017,0.0006,0.0014,0.002,0.0049,0.0035,0.0038,0.0048,0.004,0.0068,0.0045,0.0039,0.0071,0.0043,0.0019,0.0029,0.0033,0.0044,0.0015,0.0014,0.0029,0.0029,0.0027,0.0036,0.002,0.0033
Sri Ganganagar,Pod,0.0103,0.0023,0.0034,0.00315,0.0028,0.00195,0.0015000000000000002,0.0029666666666666665,0.005299999999999999,0.0025,0.002766666666666667,0.002766666666666667,0.0073,0.003533333333333333,0.0036000000000000003,0.0073,0.0040999999999999995,0.003466666666666666,0.00515,0.0072,0.002425,0.0083,0.0036000000000000003,0.002533333333333333,0.0052,0.0086,0.012,0.0058,0.0052
Sri Ganganagar,Sourcing,,,0.0003,0.0004,,,0.0015,0.0004,0.0010333333333333332,0.001175,0.0008666666666666666,0.0013000000000000002,0.0009666666666666668,0.00075,0.0017,0.0012333333333333335,0.0009333333333333334,0.00095,0.0007999999999999999,0.0006,0.0003,0.0003,0.0006,0.001,0.0014,0.0019,0.0018,0.0029,0.0063
Sri Ganganagar,WH,,,,0.0004,0.0006,0.0005,0.0005,0.0004,0.0018,0.0004,0.0009,0.0013,0.0005,0.0005,0.0011,0.0009,,0.0004,,0.00075,0.0006,0.0006,0.0009,0.0009,0.0009,0.0003,0.0012,0.0014,0.0008
Surat,CX,0.0043,0.0028,0.0034,0.0028,0.0023,0.0028,0.0017,0.0013,0.0026,0.0021,0.0023,0.0026,0.0018,0.0028,0.0019,0.0015,0.0014,0.002,0.0019,0.0042,0.002,0.0021,0.0016,0.0017,0.0025,0.0021,0.0013,0.0026,0.0034
Surat,Pod,0.0061,0.0019000000000000004,0.0019333333333333331,0.00365,0.00255,0.002166666666666667,0.002333333333333333,0.0016666666666666668,0.0023333333333333335,0.0019666666666666665,0.0023666666666666667,0.003233333333333333,0.0026333333333333334,0.0028666666666666662,0.0025666666666666667,0.0020666666666666667,0.0025666666666666667,0.002266666666666667,0.0020666666666666667,0.002333333333333333,0.0022666666666666664,0.0019999999999999996,0.0015999999999999999,0.0021666666666666666,0.0047,0.0056,0.0057,0.0036,0.0056
Surat,Sourcing,0.0012,0.0008333333333333334,0.0008,0.00035,0.0004999999999999999,0.000725,0.0005250000000000001,0.0006500000000000001,0.00065,0.0009333333333333333,0.0005666666666666667,0.0008666666666666666,0.0008333333333333332,0.0006000000000000001,0.000725,0.00075,0.000525,0.0006,0.000375,0.0005666666666666667,0.0008,0.0004,0.0004333333333333333,0.0002666666666666667,0.0014,0.0017,0.0009,0.0017,0.002
Surat,WH,0.0012,0.0005,0.00030000000000000003,0.00045,0.00030000000000000003,0.00045000000000000004,0.00045000000000000004,0.00035,0.00039999999999999996,0.00025,0.0005,0.00065,0.0007499999999999999,0.0006500000000000001,0.00030000000000000003,0.00065,0.00025,0.00025,0.00045,0.00025,0.00025,0.00035,0.0003,0.00015000000000000001,0.0006,0.0007,0.0006,0.002,0.002
Thanjavur,CX,0.0012,0.0017,0.0013,0.0012,0.0014,0.0022,0.0035,0.0021,0.0012,0.001,0.0021,0.0024,0.0014,0.0025,0.0017,0.002,0.003,0.0031,0.0008,0.0007,0.0008,0.0014,0.001,0.0003,0.0016,0.0013,0.001,0.0014,0.0018
Thanjavur,Pod,0.0023,0.00165,0.0011,0.0033,0.00265,0.00215,0.0013749999999999997,0.001575,0.0012333333333333335,0.0023,0.0022,0.0026999999999999997,0.0014,0.0029,0.005,0.00265,0.00115,0.0022666666666666664,0.0014666666666666665,0.0016666666666666668,0.0012000000000000001,0.0019333333333333331,0.0010999999999999998,0.0007666666666666665,0.0041,0.0053,0.0044,0.0028,0.0037
Thanjavur,Sourcing,0.0012,0.0007333333333333333,0.0005,0.0004666666666666667,0.0007999999999999999,0.0005,0.0003333333333333333,0.0007999999999999999,0.00055,0.000525,0.0005,0.0003333333333333333,0.0006,0.0002666666666666667,0.0007,0.00025,0.00025,0.00043333333333333337,0.0007,0.0001,0.00039999999999999996,0.00025,0.0002666666666666667,0.0002333333333333333,0.0007,0.0013,0.0013,0.0011,0.0006
Thanjavur,WH,,0.0002,0.0004,0.0006,0.0002,0.00045,0.0006,0.0002,0.001,0.0005,0.0005,0.0006,0.00030000000000000003,0.0002,0.0003,0.0005,0.00039999999999999996,0.0007,0.00025,0.00019999999999999998,0.00025,0.00039999999999999996,0.00019999999999999998,0.00035,0.0014,0.0007,0.001,0.0007,0.0021
Thiruvalla,CX,,0.0005,0.0003,0.0011,0.0015,,0.0007,0.0002,0.0007,0.0007,0.0007,0.0012,0.0002,0.0009,0.0004,0.0011,0.0004,0.0005,0.0005,0.0005,0.0004,0.0004,0.0001,0.001,0.0004,0.0003,0.001,0.0031,0.0011
Thiruvalla,Pod,0.0029,0.00035,0.00105,0.0014,0.0013,0.00095,0.001,0.0010333333333333334,0.0017000000000000001,0.00115,0.00095,0.0023499999999999997,0.0015,0.0008666666666666667,0.0022,0.00155,0.0014500000000000001,0.0013000000000000002,0.0007,0.0011,0.00145,0.00105,0.0008666666666666666,0.0013333333333333333,0.0028,0.0034,0.0035,0.007,0.0036
Thiruvalla,Sourcing,,0.00045,0.0003,0.0003,0.0003,0.0006000000000000001,0.0002,0.00045,0.0006333333333333334,0.0006,0.0007,0.00036666666666666667,0.0002,0.0006,0.0007,0.0002,0.0002,0.0006000000000000001,0.00025,0.00025,0.0003,0.00019999999999999998,0.0003,0.0005333333333333333,0.0013,0.0009,0.0007,0.0008,0.0023
Thiruvalla,WH,0.0014,,,,0.0005,0.0002,,0.0005,0.0005,0.0002,,0.0002,,,,0.0002,,,,0.0002,,,0.0001,0.0002,,0.0011,0.0007,0.0005,0.0012
Thiruvallur,CX,0.0022,0.0022,0.0012,0.0033,0.0005,0.0052,0.0013,0.0026,0.0039,0.0027,0.0057,0.0056,0.0085,0.0014,0.0033,0.0035,0.0046,0.0047,0.0018,0.0086,0.0037,0.002,,0.0005,0.0053,0.006,0.0049,0.0031,0.0077
Thiruvallur,Pod,0.0065,0.0071,0.0015999999999999999,0.0019,0.0043,0.0052499999999999995,0.0025,0.0047,0.0067,0.0074,0.00555,0.0139,0.0098,0.00685,0.0058000000000000005,0.0042,0.00805,0.0029666666666666674,0.0048,0.0061666666666666675,0.0036666666666666666,0.0049,,0.0031999999999999997,0.011,0.0076,0.0155,0.0102,0.0198
Thiruvallur,Sourcing,,0.0005,0.0005333333333333334,0.0014,,0.0009,0.00105,0.0008666666666666666,0.0015999999999999999,0.0014333333333333333,0.0004,0.00115,0.0008666666666666666,0.0007,0.0008,0.001,0.0014,0.0005,0.0004,0.0009,0.00095,0.001,,0.0015,0.0012,0.0016,0.0031,0.002,0.0012
Thiruvallur,WH,,0.00055,,0.0009,,0.0004,0.0013,,0.0004,,0.0004,0.0014,0.00135,0.0009,0.0004,0.0022,0.0015999999999999999,0.00115,0.00065,0.0004,0.0011,,,0.0015,,0.0016,0.0004,0.0016,0.002
Thiruvananthapuram,CX,0.0009,0.0014,0.0013,0.0015,0.0016,0.0013,0.0016,0.0016,0.0008,0.0012,0.0015,0.0012,0.001,0.0013,0.0009,0.0011,0.0009,0.0018,0.0007,0.0011,0.0012,0.001,0.0011,0.0009,0.0013,0.0019,0.0017,0.0011,0.0019
Thiruvananthapuram,Pod,0.0016666666666666668,0.0016,0.00135,0.001025,0.0015999999999999999,0.0013000000000000002,0.0017333333333333333,0.0019333333333333336,0.001425,0.0015999999999999999,0.001075,0.000925,0.0009,0.001025,0.0012,0.0017666666666666664,0.0016333333333333332,0.002133333333333333,0.0010666666666666665,0.0017000000000000001,0.001275,0.0014,0.0014666666666666667,0.0014333333333333331,0.0047,0.0056,0.0084,0.004,0.0061
Thiruvananthapuram,Sourcing,0.00045,0.0004,0.00030000000000000003,0.00045,0.0006,0.000325,0.00047500000000000005,0.00045,0.0004333333333333333,0.0003666666666666666,0.00025,0.0004,0.0004333333333333333,0.0002666666666666666,0.0003,0.000275,0.0004,0.0002666666666666666,0.000275,0.00030000000000000003,0.00036666666666666667,0.0002666666666666666,0.000275,0.00030000000000000003,0.001,0.0015,0.0014,0.0017,0.0015
Thiruvananthapuram,WH,0.0001,0.0001,0.0002,0.00019999999999999998,0.00019999999999999998,0.00030000000000000003,0.00019999999999999998,0.0002,0.0002,0.00015000000000000001,0.00015000000000000001,0.00025,0.0002,0.0002,0.0001,0.0001,0.00015000000000000001,0.00019999999999999998,0.00015000000000000001,0.00015000000000000001,0.00015000000000000001,0.00025,0.0001,0.0002,0.0002,0.0006,0.0014,0.0005,0.0008
Thoothukudi,CX,,0.0022,0.0015,0.0019,0.0017,0.0016,0.0022,0.0016,0.0033,0.0016,0.0019,0.0013,0.0021,0.0038,0.0037,0.0055,0.0036,0.0019,0.0016,0.0023,0.0018,0.0019,0.0028,0.0012,0.0026,0.0028,0.0027,0.0037,0.0041
Thoothukudi,Pod,,0.0012666666666666668,0.0016,0.0027000000000000006,0.004,0.002,0.0017,0.0014666666666666667,0.0020499999999999997,0.0021,0.00295,0.0033,0.0028,0.0023,0.0034,0.00615,0.003566666666666667,0.003233333333333333,0.00355,0.0024666666666666665,0.0017000000000000001,0.0025,0.0027000000000000006,0.0048,0.0047,0.0058,0.0046,0.0045,0.0045
Thoothukudi,Sourcing,0.0013,0.0003333333333333333,0.0005750000000000001,0.0003,0.0009666666666666666,0.0006,0.0006666666666666666,0.0008666666666666666,0.0005,0.0008,0.0004,0.0007666666666666667,0.0002666666666666667,0.00030000000000000003,0.00030000000000000003,0.0004,0.0005,0.0005,0.0008500000000000001,0.0004333333333333333,0.0004,0.0004333333333333333,0.0004333333333333333,0.0005,0.0024,0.0019,0.0022,0.001,0.0012
Thoothukudi,WH,,0.0005,0.0002,0.0012,0.0002,0.00030000000000000003,0.0004,0.0002,0.0012,0.00039999999999999996,0.0008,0.0009499999999999999,0.0004,0.0009,0.00055,0.0007,0.0004,0.00030000000000000003,0.0003,0.0005,0.0008,0.0003,0.0003,0.0002,0.0005,0.002,0.0015,0.0021,0.0006
Thrissur,CX,,0.001,0.0007,0.0006,0.0007,0.0007,0.0011,0.0013,0.0005,0.0005,0.0009,0.0011,0.0003,0.0011,0.001,0.0006,0.0009,0.0005,0.0006,0.0006,0.0008,0.0006,0.0005,0.0006,0.0011,0.0007,0.0007,0.0006,0.0015
Thrissur,Pod,0.0017,0.0008500000000000001,0.0006,0.0007,0.0004,0.0007333333333333333,0.0007,0.0005,0.0006333333333333333,0.0008,0.0007000000000000001,0.0011,0.0008333333333333332,0.0006666666666666666,0.0007666666666666667,0.001633333333333333,0.0019,0.000875,0.0011,0.0012,0.0013000000000000002,0.0011666666666666665,0.0013666666666666669,0.00135,0.0039,0.0044,0.0025,0.0015,0.0041
Thrissur,Sourcing,0.0003,0.00036666666666666667,0.00025,0.00022500000000000002,0.0005333333333333334,0.0002,0.0003,0.00023333333333333333,0.0003,0.000375,0.00019999999999999998,0.0002666666666666667,0.00015000000000000001,0.00023333333333333333,0.00025,0.00019999999999999998,0.00013333333333333334,0.00015,0.00017500000000000003,0.000125,0.00016666666666666666,0.0002,0.00023333333333333336,0.00019999999999999998,0.0009,0.001,0.001,0.001,0.001
Thrissur,WH,,0.00005,0.0001,0.00015000000000000001,0.0001,0.00025,0.0003,0.00019999999999999998,0.0002,0.0001,0.0001,0.0001,,0.0001,0.00005,0.00015000000000000001,0.00015000000000000001,0.00015000000000000001,0.00015,0.00005,0.0001,0.00015000000000000001,0.0001,0.00005,0.0005,0.0005,0.0008,0.0004,0.0009
Tirunelveli,CX,,0.0009,0.0013,0.0014,0.0012,0.0019,0.002,0.0015,0.0038,0.0009,0.0014,0.0022,0.0011,0.0009,0.0021,0.0031,0.0014,0.0019,0.0022,0.0011,0.0026,0.0006,0.0018,0.0007,0.0011,0.001,0.0006,0.0007,0.0017
Tirunelveli,Pod,0.0023,0.0009000000000000001,0.0015000000000000002,0.0059,0.0018,0.00135,0.0012333333333333332,0.00185,0.0017333333333333333,0.0027,0.00135,0.00205,0.0018999999999999998,0.0011666666666666665,0.0029,0.00315,0.0030333333333333336,0.0028666666666666667,0.00335,0.0018000000000000002,0.0034,0.002533333333333333,0.0028,0.0018499999999999999,0.004,0.0041,0.003,0.0027,0.0042
Tirunelveli,Sourcing,,0.00039999999999999996,0.0004,0.00030000000000000003,0.0005,0.0002,0.0002,0.0006,0.0007,0.0011,0.00065,0.0002,0.0004,0.0002,0.001,0.0007,0.0004333333333333333,0.0006500000000000001,0.0004,0.0004333333333333333,0.00055,0.00035,0.0011,0.0002666666666666667,0.001,0.0006,0.0013,0.0006,0.002
Tirunelveli,WH,,0.0002,0.0004,0.0008,0.00030000000000000003,0.00035,,0.0002,0.0002,0.0004,0.00035,0.0002,0.00055,0.0002,0.0003,0.0007,0.0008500000000000001,0.00055,0.00085,0.00055,0.0003,0.00025,0.0003,0.0005,0.0004,0.0019,0.001,0.0006,0.0007
Tirupati,CX,0.0041,0.0033,0.0029,0.0041,0.0018,0.0025,0.002,0.003,0.0031,0.0022,0.003,0.0047,0.0052,0.003,0.0041,0.0024,0.0031,0.0029,0.001,0.0019,0.0032,0.0033,0.0031,0.0018,0.003,0.0036,0.0039,0.0045,0.0061
Tirupati,Pod,0.0049,0.0022666666666666664,0.0023333333333333335,0.0024,0.0025,0.0028333333333333335,0.0017666666666666666,0.0029000000000000002,0.0020666666666666667,0.0029333333333333334,0.002633333333333333,0.003833333333333333,0.003133333333333333,0.002466666666666667,0.0030333333333333336,0.002766666666666667,0.0031,0.0026666666666666666,0.0026999999999999997,0.0020666666666666667,0.002533333333333333,0.0019333333333333331,0.0018666666666666666,0.0015999999999999999,0.0058,0.0063,0.0088,0.0079,0.0097
Tirupati,Sourcing,0.0011666666666666668,0.00030000000000000003,0.0005333333333333333,0.0005333333333333333,0.00036666666666666667,0.0006666666666666666,0.00039999999999999996,0.000675,0.00055,0.0007999999999999999,0.0007333333333333333,0.0006333333333333334,0.0009333333333333333,0.0008333333333333332,0.0009499999999999999,0.0005333333333333333,0.000475,0.0007000000000000001,0.0006333333333333333,0.0007333333333333333,0.0004,0.0004,0.000475,0.00025,0.0011,0.0016,0.0015,0.0018,0.0023
Tirupati,WH,0.0005,0.00030000000000000003,0.0003,0.00025,0.00030000000000000003,0.0006,0.0005,0.0006,0.00035,0.00039999999999999996,0.0006000000000000001,0.00095,0.00045,0.0005,0.0005,0.00075,0.0007999999999999999,0.0008,0.00035,0.00045000000000000004,0.0005,0.00039999999999999996,0.00055,0.00039999999999999996,0.0008,0.0015,0.0006,0.0009,0.0018
Tirupur,CX,,0.0027,0.0028,0.004,0.0021,0.0019,0.0015,0.0024,0.0024,0.0021,0.0023,0.0023,0.0037,0.0022,0.0028,0.002,0.0026,0.0024,0.0016,0.0026,0.0028,0.0024,0.001,0.0008,0.0026,0.0037,0.0022,0.0015,0.004
Tirupur,Pod,0.0011,0.0012000000000000001,0.0021999999999999997,0.0035,0.0008500000000000001,0.001375,0.0017999999999999997,0.0023,0.0021666666666666666,0.0026666666666666666,0.0017999999999999997,0.0033,0.0018000000000000002,0.0016666666666666668,0.0025666666666666667,0.0023,0.00375,0.0028333333333333335,0.002633333333333333,0.002033333333333333,0.0024,0.0021,0.00425,0.0017,0.0049,0.0079,0.0061,0.0032,0.0053
Tirupur,Sourcing,0.0011,0.0005666666666666667,0.0006,0.0003333333333333333,0.00043333333333333337,0.00046666666666666666,0.0005,0.00075,0.0003,0.0010333333333333334,0.0006,0.0002,0.0002,0.00043333333333333337,0.0002,0.00023333333333333333,0.0005,0.00025,0.0005,0.0003,0.0005,0.00025,0.00023333333333333333,0.00025,0.0013,0.0017,0.0006,0.0015,0.0007
Tirupur,WH,,0.0003,0.0002,0.0005,0.00030000000000000003,0.0003,0.0002,0.00065,0.0013,0.0009,0.0006000000000000001,0.00039999999999999996,0.00035,0.0007,0.0008,0.0017,0.00155,0.0008,0.0006000000000000001,0.00039999999999999996,0.0003,0.00035,0.00025,0.0001,0.0007,0.0019,0.0015,0.0016,0.0016
Trichy,CX,,0.0018,0.0014,0.0005,0.0017,0.0018,0.0022,0.0021,0.0013,0.0019,0.0017,0.0026,0.002,0.003,0.0017,0.0021,0.0024,0.0049,0.0029,0.002,0.0024,0.0012,0.0017,0.0013,0.0024,0.0039,0.0018,0.0029,0.0025
Trichy,Pod,0.0051,0.0018333333333333333,0.0022,0.0014,0.0042,0.0017000000000000001,0.00345,0.0019666666666666665,0.0019666666666666665,0.0014,0.0026499999999999996,0.00295,0.002,0.00295,0.0015333333333333336,0.0029,0.0030000000000000005,0.0050999999999999995,0.0039,0.0026333333333333334,0.00355,0.0023,0.0018,0.001633333333333333,0.0056,0.0061,0.0049,0.0056,0.0052
Trichy,Sourcing,0.00105,0.0005,0.0002666666666666667,0.0004,0.0004333333333333333,0.0004333333333333333,0.0007,0.00046666666666666666,0.0006,0.000375,0.0004,0.00035,0.0006,0.0004,0.00030000000000000003,0.0006333333333333333,0.00046666666666666666,0.0005,0.0005750000000000001,0.00045000000000000004,0.0006,0.00035,0.0005666666666666666,0.0003333333333333333,0.0015,0.0014,0.0018,0.0017,0.0021
Trichy,WH,0.0007,0.00065,0.00015000000000000001,0.0005,0.0006,0.00035,0.00025,0.00039999999999999996,0.00055,0.0007,0.00030000000000000003,0.00045,0.0007,0.00019999999999999998,0.00035,0.0005,0.0005,0.0012,0.00045,0.00039999999999999996,0.00039999999999999996,0.0001,0.00039999999999999996,0.00019999999999999998,0.0005,0.0009,0.0009,0.0011,0.0023
Tumakuru,CX,,0.0003,0.0003,0.0009,,,0.001,0.0015,0.0015,0.0014,0.0017,0.0009,0.0009,0.002,0.0011,0.0019,0.0019,0.0011,0.0016,0.0026,0.0003,0.0008,0.0015,0.0007,0.0018,0.0047,0.0023,0.0018,0.0022
Tumakuru,Pod,0.0034,0.0018,0.0017,0.00155,0.0015,0.0022,0.0014666666666666667,0.0009333333333333333,0.0015,0.002,0.0022,0.0033,0.0028,0.0036,0.0067,0.00405,0.00315,0.0024000000000000002,0.0026499999999999996,0.0039,0.0045,0.00195,0.00115,0.0026,0.005,0.0052,0.003,0.0032,0.0048
Tumakuru,Sourcing,,0.0011,0.0006,0.0006,0.00045,0.0003,0.0006,0.0005,0.0003,0.0008,0.0006,0.0009666666666666666,0.0007,0.0007,0.0004333333333333333,0.00039999999999999996,0.00055,0.0003,0.0007,0.00039999999999999996,0.0003,0.0009,0.0005,0.00035,0.0005,0.0014,0.0014,0.0016,0.0031
Tumakuru,WH,,0.0003,,,,0.00045,0.0003,0.0003,0.0006,,,0.00045,0.0003,0.00045,0.0012000000000000001,0.00085,0.00065,0.0008,,0.00039999999999999996,0.0003,0.0005,,0.0007,0.0005,0.0007,0.0009,,0.0009
Udaipur,CX,0.0038,0.0039,0.0043,0.0042,0.0015,0.0036,0.0031,0.0029,0.0032,0.003,0.0034,0.0047,0.0036,0.0035,0.0061,0.0038,0.0049,0.0044,0.0033,0.0036,0.0041,0.0027,0.0027,0.0025,0.0035,0.0038,0.0037,0.003,0.0035
Udaipur,Pod,0.0089,0.00455,0.0043,0.0032666666666666664,0.0020499999999999997,0.002833333333333333,0.0034000000000000002,0.00365,0.00415,0.0035333333333333328,0.0034666666666666665,0.00535,0.002175,0.0031,0.0041333333333333335,0.00625,0.0068000000000000005,0.006350000000000001,0.0039000000000000003,0.004666666666666667,0.005849999999999999,0.0028666666666666667,0.0026999999999999997,0.002333333333333333,0.006,0.0105,0.009,0.0066,0.0088
Udaipur,Sourcing,0.0013,0.0012000000000000001,0.0006333333333333334,0.0008,0.0007999999999999999,0.0013,0.0007666666666666667,0.0009,0.0004333333333333333,0.0012666666666666666,0.0003666666666666666,0.0007999999999999999,0.0011333333333333334,0.0008333333333333334,0.001,0.0007,0.0005000000000000001,0.00195,0.000775,0.0005,0.0008666666666666667,0.00046666666666666666,0.000575,0.0006,0.0015,0.0025,0.0024,0.002,0.0019
Udaipur,WH,,0.0002,0.00045,0.0005,0.0005,0.0004,0.0002,0.0008,0.0007999999999999999,0.00115,0.0006,0.00105,0.00075,0.0005,0.00125,0.0011,0.00075,0.001,0.0005,0.0010500000000000002,0.0006000000000000001,0.00055,0.0003,0.0004,0.0015,0.001,0.0013,0.0011,0.0019
Ujjain,CX,0.0024,0.0032,0.0024,0.0038,0.0023,0.004,0.0049,,0.0023,0.005,0.002,0.005,0.0047,0.0035,0.0046,0.0033,0.0047,0.0004,0.0011,0.0043,0.0028,0.0008,0.0055,0.0027,0.0015,0.0012,0.0022,0.0016,0.0142
Ujjain,Pod,0.0048,0.0021,0.004399999999999999,0.00445,0.0023,0.00285,0.0034000000000000002,0.0021999999999999997,0.0021000000000000003,0.0043,0.00275,0.007050000000000001,0.00365,0.004166666666666667,0.005050000000000001,0.00605,0.00435,0.0035333333333333328,0.0032999999999999995,0.0029,0.0093,0.0036,0.005133333333333333,0.00495,0.007,0.009,0.0084,0.0037,0.0105
Ujjain,Sourcing,0.0024,0.00125,0.0008,0.0004,0.0007,0.0005666666666666666,0.00075,0.0005,0.002,0.0017,0.0009333333333333334,0.0012,0.0016,0.00175,0.002,0.0015999999999999999,0.0017333333333333333,0.0011333333333333334,0.0010000000000000002,0.0007333333333333333,0.0006000000000000001,0.0008,0.0010666666666666665,0.0004,0.0018,0.0016,0.0031,0.0016,0.0016
Ujjain,WH,,0.0004,0.0012,0.0009,0.0009,0.0009,0.0005,0.00075,,0.0017,0.0007999999999999999,0.0005,0.00155,0.0005,0.0005,0.0014,0.0004,0.0009,0.00075,0.0004,0.0006000000000000001,,0.0006000000000000001,,0.0007,0.0008,0.0004,0.0004,0.002
Vadodara,CX,0.0007,0.0024,0.0027,0.0034,0.003,0.0029,0.0042,0.0022,0.002,0.0024,0.0022,0.0032,0.0029,0.0044,0.0018,0.0031,0.0028,0.0031,0.0009,0.0015,0.003,0.0018,0.0026,0.0018,0.0023,0.0019,0.0035,0.0028,0.0036
Vadodara,Pod,0.00445,0.0034000000000000002,0.0022666666666666664,0.0020333333333333336,0.00295,0.002633333333333333,0.0021333333333333334,0.0021333333333333334,0.0041,0.0029000000000000002,0.0035,0.0027333333333333337,0.0029999999999999996,0.0028,0.0018333333333333335,0.0028333333333333335,0.002033333333333333,0.0025,0.00295,0.002333333333333333,0.0037500000000000003,0.0016666666666666668,0.0023333333333333335,0.0025666666666666667,0.005,0.0052,0.006,0.0037,0.0068
Vadodara,Sourcing,0.0020499999999999997,0.0009333333333333333,0.000575,0.0008,0.0007333333333333333,0.0008,0.00115,0.001,0.0014666666666666667,0.0012666666666666666,0.000725,0.0011,0.0009000000000000001,0.0008333333333333334,0.0004333333333333333,0.0009000000000000001,0.0007333333333333333,0.0006333333333333333,0.000425,0.0003666666666666666,0.0007333333333333333,0.0004,0.00075,0.00135,0.002,0.0014,0.001,0.0015,0.0019
Vadodara,WH,,0.00025,0.00030000000000000003,0.00065,0.00025,0.00030000000000000003,0.0006500000000000001,0.00035,0.00045,0.00045,0.00045,0.00035,0.00045,0.00065,0.0006000000000000001,0.0007999999999999999,0.00045,0.00045000000000000004,0.00019999999999999998,0.00030000000000000003,0.0005,0.00015000000000000001,0.00035,0.00025,0.0002,0.0003,0.0008,0.001,0.0014
Vapi,CX,,0.0017,0.0022,0.0023,0.0018,0.0016,0.003,0.0055,0.0053,0.0024,0.0043,0.0061,0.0033,0.0016,0.0028,0.0033,0.0018,0.0052,0.0036,0.0021,0.0014,0.0024,0.0019,0.0011,0.001,0.0013,0.003,0.003,0.0029
Vapi,Pod,0.0031999999999999997,0.0037,0.00245,0.0046,0.0033,0.0028000000000000004,0.0022,0.003,0.0038000000000000004,0.003,0.0025499999999999997,0.00385,0.0032666666666666664,0.0023499999999999997,0.0025,0.0027,0.0021,0.002533333333333333,0.0023666666666666667,0.0023,0.0047,0.0021000000000000003,0.0037,0.0035,0.0039,0.0064,0.0051,0.0055,0.0062
Vapi,Sourcing,0.0016,0.0008999999999999999,0.000825,0.0008,0.0011,0.000675,0.0005,0.0010333333333333334,0.0009666666666666666,0.0010333333333333334,0.0011,0.0012666666666666666,0.001,0.001,0.00095,0.0007666666666666667,0.0007666666666666667,0.0004,0.001,0.0003333333333333333,0.0007,0.00039999999999999996,0.001,0.00055,0.0008,0.0006,0.0009,0.0019,0.0021
Vapi,WH,,,,0.0007,,0.0007,,0.0003,0.0003,0.00039999999999999996,,0.0009,,,0.0005,0.0002,,0.0002,0.0005,0.0002,0.0002,0.0003,,0.0002,0.0002,,0.0002,0.0006,0.0011
Varanasi,CX,0.0011,0.0015,0.0033,0.0026,0.002,0.0024,0.0035,0.0016,0.0035,0.0024,0.0032,0.0046,0.0044,0.0035,0.0029,0.0017,0.0016,0.0018,0.0015,0.0018,0.0013,0.001,0.0018,0.0012,0.0008,0.0019,0.0018,0.0029,0.0033
Varanasi,Pod,0.0037,0.0028,0.0028333333333333335,0.0028333333333333335,0.0021999999999999997,0.0038,0.001775,0.0031999999999999997,0.0044,0.002933333333333333,0.00315,0.003533333333333333,0.0028666666666666662,0.0035,0.00365,0.0018000000000000002,0.002466666666666667,0.0078,0.0026333333333333334,0.0023333333333333335,0.0022,0.0032,0.0017333333333333333,0.002,0.0042,0.0053,0.0063,0.0033,0.0076
Varanasi,Sourcing,0.0014333333333333333,0.0007333333333333332,0.0006666666666666666,0.0005333333333333333,0.0006,0.0007666666666666667,0.0004333333333333333,0.0007,0.0013666666666666664,0.0008333333333333332,0.0008333333333333332,0.0014666666666666667,0.0012666666666666668,0.000525,0.0006666666666666666,0.0009666666666666666,0.0011666666666666665,0.0005333333333333333,0.0006249999999999999,0.0004,0.0005,0.00046666666666666666,0.0006,0.0005,0.0021,0.0007,0.0013,0.0013,0.0029
Varanasi,WH,,0.00019999999999999998,0.00035,0.0007,0.00045,0.00015000000000000001,0.00035,0.00039999999999999996,0.00039999999999999996,0.00035,0.0005,0.00045,0.0007,0.0005,0.00065,0.00035,0.00045,0.0005,0.0002,0.0002,0.00025,0.0007,0.00015000000000000001,0.00025,0.0007,0.0005,0.0006,0.0004,0.0012
Vellore,CX,0.0009,0.0023,0.0011,0.0016,0.0018,0.0008,0.0012,0.0009,0.0011,0.0017,0.0022,0.002,0.0009,0.003,0.0016,0.0018,0.0009,0.0014,0.0017,0.0014,0.0019,0.0008,0.0016,0.0014,0.0026,0.0031,0.0019,0.0027,0.0035
Vellore,Pod,0.0018,0.00145,0.00215,0.0028,0.0023,0.0012,0.0011,0.0013,0.0026,0.0017666666666666666,0.00135,0.00315,0.0020333333333333336,0.00235,0.0026,0.0024999999999999996,0.0019,0.0057,0.0013333333333333333,0.001666666666666667,0.0027,0.0012,0.0014000000000000002,0.00155,0.0044,0.0051,0.0063,0.0034,0.0057
Vellore,Sourcing,,0.0002666666666666667,0.0005333333333333333,0.0002,0.0006666666666666666,0.00065,0.0003,0.0005,0.0007,0.0007333333333333333,0.0005333333333333333,0.0011,0.0006,0.00036666666666666667,0.0004,0.00039999999999999996,0.00023333333333333333,0.00035,0.00035000000000000005,0.00019999999999999998,0.00045,0.0003,0.0006333333333333334,0.0004333333333333333,0.001,0.001,0.0013,0.0009,0.0015
Vellore,WH,,0.0001,0.0002,0.00055,0.0007,0.00025,0.0005,0.00055,0.00019999999999999998,0.00025,0.00035,0.00035,0.0003,0.00025,0.0005,0.0003,0.0001,0.00045,0.0007,0.0005,0.0006,0.00045,0.0004,0.00035,0.001,0.0018,0.0006,0.001,0.0024
Vijayawada,CX,0.0013,0.0033,0.0026,0.004,0.0033,0.0029,0.003,0.0031,0.0033,0.0025,0.002,0.0026,0.003,0.0026,0.0019,0.0019,0.0024,0.0019,0.0022,0.0018,0.0023,0.0017,0.002,0.0014,0.0023,0.0026,0.0031,0.0042,0.0063
Vijayawada,Pod,0.0043,0.0015,0.0013750000000000001,0.002466666666666667,0.0032500000000000003,0.0019,0.001675,0.0019999999999999996,0.0015500000000000002,0.0020666666666666667,0.0022500000000000003,0.0024333333333333334,0.0021333333333333334,0.0018999999999999998,0.00155,0.0026,0.0029000000000000002,0.0022,0.0017333333333333335,0.0016,0.0023666666666666667,0.0015666666666666665,0.0013666666666666669,0.0014666666666666667,0.0046,0.0044,0.0049,0.005,0.0084
Vijayawada,Sourcing,0.0008666666666666666,0.0007666666666666667,0.0007750000000000001,0.00045,0.00047500000000000005,0.000575,0.00065,0.0009666666666666666,0.0007,0.0006000000000000001,0.0008666666666666666,0.0007333333333333333,0.0005,0.00065,0.00045,0.0006,0.0005,0.0006333333333333333,0.0004,0.00035,0.00039999999999999996,0.00036666666666666667,0.00036666666666666667,0.00036666666666666667,0.0021,0.0012,0.0019,0.0017,0.0021
Vijayawada,WH,0.0005,0.00045,0.0006000000000000001,0.0013,0.0007499999999999999,0.0008500000000000001,0.0006000000000000001,0.00075,0.00045,0.0005,0.0006000000000000001,0.0004,0.00075,0.0008,0.0006000000000000001,0.001,0.00075,0.00075,0.00085,0.00075,0.0007,0.0005,0.00065,0.0003,0.0015,0.0023,0.0016,0.0029,0.0039
Vizag,CX,0.0022,0.0022,0.0029,0.0028,0.0031,0.0027,0.0024,0.002,0.0024,0.0018,0.0032,0.0043,0.0025,0.004,0.0023,0.003,0.0034,0.0025,0.0025,0.0028,0.0041,0.0032,0.0019,0.0021,0.0028,0.0035,0.0022,0.0029,0.0046
Vizag,Pod,0.0021000000000000003,0.0020666666666666667,0.00175,0.0016749999999999998,0.001475,0.0023,0.0017,0.00145,0.001825,0.001475,0.0021,0.0023499999999999997,0.001875,0.00165,0.0018999999999999998,0.0016749999999999998,0.0028,0.002733333333333333,0.002433333333333333,0.002766666666666667,0.0030666666666666668,0.0026,0.0018666666666666666,0.0017999999999999997,0.0064,0.0065,0.0072,0.0058,0.0096
Vizag,Sourcing,0.00145,0.000825,0.00075,0.000725,0.000575,0.000825,0.0007000000000000001,0.0005,0.0008,0.0006249999999999999,0.00055,0.000625,0.0008333333333333334,0.00065,0.0007,0.000675,0.0006333333333333333,0.0009,0.0006,0.000525,0.0007333333333333332,0.0005,0.0005,0.000375,0.002,0.002,0.0015,0.0018,0.0029
Vizag,WH,,0.00025,0.00035,0.0005,0.00045,0.00055,0.0005,0.00039999999999999996,0.00025,0.00025,0.00065,0.00039999999999999996,0.0005499999999999999,0.00045000000000000004,0.0005,0.00065,0.0006000000000000001,0.00055,0.00065,0.00055,0.0005,0.0006000000000000001,0.00045,0.00025,0.0012,0.0032,0.0014,0.0014,0.0021
Vizianagaram,CX,,0.0036,,,,0.0014,0.0012,0.001,0.0019,0.0018,0.0009,0.0078,0.001,0.001,0.0045,0.0052,0.005,0.0009,0.0015,0.0049,,0.0015,0.0027,,,0.0017,0.0032,0.0026,0.0024
Vizianagaram,Pod,,0.0049,0.0033,0.005050000000000001,0.0028,0.0057,0.0108,0.001,0.0067,0.0018,0.003,0.00195,,0.0072,0.0036,0.00395,0.006999999999999999,0.0015000000000000002,0.0022,0.00415,0.0066,0.0036,0.0047,0.0026,0.0025,0.0046,0.0037,0.0036,0.0044
Vizianagaram,Sourcing,0.008,0.0012,0.0011,0.0013,,,0.0012,0.0029,0.0039,0.0009,0.0009,0.002,,,0.0009,0.0017,0.001,0.0018,0.0007,0.00105,0.0007,0.0015,,0.0007,,0.0017,0.0005,0.0021,0.0015
Vizianagaram,WH,,,,,,,0.0012,,0.001,,0.0017,0.002,,,,0.0013,0.001,0.0009,0.0007,0.0007,0.0007,0.0007,0.0007,0.0007,0.0013,,0.0032,0.0021,0.0034
Warangal,CX,0.003,0.0024,0.0028,0.0053,0.0039,0.0049,0.004,0.0049,0.0048,0.0042,0.0045,0.0057,0.004,0.0032,0.0038,0.003,0.0034,0.0032,0.0017,0.0025,0.002,0.0033,0.0027,0.0027,0.0037,0.0033,0.0042,0.0046,0.004
Warangal,Pod,0.0063999999999999994,0.002425,0.0022749999999999997,0.0025,0.0028499999999999997,0.0036333333333333335,0.002275,0.0021500000000000004,0.0032999999999999995,0.0020250000000000003,0.002075,0.0025999999999999994,0.002775,0.002125,0.003025,0.002825,0.003966666666666666,0.0034000000000000002,0.0027000000000000006,0.0021,0.0025,0.0028333333333333335,0.0016333333333333332,0.0020666666666666667,0.0062,0.0063,0.0064,0.0049,0.0102
Warangal,Sourcing,0.0019,0.0007666666666666667,0.0008,0.0008333333333333332,0.0006,0.0007250000000000001,0.0010333333333333334,0.001225,0.0014666666666666665,0.00135,0.0014666666666666665,0.0013333333333333333,0.0011749999999999998,0.0008999999999999999,0.0006666666666666666,0.0006666666666666666,0.00145,0.0008,0.0004666666666666667,0.001,0.0007,0.00030000000000000003,0.00036666666666666667,0.0005666666666666667,0.0014,0.0015,0.0014,0.0014,0.0019
Warangal,WH,,0.0006000000000000001,0.00039999999999999996,0.00055,0.00039999999999999996,0.0009,0.00085,0.0005499999999999999,0.00065,0.00045,0.00075,0.00065,0.0009500000000000001,0.0007999999999999999,0.00035,0.0010999999999999998,0.0010999999999999998,0.0007,0.00045000000000000004,0.00039999999999999996,0.0005,0.0009,0.0006,0.0005499999999999999,0.0018,0.0019,0.0015,0.0014,0.0029